{"type": "FeatureCollection", "properties": {"name": "Zwalmbeek", "city": "Ghent", "source": "OpenStreetMap (ODbL)", "gaps_bridged": 0, "fragments_dropped": 0, "candidates": "synthetic, 1 per ~130 m unless set", "fetched": "2026-09-25"}, "features": [{"type": "Feature", "geometry": {"type": "LineString", "coordinates": [[3.777101, 50.8119478], [3.7772928, 50.8120403]]}, "properties": {"role": "edge", "from": "3819445265", "to": "1293674225", "length": 16.95, "culvert": true, "unmapped": false}}, {"type": "Feature", "geometry": {"type": "LineString", "coordinates": [[3.7772928, 50.8120403], [3.7775823, 50.8121364]]}, "properties": {"role": "edge", "from": "1293674225", "to": "3819445266", "length": 22.98, "culvert": true, "unmapped": false}}, {"type": "Feature", "geometry": {"type": "LineString", "coordinates": [[3.7775823, 50.8121364], [3.7776988, 50.8121751]]}, "properties": {"role": "edge", "from": "3819445266", "to": "1989697459", "length": 9.25, "culvert": false, "unmapped": false}}, {"type": "Feature", "geometry": {"type": "LineString", "coordinates": [[3.7623467, 50.8687011], [3.7622126, 50.8687601]]}, "properties": {"role": "edge", "from": "1442439176", "to": "651509011", "length": 11.47, "culvert": false, "unmapped": false}}, {"type": "Feature", "geometry": {"type": "LineString", "coordinates": [[3.7622126, 50.8687601], [3.7619138, 50.8689541]]}, "properties": {"role": "edge", "from": "651509011", "to": "1442439245", "length": 30.08, "culvert": false, "unmapped": false}}, {"type": "Feature", "geometry": {"type": "LineString", "coordinates": [[3.7619138, 50.8689541], [3.7617475, 50.8690658]]}, "properties": {"role": "edge", "from": "1442439245", "to": "1442439246", "length": 17.04, "culvert": false, "unmapped": false}}, {"type": "Feature", "geometry": {"type": "LineString", "coordinates": [[3.7617475, 50.8690658], [3.7615704, 50.8692097]]}, "properties": {"role": "edge", "from": "1442439246", "to": "1442439361", "length": 20.26, "culvert": false, "unmapped": false}}, {"type": "Feature", "geometry": {"type": "LineString", "coordinates": [[3.7615704, 50.8692097], [3.7613531, 50.8693848]]}, "properties": {"role": "edge", "from": "1442439361", "to": "1442439378", "length": 24.73, "culvert": false, "unmapped": false}}, {"type": "Feature", "geometry": {"type": "LineString", "coordinates": [[3.7613531, 50.8693848], [3.7611442, 50.8695196]]}, "properties": {"role": "edge", "from": "1442439378", "to": "1442439201", "length": 20.97, "culvert": false, "unmapped": false}}, {"type": "Feature", "geometry": {"type": "LineString", "coordinates": [[3.7611442, 50.8695196], [3.7609026, 50.8696819]]}, "properties": {"role": "edge", "from": "1442439201", "to": "651509012", "length": 24.76, "culvert": false, "unmapped": false}}, {"type": "Feature", "geometry": {"type": "LineString", "coordinates": [[3.7609026, 50.8696819], [3.7607475, 50.8698076]]}, "properties": {"role": "edge", "from": "651509012", "to": "1442439244", "length": 17.72, "culvert": false, "unmapped": false}}, {"type": "Feature", "geometry": {"type": "LineString", "coordinates": [[3.7607475, 50.8698076], [3.7606733, 50.8698768]]}, "properties": {"role": "edge", "from": "1442439244", "to": "651509013", "length": 9.29, "culvert": false, "unmapped": false}}, {"type": "Feature", "geometry": {"type": "LineString", "coordinates": [[3.7606733, 50.8698768], [3.7605483, 50.8699465]]}, "properties": {"role": "edge", "from": "651509013", "to": "3895916782", "length": 11.71, "culvert": false, "unmapped": false}}, {"type": "Feature", "geometry": {"type": "LineString", "coordinates": [[3.7605483, 50.8699465], [3.7604493, 50.8699814]]}, "properties": {"role": "edge", "from": "3895916782", "to": "651509014", "length": 7.96, "culvert": false, "unmapped": false}}, {"type": "Feature", "geometry": {"type": "LineString", "coordinates": [[3.7604493, 50.8699814], [3.7602067, 50.8700014]]}, "properties": {"role": "edge", "from": "651509014", "to": "1442439241", "length": 17.17, "culvert": false, "unmapped": false}}, {"type": "Feature", "geometry": {"type": "LineString", "coordinates": [[3.7602067, 50.8700014], [3.7599801, 50.869993]]}, "properties": {"role": "edge", "from": "1442439241", "to": "1442439249", "length": 15.93, "culvert": false, "unmapped": false}}, {"type": "Feature", "geometry": {"type": "LineString", "coordinates": [[3.7599801, 50.869993], [3.7596546, 50.8700583]]}, "properties": {"role": "edge", "from": "1442439249", "to": "651509015", "length": 23.97, "culvert": false, "unmapped": false}}, {"type": "Feature", "geometry": {"type": "LineString", "coordinates": [[3.7596546, 50.8700583], [3.7593971, 50.8701422]]}, "properties": {"role": "edge", "from": "651509015", "to": "3895916783", "length": 20.34, "culvert": false, "unmapped": false}}, {"type": "Feature", "geometry": {"type": "LineString", "coordinates": [[3.7593971, 50.8701422], [3.7592315, 50.8702202]]}, "properties": {"role": "edge", "from": "3895916783", "to": "1442439122", "length": 14.5, "culvert": false, "unmapped": false}}, {"type": "Feature", "geometry": {"type": "LineString", "coordinates": [[3.7592315, 50.8702202], [3.7590629, 50.8703012]]}, "properties": {"role": "edge", "from": "1442439122", "to": "2000124224", "length": 14.87, "culvert": false, "unmapped": false}}, {"type": "Feature", "geometry": {"type": "LineString", "coordinates": [[3.7590629, 50.8703012], [3.7589332, 50.8703813]]}, "properties": {"role": "edge", "from": "2000124224", "to": "651509016", "length": 12.73, "culvert": false, "unmapped": false}}, {"type": "Feature", "geometry": {"type": "LineString", "coordinates": [[3.7589332, 50.8703813], [3.7587112, 50.8705943]]}, "properties": {"role": "edge", "from": "651509016", "to": "651509017", "length": 28.35, "culvert": false, "unmapped": false}}, {"type": "Feature", "geometry": {"type": "LineString", "coordinates": [[3.7587112, 50.8705943], [3.7585476, 50.8706959]]}, "properties": {"role": "edge", "from": "651509017", "to": "651509018", "length": 16.11, "culvert": false, "unmapped": false}}, {"type": "Feature", "geometry": {"type": "LineString", "coordinates": [[3.7585476, 50.8706959], [3.7583392, 50.8708157]]}, "properties": {"role": "edge", "from": "651509018", "to": "3895916784", "length": 19.78, "culvert": false, "unmapped": false}}, {"type": "Feature", "geometry": {"type": "LineString", "coordinates": [[3.7583392, 50.8708157], [3.7581292, 50.8709125]]}, "properties": {"role": "edge", "from": "3895916784", "to": "1442439172", "length": 18.25, "culvert": false, "unmapped": false}}, {"type": "Feature", "geometry": {"type": "LineString", "coordinates": [[3.7581292, 50.8709125], [3.7579705, 50.870985]]}, "properties": {"role": "edge", "from": "1442439172", "to": "1442439110", "length": 13.75, "culvert": false, "unmapped": false}}, {"type": "Feature", "geometry": {"type": "LineString", "coordinates": [[3.7579705, 50.870985], [3.757865, 50.871081]]}, "properties": {"role": "edge", "from": "1442439110", "to": "1442439150", "length": 12.99, "culvert": false, "unmapped": false}}, {"type": "Feature", "geometry": {"type": "LineString", "coordinates": [[3.757865, 50.871081], [3.7577178, 50.8711991]]}, "properties": {"role": "edge", "from": "1442439150", "to": "1442439401", "length": 16.71, "culvert": false, "unmapped": false}}, {"type": "Feature", "geometry": {"type": "LineString", "coordinates": [[3.7577178, 50.8711991], [3.7575525, 50.871307]]}, "properties": {"role": "edge", "from": "1442439401", "to": "651509019", "length": 16.69, "culvert": false, "unmapped": false}}, {"type": "Feature", "geometry": {"type": "LineString", "coordinates": [[3.7575525, 50.871307], [3.7572067, 50.871553]]}, "properties": {"role": "edge", "from": "651509019", "to": "1442439180", "length": 36.57, "culvert": false, "unmapped": false}}, {"type": "Feature", "geometry": {"type": "LineString", "coordinates": [[3.7572067, 50.871553], [3.7570348, 50.8717165]]}, "properties": {"role": "edge", "from": "1442439180", "to": "651509020", "length": 21.82, "culvert": false, "unmapped": false}}, {"type": "Feature", "geometry": {"type": "LineString", "coordinates": [[3.7570348, 50.8717165], [3.7568712, 50.8719349]]}, "properties": {"role": "edge", "from": "651509020", "to": "1442439316", "length": 26.86, "culvert": false, "unmapped": false}}, {"type": "Feature", "geometry": {"type": "LineString", "coordinates": [[3.7568712, 50.8719349], [3.7567559, 50.8720754]]}, "properties": {"role": "edge", "from": "1442439316", "to": "1442439221", "length": 17.59, "culvert": false, "unmapped": false}}, {"type": "Feature", "geometry": {"type": "LineString", "coordinates": [[3.7567559, 50.8720754], [3.7566285, 50.8722167]]}, "properties": {"role": "edge", "from": "1442439221", "to": "651509021", "length": 18.08, "culvert": false, "unmapped": false}}, {"type": "Feature", "geometry": {"type": "LineString", "coordinates": [[3.7566285, 50.8722167], [3.7565034, 50.8723364]]}, "properties": {"role": "edge", "from": "651509021", "to": "1442439360", "length": 15.94, "culvert": false, "unmapped": false}}, {"type": "Feature", "geometry": {"type": "LineString", "coordinates": [[3.7565034, 50.8723364], [3.7564756, 50.8723549]]}, "properties": {"role": "edge", "from": "1442439360", "to": "4654609070", "length": 2.83, "culvert": false, "unmapped": false}}, {"type": "Feature", "geometry": {"type": "LineString", "coordinates": [[3.7564756, 50.8723549], [3.7561708, 50.8725569]]}, "properties": {"role": "edge", "from": "4654609070", "to": "651509022", "length": 31.02, "culvert": false, "unmapped": false}}, {"type": "Feature", "geometry": {"type": "LineString", "coordinates": [[3.7561708, 50.8725569], [3.7560109, 50.8726725]]}, "properties": {"role": "edge", "from": "651509022", "to": "3895916785", "length": 17.06, "culvert": false, "unmapped": false}}, {"type": "Feature", "geometry": {"type": "LineString", "coordinates": [[3.7560109, 50.8726725], [3.7559108, 50.8727515]]}, "properties": {"role": "edge", "from": "3895916785", "to": "651509023", "length": 11.25, "culvert": false, "unmapped": false}}, {"type": "Feature", "geometry": {"type": "LineString", "coordinates": [[3.7559108, 50.8727515], [3.7558618, 50.8728798]]}, "properties": {"role": "edge", "from": "651509023", "to": "1442439103", "length": 14.67, "culvert": false, "unmapped": false}}, {"type": "Feature", "geometry": {"type": "LineString", "coordinates": [[3.7558618, 50.8728798], [3.7557711, 50.8729179]]}, "properties": {"role": "edge", "from": "1442439103", "to": "1442439261", "length": 7.65, "culvert": false, "unmapped": false}}, {"type": "Feature", "geometry": {"type": "LineString", "coordinates": [[3.7557711, 50.8729179], [3.7556879, 50.8729247]]}, "properties": {"role": "edge", "from": "1442439261", "to": "1442439386", "length": 5.89, "culvert": false, "unmapped": false}}, {"type": "Feature", "geometry": {"type": "LineString", "coordinates": [[3.7556879, 50.8729247], [3.7555244, 50.8729478]]}, "properties": {"role": "edge", "from": "1442439386", "to": "1442439240", "length": 11.76, "culvert": false, "unmapped": false}}, {"type": "Feature", "geometry": {"type": "LineString", "coordinates": [[3.7555244, 50.8729478], [3.7553821, 50.8729966]]}, "properties": {"role": "edge", "from": "1442439240", "to": "1442439338", "length": 11.36, "culvert": false, "unmapped": false}}, {"type": "Feature", "geometry": {"type": "LineString", "coordinates": [[3.7553821, 50.8729966], [3.7553018, 50.873047]]}, "properties": {"role": "edge", "from": "1442439338", "to": "1442439413", "length": 7.95, "culvert": false, "unmapped": false}}, {"type": "Feature", "geometry": {"type": "LineString", "coordinates": [[3.7553018, 50.873047], [3.7552108, 50.8731459]]}, "properties": {"role": "edge", "from": "1442439413", "to": "651509024", "length": 12.72, "culvert": false, "unmapped": false}}, {"type": "Feature", "geometry": {"type": "LineString", "coordinates": [[3.7552108, 50.8731459], [3.7548518, 50.8734351]]}, "properties": {"role": "edge", "from": "651509024", "to": "1442439095", "length": 40.85, "culvert": false, "unmapped": false}}, {"type": "Feature", "geometry": {"type": "LineString", "coordinates": [[3.7548518, 50.8734351], [3.7545738, 50.8736019]]}, "properties": {"role": "edge", "from": "1442439095", "to": "651509025", "length": 26.92, "culvert": false, "unmapped": false}}, {"type": "Feature", "geometry": {"type": "LineString", "coordinates": [[3.7545738, 50.8736019], [3.7542596, 50.8738054]]}, "properties": {"role": "edge", "from": "651509025", "to": "1442439242", "length": 31.59, "culvert": false, "unmapped": false}}, {"type": "Feature", "geometry": {"type": "LineString", "coordinates": [[3.7542596, 50.8738054], [3.7540234, 50.8739639]]}, "properties": {"role": "edge", "from": "1442439242", "to": "1442439183", "length": 24.19, "culvert": false, "unmapped": false}}, {"type": "Feature", "geometry": {"type": "LineString", "coordinates": [[3.7540234, 50.8739639], [3.7535937, 50.8742535]]}, "properties": {"role": "edge", "from": "1442439183", "to": "651509026", "length": 44.11, "culvert": false, "unmapped": false}}, {"type": "Feature", "geometry": {"type": "LineString", "coordinates": [[3.7535937, 50.8742535], [3.7534057, 50.8743361]]}, "properties": {"role": "edge", "from": "651509026", "to": "1442439230", "length": 16.07, "culvert": false, "unmapped": false}}, {"type": "Feature", "geometry": {"type": "LineString", "coordinates": [[3.7534057, 50.8743361], [3.7530503, 50.8744474]]}, "properties": {"role": "edge", "from": "1442439230", "to": "1442439243", "length": 27.84, "culvert": false, "unmapped": false}}, {"type": "Feature", "geometry": {"type": "LineString", "coordinates": [[3.7530503, 50.8744474], [3.7526977, 50.8745527]]}, "properties": {"role": "edge", "from": "1442439243", "to": "3895916786", "length": 27.37, "culvert": false, "unmapped": false}}, {"type": "Feature", "geometry": {"type": "LineString", "coordinates": [[3.7526977, 50.8745527], [3.7523927, 50.874666]]}, "properties": {"role": "edge", "from": "3895916786", "to": "1442439108", "length": 24.83, "culvert": false, "unmapped": false}}, {"type": "Feature", "geometry": {"type": "LineString", "coordinates": [[3.7523927, 50.874666], [3.7519493, 50.8748901]]}, "properties": {"role": "edge", "from": "1442439108", "to": "651509027", "length": 39.86, "culvert": false, "unmapped": false}}, {"type": "Feature", "geometry": {"type": "LineString", "coordinates": [[3.7519493, 50.8748901], [3.7517423, 50.8749721]]}, "properties": {"role": "edge", "from": "651509027", "to": "1442439145", "length": 17.15, "culvert": false, "unmapped": false}}, {"type": "Feature", "geometry": {"type": "LineString", "coordinates": [[3.7517423, 50.8749721], [3.7515813, 50.8750098]]}, "properties": {"role": "edge", "from": "1442439145", "to": "1442439116", "length": 12.05, "culvert": false, "unmapped": false}}, {"type": "Feature", "geometry": {"type": "LineString", "coordinates": [[3.7515813, 50.8750098], [3.7513725, 50.8750406]]}, "properties": {"role": "edge", "from": "1442439116", "to": "1442439363", "length": 15.05, "culvert": false, "unmapped": false}}, {"type": "Feature", "geometry": {"type": "LineString", "coordinates": [[3.7513725, 50.8750406], [3.7511635, 50.8750898]]}, "properties": {"role": "edge", "from": "1442439363", "to": "1442439153", "length": 15.65, "culvert": false, "unmapped": false}}, {"type": "Feature", "geometry": {"type": "LineString", "coordinates": [[3.7511635, 50.8750898], [3.7509834, 50.8751352]]}, "properties": {"role": "edge", "from": "1442439153", "to": "1442439101", "length": 13.61, "culvert": false, "unmapped": false}}, {"type": "Feature", "geometry": {"type": "LineString", "coordinates": [[3.7509834, 50.8751352], [3.7508657, 50.8751677]]}, "properties": {"role": "edge", "from": "1442439101", "to": "1442439405", "length": 9.01, "culvert": false, "unmapped": false}}, {"type": "Feature", "geometry": {"type": "LineString", "coordinates": [[3.7508657, 50.8751677], [3.7506464, 50.8752455]]}, "properties": {"role": "edge", "from": "1442439405", "to": "1442439342", "length": 17.65, "culvert": false, "unmapped": false}}, {"type": "Feature", "geometry": {"type": "LineString", "coordinates": [[3.7506464, 50.8752455], [3.7504439, 50.8753326]]}, "properties": {"role": "edge", "from": "1442439342", "to": "651509028", "length": 17.2, "culvert": false, "unmapped": false}}, {"type": "Feature", "geometry": {"type": "LineString", "coordinates": [[3.7504439, 50.8753326], [3.7502138, 50.8754326]]}, "properties": {"role": "edge", "from": "651509028", "to": "1442439228", "length": 19.6, "culvert": false, "unmapped": false}}, {"type": "Feature", "geometry": {"type": "LineString", "coordinates": [[3.7502138, 50.8754326], [3.7500578, 50.8754951]]}, "properties": {"role": "edge", "from": "1442439228", "to": "651509029", "length": 12.97, "culvert": false, "unmapped": false}}, {"type": "Feature", "geometry": {"type": "LineString", "coordinates": [[3.7500578, 50.8754951], [3.749884, 50.8755119]]}, "properties": {"role": "edge", "from": "651509029", "to": "1442439265", "length": 12.34, "culvert": false, "unmapped": false}}, {"type": "Feature", "geometry": {"type": "LineString", "coordinates": [[3.749884, 50.8755119], [3.749761, 50.8754957]]}, "properties": {"role": "edge", "from": "1442439265", "to": "1442439229", "length": 8.82, "culvert": false, "unmapped": false}}, {"type": "Feature", "geometry": {"type": "LineString", "coordinates": [[3.749761, 50.8754957], [3.7496422, 50.8754466]]}, "properties": {"role": "edge", "from": "1442439229", "to": "1442439200", "length": 9.96, "culvert": false, "unmapped": false}}, {"type": "Feature", "geometry": {"type": "LineString", "coordinates": [[3.7496422, 50.8754466], [3.7495457, 50.8753924]]}, "properties": {"role": "edge", "from": "1442439200", "to": "1442439340", "length": 9.06, "culvert": false, "unmapped": false}}, {"type": "Feature", "geometry": {"type": "LineString", "coordinates": [[3.7495457, 50.8753924], [3.7494548, 50.8752745]]}, "properties": {"role": "edge", "from": "1442439340", "to": "1442439403", "length": 14.58, "culvert": false, "unmapped": false}}, {"type": "Feature", "geometry": {"type": "LineString", "coordinates": [[3.7494548, 50.8752745], [3.7494045, 50.8752574]]}, "properties": {"role": "edge", "from": "1442439403", "to": "1442432391", "length": 4.01, "culvert": false, "unmapped": false}}, {"type": "Feature", "geometry": {"type": "LineString", "coordinates": [[3.7494045, 50.8752574], [3.7493175, 50.8752862]]}, "properties": {"role": "edge", "from": "1442432391", "to": "1442432205", "length": 6.89, "culvert": false, "unmapped": false}}, {"type": "Feature", "geometry": {"type": "LineString", "coordinates": [[3.7493175, 50.8752862], [3.7492262, 50.8753102]]}, "properties": {"role": "edge", "from": "1442432205", "to": "1442432225", "length": 6.94, "culvert": false, "unmapped": false}}, {"type": "Feature", "geometry": {"type": "LineString", "coordinates": [[3.7492262, 50.8753102], [3.7491658, 50.875376]]}, "properties": {"role": "edge", "from": "1442432225", "to": "3895650276", "length": 8.46, "culvert": false, "unmapped": false}}, {"type": "Feature", "geometry": {"type": "LineString", "coordinates": [[3.7491658, 50.875376], [3.7491485, 50.8754881]]}, "properties": {"role": "edge", "from": "3895650276", "to": "1442431741", "length": 12.52, "culvert": false, "unmapped": false}}, {"type": "Feature", "geometry": {"type": "LineString", "coordinates": [[3.7491485, 50.8754881], [3.7491141, 50.8756186]]}, "properties": {"role": "edge", "from": "1442431741", "to": "1442431568", "length": 14.71, "culvert": false, "unmapped": false}}, {"type": "Feature", "geometry": {"type": "LineString", "coordinates": [[3.7491141, 50.8756186], [3.7490151, 50.8758057]]}, "properties": {"role": "edge", "from": "1442431568", "to": "1442432442", "length": 21.93, "culvert": false, "unmapped": false}}, {"type": "Feature", "geometry": {"type": "LineString", "coordinates": [[3.7490151, 50.8758057], [3.7488984, 50.8759222]]}, "properties": {"role": "edge", "from": "1442432442", "to": "1442431893", "length": 15.33, "culvert": false, "unmapped": false}}, {"type": "Feature", "geometry": {"type": "LineString", "coordinates": [[3.7488984, 50.8759222], [3.7486598, 50.8760727]]}, "properties": {"role": "edge", "from": "1442431893", "to": "1442431846", "length": 23.67, "culvert": false, "unmapped": false}}, {"type": "Feature", "geometry": {"type": "LineString", "coordinates": [[3.7486598, 50.8760727], [3.7483568, 50.8762282]]}, "properties": {"role": "edge", "from": "1442431846", "to": "1442432453", "length": 27.4, "culvert": false, "unmapped": false}}, {"type": "Feature", "geometry": {"type": "LineString", "coordinates": [[3.7483568, 50.8762282], [3.7480835, 50.8763488]]}, "properties": {"role": "edge", "from": "1442432453", "to": "1442432362", "length": 23.4, "culvert": false, "unmapped": false}}, {"type": "Feature", "geometry": {"type": "LineString", "coordinates": [[3.7480835, 50.8763488], [3.7478635, 50.8764292]]}, "properties": {"role": "edge", "from": "1442432362", "to": "1442432329", "length": 17.84, "culvert": false, "unmapped": false}}, {"type": "Feature", "geometry": {"type": "LineString", "coordinates": [[3.7478635, 50.8764292], [3.7476787, 50.8764957]]}, "properties": {"role": "edge", "from": "1442432329", "to": "1442431493", "length": 14.93, "culvert": false, "unmapped": false}}, {"type": "Feature", "geometry": {"type": "LineString", "coordinates": [[3.7476787, 50.8764957], [3.7474757, 50.8766023]]}, "properties": {"role": "edge", "from": "1442431493", "to": "1442432422", "length": 18.53, "culvert": false, "unmapped": false}}, {"type": "Feature", "geometry": {"type": "LineString", "coordinates": [[3.7474757, 50.8766023], [3.7472429, 50.8767101]]}, "properties": {"role": "edge", "from": "1442432422", "to": "1442431520", "length": 20.26, "culvert": false, "unmapped": false}}, {"type": "Feature", "geometry": {"type": "LineString", "coordinates": [[3.7472429, 50.8767101], [3.7470871, 50.8767938]]}, "properties": {"role": "edge", "from": "1442431520", "to": "1442431550", "length": 14.36, "culvert": false, "unmapped": false}}, {"type": "Feature", "geometry": {"type": "LineString", "coordinates": [[3.7470871, 50.8767938], [3.746869, 50.8769256]]}, "properties": {"role": "edge", "from": "1442431550", "to": "1442432168", "length": 21.19, "culvert": false, "unmapped": false}}, {"type": "Feature", "geometry": {"type": "LineString", "coordinates": [[3.746869, 50.8769256], [3.7464717, 50.8771661]]}, "properties": {"role": "edge", "from": "1442432168", "to": "1442432358", "length": 38.63, "culvert": false, "unmapped": false}}, {"type": "Feature", "geometry": {"type": "LineString", "coordinates": [[3.7464717, 50.8771661], [3.7462244, 50.8773244]]}, "properties": {"role": "edge", "from": "1442432358", "to": "1442431668", "length": 24.72, "culvert": false, "unmapped": false}}, {"type": "Feature", "geometry": {"type": "LineString", "coordinates": [[3.7462244, 50.8773244], [3.7459991, 50.8774429]]}, "properties": {"role": "edge", "from": "1442431668", "to": "1442431457", "length": 20.58, "culvert": false, "unmapped": false}}, {"type": "Feature", "geometry": {"type": "LineString", "coordinates": [[3.7459991, 50.8774429], [3.7457154, 50.8775825]]}, "properties": {"role": "edge", "from": "1442431457", "to": "1442431501", "length": 25.24, "culvert": false, "unmapped": false}}, {"type": "Feature", "geometry": {"type": "LineString", "coordinates": [[3.7457154, 50.8775825], [3.745441, 50.877713]]}, "properties": {"role": "edge", "from": "1442431501", "to": "1442432321", "length": 24.11, "culvert": false, "unmapped": false}}, {"type": "Feature", "geometry": {"type": "LineString", "coordinates": [[3.745441, 50.877713], [3.7450938, 50.8778887]]}, "properties": {"role": "edge", "from": "1442432321", "to": "1442431394", "length": 31.23, "culvert": false, "unmapped": false}}, {"type": "Feature", "geometry": {"type": "LineString", "coordinates": [[3.7450938, 50.8778887], [3.7446407, 50.8781234]]}, "properties": {"role": "edge", "from": "1442431394", "to": "1442432198", "length": 41.13, "culvert": false, "unmapped": false}}, {"type": "Feature", "geometry": {"type": "LineString", "coordinates": [[3.7446407, 50.8781234], [3.7444997, 50.8782006]]}, "properties": {"role": "edge", "from": "1442432198", "to": "2597397049", "length": 13.1, "culvert": false, "unmapped": false}}, {"type": "Feature", "geometry": {"type": "LineString", "coordinates": [[3.7444997, 50.8782006], [3.7442565, 50.8783353]]}, "properties": {"role": "edge", "from": "2597397049", "to": "1442432221", "length": 22.7, "culvert": false, "unmapped": false}}, {"type": "Feature", "geometry": {"type": "LineString", "coordinates": [[3.7442565, 50.8783353], [3.7440689, 50.8784311]]}, "properties": {"role": "edge", "from": "1442432221", "to": "1442432451", "length": 16.93, "culvert": false, "unmapped": false}}, {"type": "Feature", "geometry": {"type": "LineString", "coordinates": [[3.7440689, 50.8784311], [3.7438264, 50.8785553]]}, "properties": {"role": "edge", "from": "1442432451", "to": "1442432452", "length": 21.91, "culvert": false, "unmapped": false}}, {"type": "Feature", "geometry": {"type": "LineString", "coordinates": [[3.7438264, 50.8785553], [3.7434831, 50.8787104]]}, "properties": {"role": "edge", "from": "1442432452", "to": "1442432423", "length": 29.62, "culvert": false, "unmapped": false}}, {"type": "Feature", "geometry": {"type": "LineString", "coordinates": [[3.7434831, 50.8787104], [3.743239, 50.878823]]}, "properties": {"role": "edge", "from": "1442432423", "to": "1442432397", "length": 21.21, "culvert": false, "unmapped": false}}, {"type": "Feature", "geometry": {"type": "LineString", "coordinates": [[3.743239, 50.878823], [3.7429038, 50.8789364]]}, "properties": {"role": "edge", "from": "1442432397", "to": "1442431367", "length": 26.68, "culvert": false, "unmapped": false}}, {"type": "Feature", "geometry": {"type": "LineString", "coordinates": [[3.7429038, 50.8789364], [3.7425618, 50.8790328]]}, "properties": {"role": "edge", "from": "1442431367", "to": "1442432276", "length": 26.28, "culvert": false, "unmapped": false}}, {"type": "Feature", "geometry": {"type": "LineString", "coordinates": [[3.7425618, 50.8790328], [3.7424076, 50.8790731]]}, "properties": {"role": "edge", "from": "1442432276", "to": "1442432243", "length": 11.71, "culvert": false, "unmapped": false}}, {"type": "Feature", "geometry": {"type": "LineString", "coordinates": [[3.7424076, 50.8790731], [3.7421091, 50.8791399]]}, "properties": {"role": "edge", "from": "1442432243", "to": "1442431360", "length": 22.22, "culvert": false, "unmapped": false}}, {"type": "Feature", "geometry": {"type": "LineString", "coordinates": [[3.7421091, 50.8791399], [3.7419985, 50.8790866]]}, "properties": {"role": "edge", "from": "1442431360", "to": "1442431642", "length": 9.76, "culvert": false, "unmapped": false}}, {"type": "Feature", "geometry": {"type": "LineString", "coordinates": [[3.7419985, 50.8790866], [3.7418319, 50.8790176]]}, "properties": {"role": "edge", "from": "1442431642", "to": "1442432007", "length": 13.98, "culvert": false, "unmapped": false}}, {"type": "Feature", "geometry": {"type": "LineString", "coordinates": [[3.7418319, 50.8790176], [3.7416712, 50.8789767]]}, "properties": {"role": "edge", "from": "1442432007", "to": "1442432132", "length": 12.16, "culvert": false, "unmapped": false}}, {"type": "Feature", "geometry": {"type": "LineString", "coordinates": [[3.7416712, 50.8789767], [3.7415292, 50.8789639]]}, "properties": {"role": "edge", "from": "1442432132", "to": "4942160470", "length": 10.06, "culvert": false, "unmapped": false}}, {"type": "Feature", "geometry": {"type": "LineString", "coordinates": [[3.7415292, 50.8789639], [3.7412105, 50.8790679]]}, "properties": {"role": "edge", "from": "4942160470", "to": "4942160471", "length": 25.17, "culvert": false, "unmapped": false}}, {"type": "Feature", "geometry": {"type": "LineString", "coordinates": [[3.7412105, 50.8790679], [3.7409474, 50.8791705]]}, "properties": {"role": "edge", "from": "4942160471", "to": "1442431594", "length": 21.7, "culvert": false, "unmapped": false}}, {"type": "Feature", "geometry": {"type": "LineString", "coordinates": [[3.7409474, 50.8791705], [3.7407477, 50.879249]]}, "properties": {"role": "edge", "from": "1442431594", "to": "1442431514", "length": 16.51, "culvert": false, "unmapped": false}}, {"type": "Feature", "geometry": {"type": "LineString", "coordinates": [[3.7407477, 50.879249], [3.7405947, 50.879283]]}, "properties": {"role": "edge", "from": "1442431514", "to": "4942160472", "length": 11.38, "culvert": false, "unmapped": false}}, {"type": "Feature", "geometry": {"type": "LineString", "coordinates": [[3.7405947, 50.879283], [3.7405492, 50.8793768]]}, "properties": {"role": "edge", "from": "4942160472", "to": "4942160469", "length": 10.91, "culvert": false, "unmapped": false}}, {"type": "Feature", "geometry": {"type": "LineString", "coordinates": [[3.7405492, 50.8793768], [3.7405204, 50.879436]]}, "properties": {"role": "edge", "from": "4942160469", "to": "1442432395", "length": 6.89, "culvert": false, "unmapped": false}}, {"type": "Feature", "geometry": {"type": "LineString", "coordinates": [[3.7405204, 50.879436], [3.7404975, 50.8794422]]}, "properties": {"role": "edge", "from": "1442432395", "to": "8145646310", "length": 1.75, "culvert": false, "unmapped": false}}, {"type": "Feature", "geometry": {"type": "LineString", "coordinates": [[3.7404975, 50.8794422], [3.7404576, 50.879453]]}, "properties": {"role": "edge", "from": "8145646310", "to": "8145655042", "length": 3.05, "culvert": false, "unmapped": false}}, {"type": "Feature", "geometry": {"type": "LineString", "coordinates": [[3.7404576, 50.879453], [3.7404108, 50.8794657]]}, "properties": {"role": "edge", "from": "8145655042", "to": "1442431503", "length": 3.57, "culvert": false, "unmapped": false}}, {"type": "Feature", "geometry": {"type": "LineString", "coordinates": [[3.7404108, 50.8794657], [3.740072, 50.8794678]]}, "properties": {"role": "edge", "from": "1442431503", "to": "1442432215", "length": 23.77, "culvert": false, "unmapped": false}}, {"type": "Feature", "geometry": {"type": "LineString", "coordinates": [[3.740072, 50.8794678], [3.7399003, 50.8794407]]}, "properties": {"role": "edge", "from": "1442432215", "to": "1442431336", "length": 12.42, "culvert": false, "unmapped": false}}, {"type": "Feature", "geometry": {"type": "LineString", "coordinates": [[3.7399003, 50.8794407], [3.7397716, 50.8794475]]}, "properties": {"role": "edge", "from": "1442431336", "to": "1442431418", "length": 9.06, "culvert": false, "unmapped": false}}, {"type": "Feature", "geometry": {"type": "LineString", "coordinates": [[3.7397716, 50.8794475], [3.7395105, 50.8795586]]}, "properties": {"role": "edge", "from": "1442431418", "to": "1442432403", "length": 22.09, "culvert": false, "unmapped": false}}, {"type": "Feature", "geometry": {"type": "LineString", "coordinates": [[3.7395105, 50.8795586], [3.7393102, 50.8796201]]}, "properties": {"role": "edge", "from": "1442432403", "to": "1442432070", "length": 15.63, "culvert": false, "unmapped": false}}, {"type": "Feature", "geometry": {"type": "LineString", "coordinates": [[3.7393102, 50.8796201], [3.7391022, 50.8796823]]}, "properties": {"role": "edge", "from": "1442432070", "to": "1442432419", "length": 16.15, "culvert": false, "unmapped": false}}, {"type": "Feature", "geometry": {"type": "LineString", "coordinates": [[3.7391022, 50.8796823], [3.7389091, 50.8797263]]}, "properties": {"role": "edge", "from": "1442432419", "to": "1442432404", "length": 14.4, "culvert": false, "unmapped": false}}, {"type": "Feature", "geometry": {"type": "LineString", "coordinates": [[3.7389091, 50.8797263], [3.7388296, 50.8797233]]}, "properties": {"role": "edge", "from": "1442432404", "to": "2070106807", "length": 5.59, "culvert": false, "unmapped": false}}, {"type": "Feature", "geometry": {"type": "LineString", "coordinates": [[3.7388296, 50.8797233], [3.7387789, 50.8797123]]}, "properties": {"role": "edge", "from": "2070106807", "to": "2070106799", "length": 3.76, "culvert": false, "unmapped": false}}, {"type": "Feature", "geometry": {"type": "LineString", "coordinates": [[3.7387789, 50.8797123], [3.7386327, 50.8796451]]}, "properties": {"role": "edge", "from": "2070106799", "to": "1442432200", "length": 12.69, "culvert": false, "unmapped": false}}, {"type": "Feature", "geometry": {"type": "LineString", "coordinates": [[3.7386327, 50.8796451], [3.7384791, 50.8795969]]}, "properties": {"role": "edge", "from": "1442432200", "to": "1442431430", "length": 12.04, "culvert": false, "unmapped": false}}, {"type": "Feature", "geometry": {"type": "LineString", "coordinates": [[3.7384791, 50.8795969], [3.7383133, 50.8795996]]}, "properties": {"role": "edge", "from": "1442431430", "to": "1442432444", "length": 11.64, "culvert": false, "unmapped": false}}, {"type": "Feature", "geometry": {"type": "LineString", "coordinates": [[3.7383133, 50.8795996], [3.7381155, 50.8796233]]}, "properties": {"role": "edge", "from": "1442432444", "to": "2070106762", "length": 14.13, "culvert": false, "unmapped": false}}, {"type": "Feature", "geometry": {"type": "LineString", "coordinates": [[3.7381155, 50.8796233], [3.7378999, 50.8797]]}, "properties": {"role": "edge", "from": "2070106762", "to": "1442431541", "length": 17.36, "culvert": false, "unmapped": false}}, {"type": "Feature", "geometry": {"type": "LineString", "coordinates": [[3.7378999, 50.8797], [3.7375351, 50.8798183]]}, "properties": {"role": "edge", "from": "1442431541", "to": "1442431729", "length": 28.78, "culvert": false, "unmapped": false}}, {"type": "Feature", "geometry": {"type": "LineString", "coordinates": [[3.7375351, 50.8798183], [3.737079, 50.8799068]]}, "properties": {"role": "edge", "from": "1442431729", "to": "1442431689", "length": 33.48, "culvert": false, "unmapped": false}}, {"type": "Feature", "geometry": {"type": "LineString", "coordinates": [[3.737079, 50.8799068], [3.7368641, 50.8799417]]}, "properties": {"role": "edge", "from": "1442431689", "to": "1442432054", "length": 15.57, "culvert": false, "unmapped": false}}, {"type": "Feature", "geometry": {"type": "LineString", "coordinates": [[3.7368641, 50.8799417], [3.7365851, 50.879962]]}, "properties": {"role": "edge", "from": "1442432054", "to": "1442431922", "length": 19.7, "culvert": false, "unmapped": false}}, {"type": "Feature", "geometry": {"type": "LineString", "coordinates": [[3.7365851, 50.879962], [3.7364296, 50.8799518]]}, "properties": {"role": "edge", "from": "1442431922", "to": "1442432431", "length": 10.97, "culvert": false, "unmapped": false}}, {"type": "Feature", "geometry": {"type": "LineString", "coordinates": [[3.7364296, 50.8799518], [3.7361882, 50.8799924]]}, "properties": {"role": "edge", "from": "1442432431", "to": "1442431891", "length": 17.53, "culvert": false, "unmapped": false}}, {"type": "Feature", "geometry": {"type": "LineString", "coordinates": [[3.7361882, 50.8799924], [3.735731, 50.8800947]]}, "properties": {"role": "edge", "from": "1442431891", "to": "1442431566", "length": 34.03, "culvert": false, "unmapped": false}}, {"type": "Feature", "geometry": {"type": "LineString", "coordinates": [[3.735731, 50.8800947], [3.7352696, 50.8801859]]}, "properties": {"role": "edge", "from": "1442431566", "to": "1442432157", "length": 33.92, "culvert": false, "unmapped": false}}, {"type": "Feature", "geometry": {"type": "LineString", "coordinates": [[3.7352696, 50.8801859], [3.7349338, 50.8802181]]}, "properties": {"role": "edge", "from": "1442432157", "to": "1442431635", "length": 23.83, "culvert": false, "unmapped": false}}, {"type": "Feature", "geometry": {"type": "LineString", "coordinates": [[3.7349338, 50.8802181], [3.7346807, 50.8802293]]}, "properties": {"role": "edge", "from": "1442431635", "to": "1442431381", "length": 17.8, "culvert": false, "unmapped": false}}, {"type": "Feature", "geometry": {"type": "LineString", "coordinates": [[3.7346807, 50.8802293], [3.734397, 50.8802517]]}, "properties": {"role": "edge", "from": "1442431381", "to": "1442432004", "length": 20.06, "culvert": false, "unmapped": false}}, {"type": "Feature", "geometry": {"type": "LineString", "coordinates": [[3.734397, 50.8802517], [3.7340721, 50.8803485]]}, "properties": {"role": "edge", "from": "1442432004", "to": "1442432402", "length": 25.21, "culvert": false, "unmapped": false}}, {"type": "Feature", "geometry": {"type": "LineString", "coordinates": [[3.7340721, 50.8803485], [3.7336442, 50.8804613]]}, "properties": {"role": "edge", "from": "1442432402", "to": "1442432377", "length": 32.54, "culvert": false, "unmapped": false}}, {"type": "Feature", "geometry": {"type": "LineString", "coordinates": [[3.7336442, 50.8804613], [3.7333826, 50.880517]]}, "properties": {"role": "edge", "from": "1442432377", "to": "1442431795", "length": 19.37, "culvert": false, "unmapped": false}}, {"type": "Feature", "geometry": {"type": "LineString", "coordinates": [[3.7333826, 50.880517], [3.7332944, 50.8805369]]}, "properties": {"role": "edge", "from": "1442431795", "to": "2069790971", "length": 6.57, "culvert": false, "unmapped": false}}, {"type": "Feature", "geometry": {"type": "LineString", "coordinates": [[3.7332944, 50.8805369], [3.7332277, 50.8805642]]}, "properties": {"role": "edge", "from": "2069790971", "to": "1442432426", "length": 5.58, "culvert": false, "unmapped": false}}, {"type": "Feature", "geometry": {"type": "LineString", "coordinates": [[3.7332277, 50.8805642], [3.7331243, 50.8806666]]}, "properties": {"role": "edge", "from": "1442432426", "to": "1442432075", "length": 13.5, "culvert": false, "unmapped": false}}, {"type": "Feature", "geometry": {"type": "LineString", "coordinates": [[3.7331243, 50.8806666], [3.733016, 50.8807677]]}, "properties": {"role": "edge", "from": "1442432075", "to": "1442431387", "length": 13.57, "culvert": false, "unmapped": false}}, {"type": "Feature", "geometry": {"type": "LineString", "coordinates": [[3.733016, 50.8807677], [3.7329212, 50.880781]]}, "properties": {"role": "edge", "from": "1442431387", "to": "1442431197", "length": 6.81, "culvert": false, "unmapped": false}}, {"type": "Feature", "geometry": {"type": "LineString", "coordinates": [[3.7329212, 50.880781], [3.7328247, 50.880781]]}, "properties": {"role": "edge", "from": "1442431197", "to": "1442431622", "length": 6.77, "culvert": false, "unmapped": false}}, {"type": "Feature", "geometry": {"type": "LineString", "coordinates": [[3.7328247, 50.880781], [3.7327358, 50.8807512]]}, "properties": {"role": "edge", "from": "1442431622", "to": "1442431260", "length": 7.06, "culvert": false, "unmapped": false}}, {"type": "Feature", "geometry": {"type": "LineString", "coordinates": [[3.7327358, 50.8807512], [3.732592, 50.8807178]]}, "properties": {"role": "edge", "from": "1442431260", "to": "1442431362", "length": 10.75, "culvert": false, "unmapped": false}}, {"type": "Feature", "geometry": {"type": "LineString", "coordinates": [[3.732592, 50.8807178], [3.7324438, 50.8807133]]}, "properties": {"role": "edge", "from": "1442431362", "to": "1442432424", "length": 10.41, "culvert": false, "unmapped": false}}, {"type": "Feature", "geometry": {"type": "LineString", "coordinates": [[3.7324438, 50.8807133], [3.7322882, 50.880754]]}, "properties": {"role": "edge", "from": "1442432424", "to": "1442431671", "length": 11.82, "culvert": false, "unmapped": false}}, {"type": "Feature", "geometry": {"type": "LineString", "coordinates": [[3.7322882, 50.880754], [3.7321595, 50.8808187]]}, "properties": {"role": "edge", "from": "1442431671", "to": "1442432319", "length": 11.54, "culvert": false, "unmapped": false}}, {"type": "Feature", "geometry": {"type": "LineString", "coordinates": [[3.7321595, 50.8808187], [3.731969, 50.8808413]]}, "properties": {"role": "edge", "from": "1442432319", "to": "1442432407", "length": 13.6, "culvert": false, "unmapped": false}}, {"type": "Feature", "geometry": {"type": "LineString", "coordinates": [[3.731969, 50.8808413], [3.7317554, 50.8808828]]}, "properties": {"role": "edge", "from": "1442432407", "to": "1442431564", "length": 15.68, "culvert": false, "unmapped": false}}, {"type": "Feature", "geometry": {"type": "LineString", "coordinates": [[3.7317554, 50.8808828], [3.7315821, 50.8809713]]}, "properties": {"role": "edge", "from": "1442431564", "to": "1442432273", "length": 15.64, "culvert": false, "unmapped": false}}, {"type": "Feature", "geometry": {"type": "LineString", "coordinates": [[3.7315821, 50.8809713], [3.7313937, 50.8811123]]}, "properties": {"role": "edge", "from": "1442432273", "to": "1442432119", "length": 20.51, "culvert": false, "unmapped": false}}, {"type": "Feature", "geometry": {"type": "LineString", "coordinates": [[3.7313937, 50.8811123], [3.7313072, 50.8811453]]}, "properties": {"role": "edge", "from": "1442432119", "to": "1442432336", "length": 7.09, "culvert": false, "unmapped": false}}, {"type": "Feature", "geometry": {"type": "LineString", "coordinates": [[3.7313072, 50.8811453], [3.7312529, 50.88115]]}, "properties": {"role": "edge", "from": "1442432336", "to": "1442431930", "length": 3.85, "culvert": false, "unmapped": false}}, {"type": "Feature", "geometry": {"type": "LineString", "coordinates": [[3.7312529, 50.88115], [3.7311617, 50.88115]]}, "properties": {"role": "edge", "from": "1442431930", "to": "1442431187", "length": 6.4, "culvert": false, "unmapped": false}}, {"type": "Feature", "geometry": {"type": "LineString", "coordinates": [[3.7311617, 50.88115], [3.7309257, 50.8810687]]}, "properties": {"role": "edge", "from": "1442431187", "to": "1442431964", "length": 18.86, "culvert": false, "unmapped": false}}, {"type": "Feature", "geometry": {"type": "LineString", "coordinates": [[3.7309257, 50.8810687], [3.7308076, 50.8810484]]}, "properties": {"role": "edge", "from": "1442431964", "to": "1442432417", "length": 8.59, "culvert": false, "unmapped": false}}, {"type": "Feature", "geometry": {"type": "LineString", "coordinates": [[3.7308076, 50.8810484], [3.730723, 50.8810516]]}, "properties": {"role": "edge", "from": "1442432417", "to": "2069791089", "length": 5.95, "culvert": false, "unmapped": false}}, {"type": "Feature", "geometry": {"type": "LineString", "coordinates": [[3.730723, 50.8810516], [3.7306306, 50.8810755]]}, "properties": {"role": "edge", "from": "2069791089", "to": "1442432002", "length": 7.01, "culvert": false, "unmapped": false}}, {"type": "Feature", "geometry": {"type": "LineString", "coordinates": [[3.7306306, 50.8810755], [3.7305394, 50.8811127]]}, "properties": {"role": "edge", "from": "1442432002", "to": "1442432420", "length": 7.62, "culvert": false, "unmapped": false}}, {"type": "Feature", "geometry": {"type": "LineString", "coordinates": [[3.7305394, 50.8811127], [3.7303141, 50.8811669]]}, "properties": {"role": "edge", "from": "1442432420", "to": "1442432103", "length": 16.92, "culvert": false, "unmapped": false}}, {"type": "Feature", "geometry": {"type": "LineString", "coordinates": [[3.7303141, 50.8811669], [3.7301693, 50.8812041]]}, "properties": {"role": "edge", "from": "1442432103", "to": "1442431201", "length": 10.97, "culvert": false, "unmapped": false}}, {"type": "Feature", "geometry": {"type": "LineString", "coordinates": [[3.7301693, 50.8812041], [3.7300727, 50.8812244]]}, "properties": {"role": "edge", "from": "1442431201", "to": "1442431675", "length": 7.14, "culvert": false, "unmapped": false}}, {"type": "Feature", "geometry": {"type": "LineString", "coordinates": [[3.7300727, 50.8812244], [3.7299601, 50.8812312]]}, "properties": {"role": "edge", "from": "1442431675", "to": "1442431953", "length": 7.94, "culvert": false, "unmapped": false}}, {"type": "Feature", "geometry": {"type": "LineString", "coordinates": [[3.7299601, 50.8812312], [3.7297297, 50.8812684]]}, "properties": {"role": "edge", "from": "1442431953", "to": "1442431339", "length": 16.68, "culvert": false, "unmapped": false}}, {"type": "Feature", "geometry": {"type": "LineString", "coordinates": [[3.7297297, 50.8812684], [3.7295526, 50.8812921]]}, "properties": {"role": "edge", "from": "1442431339", "to": "1442432139", "length": 12.7, "culvert": false, "unmapped": false}}, {"type": "Feature", "geometry": {"type": "LineString", "coordinates": [[3.7295526, 50.8812921], [3.7294295, 50.881328]]}, "properties": {"role": "edge", "from": "1442432139", "to": "1442432247", "length": 9.51, "culvert": false, "unmapped": false}}, {"type": "Feature", "geometry": {"type": "LineString", "coordinates": [[3.7294295, 50.881328], [3.7293059, 50.8813767]]}, "properties": {"role": "edge", "from": "1442432247", "to": "1442432241", "length": 10.22, "culvert": false, "unmapped": false}}, {"type": "Feature", "geometry": {"type": "LineString", "coordinates": [[3.7293059, 50.8813767], [3.7291935, 50.8814261]]}, "properties": {"role": "edge", "from": "1442432241", "to": "1442431649", "length": 9.61, "culvert": false, "unmapped": false}}, {"type": "Feature", "geometry": {"type": "LineString", "coordinates": [[3.7291935, 50.8814261], [3.7290537, 50.8814273]]}, "properties": {"role": "edge", "from": "1442431649", "to": "1442431614", "length": 9.81, "culvert": false, "unmapped": false}}, {"type": "Feature", "geometry": {"type": "LineString", "coordinates": [[3.7290537, 50.8814273], [3.7289182, 50.8814214]]}, "properties": {"role": "edge", "from": "1442431614", "to": "1442431615", "length": 9.53, "culvert": false, "unmapped": false}}, {"type": "Feature", "geometry": {"type": "LineString", "coordinates": [[3.7289182, 50.8814214], [3.728765, 50.8814039]]}, "properties": {"role": "edge", "from": "1442431615", "to": "1442431570", "length": 10.92, "culvert": false, "unmapped": false}}, {"type": "Feature", "geometry": {"type": "LineString", "coordinates": [[3.728765, 50.8814039], [3.72863, 50.8813848]]}, "properties": {"role": "edge", "from": "1442431570", "to": "1442432014", "length": 9.71, "culvert": false, "unmapped": false}}, {"type": "Feature", "geometry": {"type": "LineString", "coordinates": [[3.72863, 50.8813848], [3.7284942, 50.8813642]]}, "properties": {"role": "edge", "from": "1442432014", "to": "1442432043", "length": 9.8, "culvert": false, "unmapped": false}}, {"type": "Feature", "geometry": {"type": "LineString", "coordinates": [[3.7284942, 50.8813642], [3.7283585, 50.8813397]]}, "properties": {"role": "edge", "from": "1442432043", "to": "7526199290", "length": 9.9, "culvert": false, "unmapped": false}}, {"type": "Feature", "geometry": {"type": "LineString", "coordinates": [[3.7283585, 50.8813397], [3.7282895, 50.8813316]]}, "properties": {"role": "edge", "from": "7526199290", "to": "1442431639", "length": 4.92, "culvert": false, "unmapped": false}}, {"type": "Feature", "geometry": {"type": "LineString", "coordinates": [[3.7282895, 50.8813316], [3.7281917, 50.8813309]]}, "properties": {"role": "edge", "from": "1442431639", "to": "1442431574", "length": 6.86, "culvert": false, "unmapped": false}}, {"type": "Feature", "geometry": {"type": "LineString", "coordinates": [[3.7281917, 50.8813309], [3.7280273, 50.8813437]]}, "properties": {"role": "edge", "from": "1442431574", "to": "1442431740", "length": 11.62, "culvert": false, "unmapped": false}}, {"type": "Feature", "geometry": {"type": "LineString", "coordinates": [[3.7280273, 50.8813437], [3.7278736, 50.8813711]]}, "properties": {"role": "edge", "from": "1442431740", "to": "1442431551", "length": 11.21, "culvert": false, "unmapped": false}}, {"type": "Feature", "geometry": {"type": "LineString", "coordinates": [[3.7278736, 50.8813711], [3.7277684, 50.8814141]]}, "properties": {"role": "edge", "from": "1442431551", "to": "1442431237", "length": 8.79, "culvert": false, "unmapped": false}}, {"type": "Feature", "geometry": {"type": "LineString", "coordinates": [[3.7277684, 50.8814141], [3.7276991, 50.8814562]]}, "properties": {"role": "edge", "from": "1442431237", "to": "7526199289", "length": 6.75, "culvert": false, "unmapped": false}}, {"type": "Feature", "geometry": {"type": "LineString", "coordinates": [[3.7276991, 50.8814562], [3.7276415, 50.8814937]]}, "properties": {"role": "edge", "from": "7526199289", "to": "1442431605", "length": 5.81, "culvert": false, "unmapped": false}}, {"type": "Feature", "geometry": {"type": "LineString", "coordinates": [[3.7276415, 50.8814937], [3.7275254, 50.8815326]]}, "properties": {"role": "edge", "from": "1442431605", "to": "1442431372", "length": 9.22, "culvert": false, "unmapped": false}}, {"type": "Feature", "geometry": {"type": "LineString", "coordinates": [[3.7275254, 50.8815326], [3.7272602, 50.8816015]]}, "properties": {"role": "edge", "from": "1442431372", "to": "1442432275", "length": 20.12, "culvert": false, "unmapped": false}}, {"type": "Feature", "geometry": {"type": "LineString", "coordinates": [[3.7272602, 50.8816015], [3.7271811, 50.8816163]]}, "properties": {"role": "edge", "from": "1442432275", "to": "7526199288", "length": 5.79, "culvert": false, "unmapped": false}}, {"type": "Feature", "geometry": {"type": "LineString", "coordinates": [[3.7271811, 50.8816163], [3.7271162, 50.8816149]]}, "properties": {"role": "edge", "from": "7526199288", "to": "7526199287", "length": 4.56, "culvert": false, "unmapped": false}}, {"type": "Feature", "geometry": {"type": "LineString", "coordinates": [[3.7271162, 50.8816149], [3.7270472, 50.8816004]]}, "properties": {"role": "edge", "from": "7526199287", "to": "1442431516", "length": 5.1, "culvert": false, "unmapped": false}}, {"type": "Feature", "geometry": {"type": "LineString", "coordinates": [[3.7270472, 50.8816004], [3.7269635, 50.8815586]]}, "properties": {"role": "edge", "from": "1442431516", "to": "1442432316", "length": 7.49, "culvert": false, "unmapped": false}}, {"type": "Feature", "geometry": {"type": "LineString", "coordinates": [[3.7269635, 50.8815586], [3.726787, 50.8814282]]}, "properties": {"role": "edge", "from": "1442432316", "to": "1442432270", "length": 19.07, "culvert": false, "unmapped": false}}, {"type": "Feature", "geometry": {"type": "LineString", "coordinates": [[3.726787, 50.8814282], [3.726728, 50.8813934]]}, "properties": {"role": "edge", "from": "1442432270", "to": "7526199286", "length": 5.67, "culvert": false, "unmapped": false}}, {"type": "Feature", "geometry": {"type": "LineString", "coordinates": [[3.726728, 50.8813934], [3.7266629, 50.881371]]}, "properties": {"role": "edge", "from": "7526199286", "to": "7526199285", "length": 5.2, "culvert": false, "unmapped": false}}, {"type": "Feature", "geometry": {"type": "LineString", "coordinates": [[3.7266629, 50.881371], [3.7265861, 50.8813598]]}, "properties": {"role": "edge", "from": "7526199285", "to": "1442431207", "length": 5.53, "culvert": false, "unmapped": false}}, {"type": "Feature", "geometry": {"type": "LineString", "coordinates": [[3.7265861, 50.8813598], [3.7264825, 50.8813682]]}, "properties": {"role": "edge", "from": "1442431207", "to": "1442431256", "length": 7.33, "culvert": false, "unmapped": false}}, {"type": "Feature", "geometry": {"type": "LineString", "coordinates": [[3.7264825, 50.8813682], [3.7263704, 50.8814039]]}, "properties": {"role": "edge", "from": "1442431256", "to": "1442431548", "length": 8.81, "culvert": false, "unmapped": false}}, {"type": "Feature", "geometry": {"type": "LineString", "coordinates": [[3.7263704, 50.8814039], [3.7262232, 50.8814871]]}, "properties": {"role": "edge", "from": "1442431548", "to": "1442432371", "length": 13.86, "culvert": false, "unmapped": false}}, {"type": "Feature", "geometry": {"type": "LineString", "coordinates": [[3.7262232, 50.8814871], [3.7260803, 50.8815787]]}, "properties": {"role": "edge", "from": "1442432371", "to": "1442431572", "length": 14.29, "culvert": false, "unmapped": false}}, {"type": "Feature", "geometry": {"type": "LineString", "coordinates": [[3.7260803, 50.8815787], [3.7258673, 50.8816812]]}, "properties": {"role": "edge", "from": "1442431572", "to": "1442432018", "length": 18.79, "culvert": false, "unmapped": false}}, {"type": "Feature", "geometry": {"type": "LineString", "coordinates": [[3.7258673, 50.8816812], [3.72575, 50.8817244]]}, "properties": {"role": "edge", "from": "1442432018", "to": "7860539268", "length": 9.53, "culvert": false, "unmapped": false}}, {"type": "Feature", "geometry": {"type": "LineString", "coordinates": [[3.72575, 50.8817244], [3.7256959, 50.8817443]]}, "properties": {"role": "edge", "from": "7860539268", "to": "1442432304", "length": 4.39, "culvert": false, "unmapped": false}}, {"type": "Feature", "geometry": {"type": "LineString", "coordinates": [[3.7256959, 50.8817443], [3.7254998, 50.8817741]]}, "properties": {"role": "edge", "from": "1442432304", "to": "1442432450", "length": 14.15, "culvert": false, "unmapped": false}}, {"type": "Feature", "geometry": {"type": "LineString", "coordinates": [[3.7254998, 50.8817741], [3.7253048, 50.8818058]]}, "properties": {"role": "edge", "from": "1442432450", "to": "1442431344", "length": 14.13, "culvert": false, "unmapped": false}}, {"type": "Feature", "geometry": {"type": "LineString", "coordinates": [[3.7253048, 50.8818058], [3.7251645, 50.8818402]]}, "properties": {"role": "edge", "from": "1442431344", "to": "1442432448", "length": 10.56, "culvert": false, "unmapped": false}}, {"type": "Feature", "geometry": {"type": "LineString", "coordinates": [[3.7251645, 50.8818402], [3.725053, 50.8818753]]}, "properties": {"role": "edge", "from": "1442432448", "to": "1442432295", "length": 8.74, "culvert": false, "unmapped": false}}, {"type": "Feature", "geometry": {"type": "LineString", "coordinates": [[3.725053, 50.8818753], [3.7249084, 50.881922]]}, "properties": {"role": "edge", "from": "1442432295", "to": "1442432415", "length": 11.4, "culvert": false, "unmapped": false}}, {"type": "Feature", "geometry": {"type": "LineString", "coordinates": [[3.7249084, 50.881922], [3.7246925, 50.8819689]]}, "properties": {"role": "edge", "from": "1442432415", "to": "1442431334", "length": 16.02, "culvert": false, "unmapped": false}}, {"type": "Feature", "geometry": {"type": "LineString", "coordinates": [[3.7246925, 50.8819689], [3.724512, 50.8820156]]}, "properties": {"role": "edge", "from": "1442431334", "to": "1442432439", "length": 13.69, "culvert": false, "unmapped": false}}, {"type": "Feature", "geometry": {"type": "LineString", "coordinates": [[3.724512, 50.8820156], [3.7243193, 50.8820573]]}, "properties": {"role": "edge", "from": "1442432439", "to": "1442431332", "length": 14.29, "culvert": false, "unmapped": false}}, {"type": "Feature", "geometry": {"type": "LineString", "coordinates": [[3.7243193, 50.8820573], [3.7240596, 50.8821339]]}, "properties": {"role": "edge", "from": "1442431332", "to": "1442432142", "length": 20.11, "culvert": false, "unmapped": false}}, {"type": "Feature", "geometry": {"type": "LineString", "coordinates": [[3.7240596, 50.8821339], [3.7238237, 50.882208]]}, "properties": {"role": "edge", "from": "1442432142", "to": "1442431330", "length": 18.49, "culvert": false, "unmapped": false}}, {"type": "Feature", "geometry": {"type": "LineString", "coordinates": [[3.7238237, 50.882208], [3.7236571, 50.8822735]]}, "properties": {"role": "edge", "from": "1442431330", "to": "1442432325", "length": 13.77, "culvert": false, "unmapped": false}}, {"type": "Feature", "geometry": {"type": "LineString", "coordinates": [[3.7236571, 50.8822735], [3.7235338, 50.8823175]]}, "properties": {"role": "edge", "from": "1442432325", "to": "1442431469", "length": 9.94, "culvert": false, "unmapped": false}}, {"type": "Feature", "geometry": {"type": "LineString", "coordinates": [[3.7235338, 50.8823175], [3.7231961, 50.882411]]}, "properties": {"role": "edge", "from": "1442431469", "to": "1442431491", "length": 25.87, "culvert": false, "unmapped": false}}, {"type": "Feature", "geometry": {"type": "LineString", "coordinates": [[3.7231961, 50.882411], [3.7229332, 50.8824787]]}, "properties": {"role": "edge", "from": "1442431491", "to": "1442432052", "length": 19.92, "culvert": false, "unmapped": false}}, {"type": "Feature", "geometry": {"type": "LineString", "coordinates": [[3.7229332, 50.8824787], [3.7227569, 50.8825212]]}, "properties": {"role": "edge", "from": "1442432052", "to": "5009077590", "length": 13.24, "culvert": false, "unmapped": false}}, {"type": "Feature", "geometry": {"type": "LineString", "coordinates": [[3.7227569, 50.8825212], [3.7225452, 50.8825776]]}, "properties": {"role": "edge", "from": "5009077590", "to": "1442432441", "length": 16.12, "culvert": false, "unmapped": false}}, {"type": "Feature", "geometry": {"type": "LineString", "coordinates": [[3.7225452, 50.8825776], [3.7218258, 50.8827742]]}, "properties": {"role": "edge", "from": "1442432441", "to": "1442431169", "length": 55.0, "culvert": false, "unmapped": false}}, {"type": "Feature", "geometry": {"type": "LineString", "coordinates": [[3.7218258, 50.8827742], [3.7206051, 50.8831962]]}, "properties": {"role": "edge", "from": "1442431169", "to": "1442431761", "length": 97.65, "culvert": false, "unmapped": false}}, {"type": "Feature", "geometry": {"type": "LineString", "coordinates": [[3.7206051, 50.8831962], [3.7202722, 50.8832922]]}, "properties": {"role": "edge", "from": "1442431761", "to": "1442431451", "length": 25.68, "culvert": false, "unmapped": false}}, {"type": "Feature", "geometry": {"type": "LineString", "coordinates": [[3.7202722, 50.8832922], [3.7200583, 50.8833472]]}, "properties": {"role": "edge", "from": "1442431451", "to": "1442431290", "length": 16.2, "culvert": false, "unmapped": false}}, {"type": "Feature", "geometry": {"type": "LineString", "coordinates": [[3.7200583, 50.8833472], [3.7199298, 50.8833643]]}, "properties": {"role": "edge", "from": "1442431290", "to": "2059655653", "length": 9.21, "culvert": false, "unmapped": false}}, {"type": "Feature", "geometry": {"type": "LineString", "coordinates": [[3.7199298, 50.8833643], [3.7198189, 50.8833586]]}, "properties": {"role": "edge", "from": "2059655653", "to": "1442431283", "length": 7.81, "culvert": false, "unmapped": false}}, {"type": "Feature", "geometry": {"type": "LineString", "coordinates": [[3.7198189, 50.8833586], [3.7197571, 50.8833405]]}, "properties": {"role": "edge", "from": "1442431283", "to": "7860492636", "length": 4.78, "culvert": false, "unmapped": false}}, {"type": "Feature", "geometry": {"type": "LineString", "coordinates": [[3.7197571, 50.8833405], [3.7196606, 50.8832786]]}, "properties": {"role": "edge", "from": "7860492636", "to": "1442432130", "length": 9.65, "culvert": false, "unmapped": false}}, {"type": "Feature", "geometry": {"type": "LineString", "coordinates": [[3.7196606, 50.8832786], [3.7195373, 50.8832042]]}, "properties": {"role": "edge", "from": "1442432130", "to": "1442431248", "length": 11.97, "culvert": false, "unmapped": false}}, {"type": "Feature", "geometry": {"type": "LineString", "coordinates": [[3.7195373, 50.8832042], [3.7194088, 50.8831725]]}, "properties": {"role": "edge", "from": "1442431248", "to": "1442432292", "length": 9.68, "culvert": false, "unmapped": false}}, {"type": "Feature", "geometry": {"type": "LineString", "coordinates": [[3.7194088, 50.8831725], [3.7192637, 50.8831568]]}, "properties": {"role": "edge", "from": "1442432292", "to": "1442432408", "length": 10.33, "culvert": false, "unmapped": false}}, {"type": "Feature", "geometry": {"type": "LineString", "coordinates": [[3.7192637, 50.8831568], [3.7191349, 50.8831602]]}, "properties": {"role": "edge", "from": "1442432408", "to": "1442431397", "length": 9.04, "culvert": false, "unmapped": false}}, {"type": "Feature", "geometry": {"type": "LineString", "coordinates": [[3.7191349, 50.8831602], [3.718985, 50.8831928]]}, "properties": {"role": "edge", "from": "1442431397", "to": "1442431252", "length": 11.12, "culvert": false, "unmapped": false}}, {"type": "Feature", "geometry": {"type": "LineString", "coordinates": [[3.718985, 50.8831928], [3.7188828, 50.8832008]]}, "properties": {"role": "edge", "from": "1442431252", "to": "1442431164", "length": 7.22, "culvert": false, "unmapped": false}}, {"type": "Feature", "geometry": {"type": "LineString", "coordinates": [[3.7188828, 50.8832008], [3.7187487, 50.8832008]]}, "properties": {"role": "edge", "from": "1442431164", "to": "1442431358", "length": 9.41, "culvert": false, "unmapped": false}}, {"type": "Feature", "geometry": {"type": "LineString", "coordinates": [[3.7187487, 50.8832008], [3.718518, 50.8832008]]}, "properties": {"role": "edge", "from": "1442431358", "to": "1442431455", "length": 16.18, "culvert": false, "unmapped": false}}, {"type": "Feature", "geometry": {"type": "LineString", "coordinates": [[3.718518, 50.8832008], [3.7181452, 50.8831457]]}, "properties": {"role": "edge", "from": "1442431455", "to": "1442432396", "length": 26.86, "culvert": false, "unmapped": false}}, {"type": "Feature", "geometry": {"type": "LineString", "coordinates": [[3.7181452, 50.8831457], [3.7178921, 50.8831216]]}, "properties": {"role": "edge", "from": "1442432396", "to": "1442431483", "length": 17.96, "culvert": false, "unmapped": false}}, {"type": "Feature", "geometry": {"type": "LineString", "coordinates": [[3.7178921, 50.8831216], [3.7172712, 50.8830904]]}, "properties": {"role": "edge", "from": "1442431483", "to": "9167222096", "length": 43.7, "culvert": false, "unmapped": false}}, {"type": "Feature", "geometry": {"type": "LineString", "coordinates": [[3.7172712, 50.8830904], [3.7170794, 50.8830808]]}, "properties": {"role": "edge", "from": "9167222096", "to": "1442432272", "length": 13.5, "culvert": false, "unmapped": false}}, {"type": "Feature", "geometry": {"type": "LineString", "coordinates": [[3.7172712, 50.8830904], [3.7169362, 50.8831676]]}, "properties": {"role": "edge", "from": "9167222096", "to": "9167222097", "length": 25.02, "culvert": false, "unmapped": false}}, {"type": "Feature", "geometry": {"type": "LineString", "coordinates": [[3.7170794, 50.8830808], [3.7168577, 50.8830656]]}, "properties": {"role": "edge", "from": "1442432272", "to": "1442432081", "length": 15.64, "culvert": false, "unmapped": false}}, {"type": "Feature", "geometry": {"type": "LineString", "coordinates": [[3.7168577, 50.8830656], [3.7166461, 50.883027]]}, "properties": {"role": "edge", "from": "1442432081", "to": "1442432150", "length": 15.45, "culvert": false, "unmapped": false}}, {"type": "Feature", "geometry": {"type": "LineString", "coordinates": [[3.7166461, 50.883027], [3.7165728, 50.8830038]]}, "properties": {"role": "edge", "from": "1442432150", "to": "7860492635", "length": 5.75, "culvert": false, "unmapped": false}}, {"type": "Feature", "geometry": {"type": "LineString", "coordinates": [[3.7165728, 50.8830038], [3.7165015, 50.8830088]]}, "properties": {"role": "edge", "from": "7860492635", "to": "1442431253", "length": 5.03, "culvert": false, "unmapped": false}}, {"type": "Feature", "geometry": {"type": "LineString", "coordinates": [[3.7165015, 50.8830088], [3.7163884, 50.8830316]]}, "properties": {"role": "edge", "from": "1442431253", "to": "1442432343", "length": 8.33, "culvert": false, "unmapped": false}}, {"type": "Feature", "geometry": {"type": "LineString", "coordinates": [[3.7163884, 50.8830316], [3.7162972, 50.8830823]]}, "properties": {"role": "edge", "from": "1442432343", "to": "1442431383", "length": 8.53, "culvert": false, "unmapped": false}}, {"type": "Feature", "geometry": {"type": "LineString", "coordinates": [[3.7162972, 50.8830823], [3.7161952, 50.8830823]]}, "properties": {"role": "edge", "from": "1442431383", "to": "1442432076", "length": 7.16, "culvert": false, "unmapped": false}}, {"type": "Feature", "geometry": {"type": "LineString", "coordinates": [[3.7161952, 50.8830823], [3.7160611, 50.8831297]]}, "properties": {"role": "edge", "from": "1442432076", "to": "1442432077", "length": 10.78, "culvert": false, "unmapped": false}}, {"type": "Feature", "geometry": {"type": "LineString", "coordinates": [[3.7160611, 50.8831297], [3.7158797, 50.8833026]]}, "properties": {"role": "edge", "from": "1442432077", "to": "1442432445", "length": 23.06, "culvert": false, "unmapped": false}}, {"type": "Feature", "geometry": {"type": "LineString", "coordinates": [[3.7158797, 50.8833026], [3.7158012, 50.8833961]]}, "properties": {"role": "edge", "from": "1442432445", "to": "1442432421", "length": 11.77, "culvert": false, "unmapped": false}}, {"type": "Feature", "geometry": {"type": "LineString", "coordinates": [[3.7158012, 50.8833961], [3.7156874, 50.8834462]]}, "properties": {"role": "edge", "from": "1442432421", "to": "4901146324", "length": 9.73, "culvert": false, "unmapped": false}}, {"type": "Feature", "geometry": {"type": "LineString", "coordinates": [[3.7156874, 50.8834462], [3.7155911, 50.8834649]]}, "properties": {"role": "edge", "from": "4901146324", "to": "1442432432", "length": 7.07, "culvert": false, "unmapped": false}}, {"type": "Feature", "geometry": {"type": "LineString", "coordinates": [[3.7155911, 50.8834649], [3.7154291, 50.8834615]]}, "properties": {"role": "edge", "from": "1442432432", "to": "1442431481", "length": 11.37, "culvert": false, "unmapped": false}}, {"type": "Feature", "geometry": {"type": "LineString", "coordinates": [[3.7154291, 50.8834615], [3.7152467, 50.8834198]]}, "properties": {"role": "edge", "from": "1442431481", "to": "1442432411", "length": 13.61, "culvert": false, "unmapped": false}}, {"type": "Feature", "geometry": {"type": "LineString", "coordinates": [[3.7152467, 50.8834198], [3.7150955, 50.8833869]]}, "properties": {"role": "edge", "from": "1442432411", "to": "1442431497", "length": 11.22, "culvert": false, "unmapped": false}}, {"type": "Feature", "geometry": {"type": "LineString", "coordinates": [[3.7150955, 50.8833869], [3.7149277, 50.8833755]]}, "properties": {"role": "edge", "from": "1442431497", "to": "1442431219", "length": 11.84, "culvert": false, "unmapped": false}}, {"type": "Feature", "geometry": {"type": "LineString", "coordinates": [[3.7149277, 50.8833755], [3.7144895, 50.8833995]]}, "properties": {"role": "edge", "from": "1442431219", "to": "1442431204", "length": 30.86, "culvert": false, "unmapped": false}}, {"type": "Feature", "geometry": {"type": "LineString", "coordinates": [[3.7144895, 50.8833995], [3.7143696, 50.8833941]]}, "properties": {"role": "edge", "from": "1442431204", "to": "7860492634", "length": 8.43, "culvert": false, "unmapped": false}}, {"type": "Feature", "geometry": {"type": "LineString", "coordinates": [[3.7143696, 50.8833941], [3.7142986, 50.8833955]]}, "properties": {"role": "edge", "from": "7860492634", "to": "7858897932", "length": 4.98, "culvert": false, "unmapped": false}}, {"type": "Feature", "geometry": {"type": "LineString", "coordinates": [[3.7142986, 50.8833955], [3.7142219, 50.8834044]]}, "properties": {"role": "edge", "from": "7858897932", "to": "1442432072", "length": 5.47, "culvert": false, "unmapped": false}}, {"type": "Feature", "geometry": {"type": "LineString", "coordinates": [[3.7142219, 50.8834044], [3.7139985, 50.8834546]]}, "properties": {"role": "edge", "from": "1442432072", "to": "1442431403", "length": 16.64, "culvert": false, "unmapped": false}}, {"type": "Feature", "geometry": {"type": "LineString", "coordinates": [[3.7139985, 50.8834546], [3.7137974, 50.8834716]]}, "properties": {"role": "edge", "from": "1442431403", "to": "1442432376", "length": 14.23, "culvert": false, "unmapped": false}}, {"type": "Feature", "geometry": {"type": "LineString", "coordinates": [[3.7137974, 50.8834716], [3.7136315, 50.8834496]]}, "properties": {"role": "edge", "from": "1442432376", "to": "1442432135", "length": 11.89, "culvert": false, "unmapped": false}}, {"type": "Feature", "geometry": {"type": "LineString", "coordinates": [[3.7136315, 50.8834496], [3.7135388, 50.883441]]}, "properties": {"role": "edge", "from": "1442432135", "to": "7860492633", "length": 6.57, "culvert": false, "unmapped": false}}, {"type": "Feature", "geometry": {"type": "LineString", "coordinates": [[3.7135388, 50.883441], [3.7134379, 50.8834411]]}, "properties": {"role": "edge", "from": "7860492633", "to": "1442431342", "length": 7.08, "culvert": false, "unmapped": false}}, {"type": "Feature", "geometry": {"type": "LineString", "coordinates": [[3.7134379, 50.8834411], [3.7132678, 50.8834738]]}, "properties": {"role": "edge", "from": "1442431342", "to": "1442431328", "length": 12.47, "culvert": false, "unmapped": false}}, {"type": "Feature", "geometry": {"type": "LineString", "coordinates": [[3.7132678, 50.8834738], [3.713112, 50.8835105]]}, "properties": {"role": "edge", "from": "1442431328", "to": "1442432446", "length": 11.67, "culvert": false, "unmapped": false}}, {"type": "Feature", "geometry": {"type": "LineString", "coordinates": [[3.713112, 50.8835105], [3.7130785, 50.8835232]]}, "properties": {"role": "edge", "from": "1442432446", "to": "4893837003", "length": 2.74, "culvert": false, "unmapped": false}}, {"type": "Feature", "geometry": {"type": "LineString", "coordinates": [[3.7130785, 50.8835232], [3.7129605, 50.8835122]]}, "properties": {"role": "edge", "from": "4893837003", "to": "1442431523", "length": 8.37, "culvert": false, "unmapped": false}}, {"type": "Feature", "geometry": {"type": "LineString", "coordinates": [[3.7129605, 50.8835122], [3.7127255, 50.8834417]]}, "properties": {"role": "edge", "from": "1442431523", "to": "1442431552", "length": 18.25, "culvert": false, "unmapped": false}}, {"type": "Feature", "geometry": {"type": "LineString", "coordinates": [[3.7127255, 50.8834417], [3.7125155, 50.8834061]]}, "properties": {"role": "edge", "from": "1442431552", "to": "1442431959", "length": 15.25, "culvert": false, "unmapped": false}}, {"type": "Feature", "geometry": {"type": "LineString", "coordinates": [[3.7125155, 50.8834061], [3.7124449, 50.8834011]]}, "properties": {"role": "edge", "from": "1442431959", "to": "4891776045", "length": 4.98, "culvert": false, "unmapped": false}}, {"type": "Feature", "geometry": {"type": "LineString", "coordinates": [[3.7124449, 50.8834011], [3.7123355, 50.8833945]]}, "properties": {"role": "edge", "from": "4891776045", "to": "1442431399", "length": 7.71, "culvert": false, "unmapped": false}}, {"type": "Feature", "geometry": {"type": "LineString", "coordinates": [[3.7123355, 50.8833945], [3.7122525, 50.8834004]]}, "properties": {"role": "edge", "from": "1442431399", "to": "4891776046", "length": 5.86, "culvert": false, "unmapped": false}}, {"type": "Feature", "geometry": {"type": "LineString", "coordinates": [[3.7122525, 50.8834004], [3.7121102, 50.8834165]]}, "properties": {"role": "edge", "from": "4891776046", "to": "1442432434", "length": 10.14, "culvert": false, "unmapped": false}}, {"type": "Feature", "geometry": {"type": "LineString", "coordinates": [[3.7121102, 50.8834165], [3.7119359, 50.8834479]]}, "properties": {"role": "edge", "from": "1442432434", "to": "1442431307", "length": 12.72, "culvert": false, "unmapped": false}}, {"type": "Feature", "geometry": {"type": "LineString", "coordinates": [[3.7119359, 50.8834479], [3.7117964, 50.8834851]]}, "properties": {"role": "edge", "from": "1442431307", "to": "1442432399", "length": 10.62, "culvert": false, "unmapped": false}}, {"type": "Feature", "geometry": {"type": "LineString", "coordinates": [[3.7117964, 50.8834851], [3.7116787, 50.8835279]]}, "properties": {"role": "edge", "from": "1442432399", "to": "1442432160", "length": 9.53, "culvert": false, "unmapped": false}}, {"type": "Feature", "geometry": {"type": "LineString", "coordinates": [[3.7116787, 50.8835279], [3.7115658, 50.8835576]]}, "properties": {"role": "edge", "from": "1442432160", "to": "7860492632", "length": 8.58, "culvert": false, "unmapped": false}}, {"type": "Feature", "geometry": {"type": "LineString", "coordinates": [[3.7115658, 50.8835576], [3.7114552, 50.8835658]]}, "properties": {"role": "edge", "from": "7860492632", "to": "1442431619", "length": 7.81, "culvert": false, "unmapped": false}}, {"type": "Feature", "geometry": {"type": "LineString", "coordinates": [[3.7114552, 50.8835658], [3.7112707, 50.8835325]]}, "properties": {"role": "edge", "from": "1442431619", "to": "1442431452", "length": 13.46, "culvert": false, "unmapped": false}}, {"type": "Feature", "geometry": {"type": "LineString", "coordinates": [[3.7112707, 50.8835325], [3.7110832, 50.8834873]]}, "properties": {"role": "edge", "from": "1442431452", "to": "1442431577", "length": 14.08, "culvert": false, "unmapped": false}}, {"type": "Feature", "geometry": {"type": "LineString", "coordinates": [[3.7110832, 50.8834873], [3.710933, 50.8834388]]}, "properties": {"role": "edge", "from": "1442431577", "to": "4891776061", "length": 11.84, "culvert": false, "unmapped": false}}, {"type": "Feature", "geometry": {"type": "LineString", "coordinates": [[3.710933, 50.8834388], [3.7107866, 50.8834221]]}, "properties": {"role": "edge", "from": "4891776061", "to": "1442432214", "length": 10.44, "culvert": false, "unmapped": false}}, {"type": "Feature", "geometry": {"type": "LineString", "coordinates": [[3.7107866, 50.8834221], [3.7106317, 50.8834089]]}, "properties": {"role": "edge", "from": "1442432214", "to": "4891776062", "length": 10.97, "culvert": false, "unmapped": false}}, {"type": "Feature", "geometry": {"type": "LineString", "coordinates": [[3.7106317, 50.8834089], [3.7104942, 50.8834111]]}, "properties": {"role": "edge", "from": "4891776062", "to": "1442431281", "length": 9.65, "culvert": false, "unmapped": false}}, {"type": "Feature", "geometry": {"type": "LineString", "coordinates": [[3.7104942, 50.8834111], [3.7102244, 50.8834429]]}, "properties": {"role": "edge", "from": "1442431281", "to": "1442432274", "length": 19.25, "culvert": false, "unmapped": false}}, {"type": "Feature", "geometry": {"type": "LineString", "coordinates": [[3.7102244, 50.8834429], [3.7099892, 50.8834527]]}, "properties": {"role": "edge", "from": "1442432274", "to": "1442432334", "length": 16.54, "culvert": false, "unmapped": false}}, {"type": "Feature", "geometry": {"type": "LineString", "coordinates": [[3.7099892, 50.8834527], [3.7098224, 50.8834376]]}, "properties": {"role": "edge", "from": "1442432334", "to": "1442432278", "length": 11.82, "culvert": false, "unmapped": false}}, {"type": "Feature", "geometry": {"type": "LineString", "coordinates": [[3.7098224, 50.8834376], [3.7096506, 50.8834039]]}, "properties": {"role": "edge", "from": "1442432278", "to": "1442431802", "length": 12.62, "culvert": false, "unmapped": false}}, {"type": "Feature", "geometry": {"type": "LineString", "coordinates": [[3.7096506, 50.8834039], [3.7094468, 50.8833971]]}, "properties": {"role": "edge", "from": "1442431802", "to": "1442432251", "length": 14.32, "culvert": false, "unmapped": false}}, {"type": "Feature", "geometry": {"type": "LineString", "coordinates": [[3.7094468, 50.8833971], [3.7092796, 50.8833882]]}, "properties": {"role": "edge", "from": "1442432251", "to": "1442432253", "length": 11.77, "culvert": false, "unmapped": false}}, {"type": "Feature", "geometry": {"type": "LineString", "coordinates": [[3.7092796, 50.8833882], [3.7088374, 50.8834018]]}, "properties": {"role": "edge", "from": "1442432253", "to": "1442432436", "length": 31.06, "culvert": false, "unmapped": false}}, {"type": "Feature", "geometry": {"type": "LineString", "coordinates": [[3.7088374, 50.8834018], [3.7084181, 50.8834162]]}, "properties": {"role": "edge", "from": "1442432436", "to": "1442431673", "length": 29.46, "culvert": false, "unmapped": false}}, {"type": "Feature", "geometry": {"type": "LineString", "coordinates": [[3.7084181, 50.8834162], [3.7082622, 50.883414]]}, "properties": {"role": "edge", "from": "1442431673", "to": "1442431255", "length": 10.94, "culvert": false, "unmapped": false}}, {"type": "Feature", "geometry": {"type": "LineString", "coordinates": [[3.7082622, 50.883414], [3.7081131, 50.8834103]]}, "properties": {"role": "edge", "from": "1442431255", "to": "1442431244", "length": 10.47, "culvert": false, "unmapped": false}}, {"type": "Feature", "geometry": {"type": "LineString", "coordinates": [[3.7081131, 50.8834103], [3.7078767, 50.8834469]]}, "properties": {"role": "edge", "from": "1442431244", "to": "1442432163", "length": 17.08, "culvert": false, "unmapped": false}}, {"type": "Feature", "geometry": {"type": "LineString", "coordinates": [[3.7078767, 50.8834469], [3.7076446, 50.8835008]]}, "properties": {"role": "edge", "from": "1442432163", "to": "1442432289", "length": 17.35, "culvert": false, "unmapped": false}}, {"type": "Feature", "geometry": {"type": "LineString", "coordinates": [[3.7076446, 50.8835008], [3.7072742, 50.8835968]]}, "properties": {"role": "edge", "from": "1442432289", "to": "1442431421", "length": 28.09, "culvert": false, "unmapped": false}}, {"type": "Feature", "geometry": {"type": "LineString", "coordinates": [[3.7072742, 50.8835968], [3.706947, 50.8836543]]}, "properties": {"role": "edge", "from": "1442431421", "to": "1442431974", "length": 23.83, "culvert": false, "unmapped": false}}, {"type": "Feature", "geometry": {"type": "LineString", "coordinates": [[3.706947, 50.8836543], [3.7066415, 50.8837242]]}, "properties": {"role": "edge", "from": "1442431974", "to": "1442431487", "length": 22.8, "culvert": false, "unmapped": false}}, {"type": "Feature", "geometry": {"type": "LineString", "coordinates": [[3.7066415, 50.8837242], [3.7062013, 50.8837965]]}, "properties": {"role": "edge", "from": "1442431487", "to": "1442431499", "length": 31.91, "culvert": false, "unmapped": false}}, {"type": "Feature", "geometry": {"type": "LineString", "coordinates": [[3.7062013, 50.8837965], [3.7059224, 50.8838235]]}, "properties": {"role": "edge", "from": "1442431499", "to": "1442432228", "length": 19.79, "culvert": false, "unmapped": false}}, {"type": "Feature", "geometry": {"type": "LineString", "coordinates": [[3.7059224, 50.8838235], [3.7056491, 50.8838731]]}, "properties": {"role": "edge", "from": "1442432228", "to": "1442431413", "length": 19.95, "culvert": false, "unmapped": false}}, {"type": "Feature", "geometry": {"type": "LineString", "coordinates": [[3.7056491, 50.8838731], [3.7054184, 50.8839205]]}, "properties": {"role": "edge", "from": "1442431413", "to": "1442431473", "length": 17.02, "culvert": false, "unmapped": false}}, {"type": "Feature", "geometry": {"type": "LineString", "coordinates": [[3.7054184, 50.8839205], [3.705225, 50.8839284]]}, "properties": {"role": "edge", "from": "1442431473", "to": "1442431600", "length": 13.6, "culvert": false, "unmapped": false}}, {"type": "Feature", "geometry": {"type": "LineString", "coordinates": [[3.705225, 50.8839284], [3.705048, 50.8839792]]}, "properties": {"role": "edge", "from": "1442431600", "to": "1442432405", "length": 13.64, "culvert": false, "unmapped": false}}, {"type": "Feature", "geometry": {"type": "LineString", "coordinates": [[3.705048, 50.8839792], [3.7048763, 50.8839826]]}, "properties": {"role": "edge", "from": "1442432405", "to": "1442432401", "length": 12.05, "culvert": false, "unmapped": false}}, {"type": "Feature", "geometry": {"type": "LineString", "coordinates": [[3.7048763, 50.8839826], [3.7047529, 50.8839724]]}, "properties": {"role": "edge", "from": "1442432401", "to": "1442432393", "length": 8.73, "culvert": false, "unmapped": false}}, {"type": "Feature", "geometry": {"type": "LineString", "coordinates": [[3.7047529, 50.8839724], [3.7045384, 50.8839183]]}, "properties": {"role": "edge", "from": "1442432393", "to": "1442431364", "length": 16.21, "culvert": false, "unmapped": false}}, {"type": "Feature", "geometry": {"type": "LineString", "coordinates": [[3.7045384, 50.8839183], [3.704254, 50.8838506]]}, "properties": {"role": "edge", "from": "1442431364", "to": "1442431441", "length": 21.32, "culvert": false, "unmapped": false}}, {"type": "Feature", "geometry": {"type": "LineString", "coordinates": [[3.704254, 50.8838506], [3.7039805, 50.8838134]]}, "properties": {"role": "edge", "from": "1442431441", "to": "1442431596", "length": 19.63, "culvert": false, "unmapped": false}}, {"type": "Feature", "geometry": {"type": "LineString", "coordinates": [[3.7039805, 50.8838134], [3.7036586, 50.8838235]]}, "properties": {"role": "edge", "from": "1442431596", "to": "1442432194", "length": 22.61, "culvert": false, "unmapped": false}}, {"type": "Feature", "geometry": {"type": "LineString", "coordinates": [[3.7036586, 50.8838235], [3.7031168, 50.8838811]]}, "properties": {"role": "edge", "from": "1442432194", "to": "1442431495", "length": 38.54, "culvert": false, "unmapped": false}}, {"type": "Feature", "geometry": {"type": "LineString", "coordinates": [[3.7031168, 50.8838811], [3.7028164, 50.8839352]]}, "properties": {"role": "edge", "from": "1442431495", "to": "1442431749", "length": 21.92, "culvert": false, "unmapped": false}}, {"type": "Feature", "geometry": {"type": "LineString", "coordinates": [[3.7028164, 50.8839352], [3.7026018, 50.8839352]]}, "properties": {"role": "edge", "from": "1442431749", "to": "1442431385", "length": 15.05, "culvert": false, "unmapped": false}}, {"type": "Feature", "geometry": {"type": "LineString", "coordinates": [[3.7026018, 50.8839352], [3.7022907, 50.8839589]]}, "properties": {"role": "edge", "from": "1442431385", "to": "1442431479", "length": 21.98, "culvert": false, "unmapped": false}}, {"type": "Feature", "geometry": {"type": "LineString", "coordinates": [[3.7022907, 50.8839589], [3.7020332, 50.8840131]]}, "properties": {"role": "edge", "from": "1442431479", "to": "1442431677", "length": 19.04, "culvert": false, "unmapped": false}}, {"type": "Feature", "geometry": {"type": "LineString", "coordinates": [[3.7020332, 50.8840131], [3.7016898, 50.8840469]]}, "properties": {"role": "edge", "from": "1442431677", "to": "1442431194", "length": 24.38, "culvert": false, "unmapped": false}}, {"type": "Feature", "geometry": {"type": "LineString", "coordinates": [[3.7016898, 50.8840469], [3.7009335, 50.8840435]]}, "properties": {"role": "edge", "from": "1442431194", "to": "1442431841", "length": 53.06, "culvert": false, "unmapped": false}}, {"type": "Feature", "geometry": {"type": "LineString", "coordinates": [[3.7009335, 50.8840435], [3.7006921, 50.8840503]]}, "properties": {"role": "edge", "from": "1442431841", "to": "1442431794", "length": 16.95, "culvert": false, "unmapped": false}}, {"type": "Feature", "geometry": {"type": "LineString", "coordinates": [[3.7006921, 50.8840503], [3.7003125, 50.8840647]]}, "properties": {"role": "edge", "from": "1442431794", "to": "1442431485", "length": 26.68, "culvert": false, "unmapped": false}}, {"type": "Feature", "geometry": {"type": "LineString", "coordinates": [[3.7003125, 50.8840647], [3.7000832, 50.8840673]]}, "properties": {"role": "edge", "from": "1442431485", "to": "4864719929", "length": 16.09, "culvert": false, "unmapped": false}}, {"type": "Feature", "geometry": {"type": "LineString", "coordinates": [[3.7000832, 50.8840673], [3.6998499, 50.8840807]]}, "properties": {"role": "edge", "from": "4864719929", "to": "1442431432", "length": 16.43, "culvert": false, "unmapped": false}}, {"type": "Feature", "geometry": {"type": "LineString", "coordinates": [[3.6998499, 50.8840807], [3.6994443, 50.8840847]]}, "properties": {"role": "edge", "from": "1442431432", "to": "1442432394", "length": 28.46, "culvert": false, "unmapped": false}}, {"type": "Feature", "geometry": {"type": "LineString", "coordinates": [[3.6994443, 50.8840847], [3.6990479, 50.8841112]]}, "properties": {"role": "edge", "from": "1442432394", "to": "1442431602", "length": 27.96, "culvert": false, "unmapped": false}}, {"type": "Feature", "geometry": {"type": "LineString", "coordinates": [[3.6990479, 50.8841112], [3.6987045, 50.8841832]]}, "properties": {"role": "edge", "from": "1442431602", "to": "1442431447", "length": 25.39, "culvert": false, "unmapped": false}}, {"type": "Feature", "geometry": {"type": "LineString", "coordinates": [[3.6987045, 50.8841832], [3.6985329, 50.8842449]]}, "properties": {"role": "edge", "from": "1442431447", "to": "1442432328", "length": 13.86, "culvert": false, "unmapped": false}}, {"type": "Feature", "geometry": {"type": "LineString", "coordinates": [[3.6985329, 50.8842449], [3.6984229, 50.8843278]]}, "properties": {"role": "edge", "from": "1442432328", "to": "1442432418", "length": 12.02, "culvert": false, "unmapped": false}}, {"type": "Feature", "geometry": {"type": "LineString", "coordinates": [[3.6984229, 50.8843278], [3.6982995, 50.8844479]]}, "properties": {"role": "edge", "from": "1442432418", "to": "1442432351", "length": 15.91, "culvert": false, "unmapped": false}}, {"type": "Feature", "geometry": {"type": "LineString", "coordinates": [[3.6982995, 50.8844479], [3.6982033, 50.8845923]]}, "properties": {"role": "edge", "from": "1442432351", "to": "1442432400", "length": 17.42, "culvert": false, "unmapped": false}}, {"type": "Feature", "geometry": {"type": "LineString", "coordinates": [[3.6982033, 50.8845923], [3.6981064, 50.8846832]]}, "properties": {"role": "edge", "from": "1442432400", "to": "1442431531", "length": 12.18, "culvert": false, "unmapped": false}}, {"type": "Feature", "geometry": {"type": "LineString", "coordinates": [[3.6981064, 50.8846832], [3.6979133, 50.8847491]]}, "properties": {"role": "edge", "from": "1442431531", "to": "1442431288", "length": 15.4, "culvert": false, "unmapped": false}}, {"type": "Feature", "geometry": {"type": "LineString", "coordinates": [[3.6979133, 50.8847491], [3.6975458, 50.8847441]]}, "properties": {"role": "edge", "from": "1442431288", "to": "4864719930", "length": 25.79, "culvert": false, "unmapped": false}}, {"type": "Feature", "geometry": {"type": "LineString", "coordinates": [[3.6975458, 50.8847441], [3.69735, 50.8847441]]}, "properties": {"role": "edge", "from": "4864719930", "to": "1442432429", "length": 13.74, "culvert": false, "unmapped": false}}, {"type": "Feature", "geometry": {"type": "LineString", "coordinates": [[3.69735, 50.8847441], [3.6971301, 50.8847475]]}, "properties": {"role": "edge", "from": "1442432429", "to": "1442432435", "length": 15.43, "culvert": false, "unmapped": false}}, {"type": "Feature", "geometry": {"type": "LineString", "coordinates": [[3.6971301, 50.8847475], [3.6968716, 50.8848157]]}, "properties": {"role": "edge", "from": "1442432435", "to": "1442431216", "length": 19.66, "culvert": false, "unmapped": false}}, {"type": "Feature", "geometry": {"type": "LineString", "coordinates": [[3.6968716, 50.8848157], [3.6965829, 50.8848447]]}, "properties": {"role": "edge", "from": "1442431216", "to": "1442431308", "length": 20.51, "culvert": false, "unmapped": false}}, {"type": "Feature", "geometry": {"type": "LineString", "coordinates": [[3.6965829, 50.8848447], [3.6963349, 50.8847737]]}, "properties": {"role": "edge", "from": "1442431308", "to": "1442432165", "length": 19.1, "culvert": false, "unmapped": false}}, {"type": "Feature", "geometry": {"type": "LineString", "coordinates": [[3.6963349, 50.8847737], [3.6960733, 50.8846561]]}, "properties": {"role": "edge", "from": "1442432165", "to": "1442431624", "length": 22.53, "culvert": false, "unmapped": false}}, {"type": "Feature", "geometry": {"type": "LineString", "coordinates": [[3.6960733, 50.8846561], [3.6958936, 50.8845707]]}, "properties": {"role": "edge", "from": "1442431624", "to": "1442432303", "length": 15.78, "culvert": false, "unmapped": false}}, {"type": "Feature", "geometry": {"type": "LineString", "coordinates": [[3.6958936, 50.8845707], [3.6957034, 50.8844992]]}, "properties": {"role": "edge", "from": "1442432303", "to": "1442431369", "length": 15.53, "culvert": false, "unmapped": false}}, {"type": "Feature", "geometry": {"type": "LineString", "coordinates": [[3.6957034, 50.8844992], [3.6955369, 50.8844767]]}, "properties": {"role": "edge", "from": "1442431369", "to": "1442432390", "length": 11.95, "culvert": false, "unmapped": false}}, {"type": "Feature", "geometry": {"type": "LineString", "coordinates": [[3.6955369, 50.8844767], [3.6953491, 50.8844835]]}, "properties": {"role": "edge", "from": "1442432390", "to": "1442431621", "length": 13.2, "culvert": false, "unmapped": false}}, {"type": "Feature", "geometry": {"type": "LineString", "coordinates": [[3.6953491, 50.8844835], [3.6948505, 50.8845838]]}, "properties": {"role": "edge", "from": "1442431621", "to": "1442432041", "length": 36.71, "culvert": false, "unmapped": false}}, {"type": "Feature", "geometry": {"type": "LineString", "coordinates": [[3.6948505, 50.8845838], [3.6945176, 50.8846798]]}, "properties": {"role": "edge", "from": "1442432041", "to": "1442432406", "length": 25.68, "culvert": false, "unmapped": false}}, {"type": "Feature", "geometry": {"type": "LineString", "coordinates": [[3.6945176, 50.8846798], [3.6943542, 50.8847549]]}, "properties": {"role": "edge", "from": "1442432406", "to": "4891869128", "length": 14.18, "culvert": false, "unmapped": false}}, {"type": "Feature", "geometry": {"type": "LineString", "coordinates": [[3.6943542, 50.8847549], [3.6940824, 50.8848799]]}, "properties": {"role": "edge", "from": "4891869128", "to": "1442431882", "length": 23.6, "culvert": false, "unmapped": false}}, {"type": "Feature", "geometry": {"type": "LineString", "coordinates": [[3.6940824, 50.8848799], [3.6938685, 50.8849607]]}, "properties": {"role": "edge", "from": "1442431882", "to": "1442432341", "length": 17.49, "culvert": false, "unmapped": false}}, {"type": "Feature", "geometry": {"type": "LineString", "coordinates": [[3.6938685, 50.8849607], [3.6937291, 50.8849776]]}, "properties": {"role": "edge", "from": "1442432341", "to": "1442432330", "length": 9.96, "culvert": false, "unmapped": false}}, {"type": "Feature", "geometry": {"type": "LineString", "coordinates": [[3.6937291, 50.8849776], [3.6932141, 50.8851176]]}, "properties": {"role": "edge", "from": "1442432330", "to": "1442431603", "length": 39.34, "culvert": false, "unmapped": false}}, {"type": "Feature", "geometry": {"type": "LineString", "coordinates": [[3.6932141, 50.8851176], [3.6931067, 50.8851557]]}, "properties": {"role": "edge", "from": "1442431603", "to": "1442432332", "length": 8.64, "culvert": false, "unmapped": false}}, {"type": "Feature", "geometry": {"type": "LineString", "coordinates": [[3.6931067, 50.8851557], [3.6929298, 50.8852043]]}, "properties": {"role": "edge", "from": "1442432332", "to": "1442431280", "length": 13.54, "culvert": false, "unmapped": false}}, {"type": "Feature", "geometry": {"type": "LineString", "coordinates": [[3.6929298, 50.8852043], [3.692882, 50.8852176]]}, "properties": {"role": "edge", "from": "1442431280", "to": "1442431454", "length": 3.66, "culvert": false, "unmapped": false}}, {"type": "Feature", "geometry": {"type": "LineString", "coordinates": [[3.692882, 50.8852176], [3.6928018, 50.8852418]]}, "properties": {"role": "edge", "from": "1442431454", "to": "1442431278", "length": 6.24, "culvert": false, "unmapped": false}}, {"type": "Feature", "geometry": {"type": "LineString", "coordinates": [[3.6928018, 50.8852418], [3.6927044, 50.8852526]]}, "properties": {"role": "edge", "from": "1442431278", "to": "1442432353", "length": 6.94, "culvert": false, "unmapped": false}}, {"type": "Feature", "geometry": {"type": "LineString", "coordinates": [[3.6927044, 50.8852526], [3.6925761, 50.8852646]]}, "properties": {"role": "edge", "from": "1442432353", "to": "1442432171", "length": 9.1, "culvert": false, "unmapped": false}}, {"type": "Feature", "geometry": {"type": "LineString", "coordinates": [[3.6925761, 50.8852646], [3.6925045, 50.8852254]]}, "properties": {"role": "edge", "from": "1442432171", "to": "1442432354", "length": 6.65, "culvert": false, "unmapped": false}}, {"type": "Feature", "geometry": {"type": "LineString", "coordinates": [[3.6925045, 50.8852254], [3.6924673, 50.8851936]]}, "properties": {"role": "edge", "from": "1442432354", "to": "4864719963", "length": 4.39, "culvert": false, "unmapped": false}}, {"type": "Feature", "geometry": {"type": "LineString", "coordinates": [[3.6924673, 50.8851936], [3.6924121, 50.8851392]]}, "properties": {"role": "edge", "from": "4864719963", "to": "1442432301", "length": 7.18, "culvert": false, "unmapped": false}}, {"type": "Feature", "geometry": {"type": "LineString", "coordinates": [[3.6924121, 50.8851392], [3.6923307, 50.8851147]]}, "properties": {"role": "edge", "from": "1442432301", "to": "4864719964", "length": 6.33, "culvert": false, "unmapped": false}}, {"type": "Feature", "geometry": {"type": "LineString", "coordinates": [[3.6923307, 50.8851147], [3.6922827, 50.8851105]]}, "properties": {"role": "edge", "from": "4864719964", "to": "4864719965", "length": 3.4, "culvert": false, "unmapped": false}}, {"type": "Feature", "geometry": {"type": "LineString", "coordinates": [[3.6922827, 50.8851105], [3.6922257, 50.8851062]]}, "properties": {"role": "edge", "from": "4864719965", "to": "1442431545", "length": 4.03, "culvert": false, "unmapped": false}}, {"type": "Feature", "geometry": {"type": "LineString", "coordinates": [[3.6922257, 50.8851062], [3.6921966, 50.8851091]]}, "properties": {"role": "edge", "from": "1442431545", "to": "4864719931", "length": 2.07, "culvert": false, "unmapped": false}}, {"type": "Feature", "geometry": {"type": "LineString", "coordinates": [[3.6921966, 50.8851091], [3.6920554, 50.8851231]]}, "properties": {"role": "edge", "from": "4864719931", "to": "1442431415", "length": 10.03, "culvert": false, "unmapped": false}}, {"type": "Feature", "geometry": {"type": "LineString", "coordinates": [[3.6920554, 50.8851231], [3.6918786, 50.8851422]]}, "properties": {"role": "edge", "from": "1442431415", "to": "1442432216", "length": 12.58, "culvert": false, "unmapped": false}}, {"type": "Feature", "geometry": {"type": "LineString", "coordinates": [[3.6918786, 50.8851422], [3.6917174, 50.8851739]]}, "properties": {"role": "edge", "from": "1442432216", "to": "1442432277", "length": 11.84, "culvert": false, "unmapped": false}}, {"type": "Feature", "geometry": {"type": "LineString", "coordinates": [[3.6917174, 50.8851739], [3.6914881, 50.8851993]]}, "properties": {"role": "edge", "from": "1442432277", "to": "1442431424", "length": 16.33, "culvert": false, "unmapped": false}}, {"type": "Feature", "geometry": {"type": "LineString", "coordinates": [[3.6914881, 50.8851993], [3.6912617, 50.8851557]]}, "properties": {"role": "edge", "from": "1442431424", "to": "1442432179", "length": 16.61, "culvert": false, "unmapped": false}}, {"type": "Feature", "geometry": {"type": "LineString", "coordinates": [[3.6912617, 50.8851557], [3.6911126, 50.8851198]]}, "properties": {"role": "edge", "from": "1442432179", "to": "1442431427", "length": 11.2, "culvert": false, "unmapped": false}}, {"type": "Feature", "geometry": {"type": "LineString", "coordinates": [[3.6911126, 50.8851198], [3.6908645, 50.8850757]]}, "properties": {"role": "edge", "from": "1442431427", "to": "1442431314", "length": 18.08, "culvert": false, "unmapped": false}}, {"type": "Feature", "geometry": {"type": "LineString", "coordinates": [[3.6908645, 50.8850757], [3.690446, 50.8850148]]}, "properties": {"role": "edge", "from": "1442431314", "to": "1442431683", "length": 30.13, "culvert": false, "unmapped": false}}, {"type": "Feature", "geometry": {"type": "LineString", "coordinates": [[3.690446, 50.8850148], [3.6901563, 50.884981]]}, "properties": {"role": "edge", "from": "1442431683", "to": "1442431316", "length": 20.67, "culvert": false, "unmapped": false}}, {"type": "Feature", "geometry": {"type": "LineString", "coordinates": [[3.6901563, 50.884981], [3.6900383, 50.8849471]]}, "properties": {"role": "edge", "from": "1442431316", "to": "1442431312", "length": 9.1, "culvert": false, "unmapped": false}}, {"type": "Feature", "geometry": {"type": "LineString", "coordinates": [[3.6900383, 50.8849471], [3.6898927, 50.8849175]]}, "properties": {"role": "edge", "from": "1442431312", "to": "7860472263", "length": 10.73, "culvert": false, "unmapped": false}}, {"type": "Feature", "geometry": {"type": "LineString", "coordinates": [[3.6898927, 50.8849175], [3.6898084, 50.8849298]]}, "properties": {"role": "edge", "from": "7860472263", "to": "1442431357", "length": 6.07, "culvert": false, "unmapped": false}}, {"type": "Feature", "geometry": {"type": "LineString", "coordinates": [[3.6898084, 50.8849298], [3.6897379, 50.8849674]]}, "properties": {"role": "edge", "from": "1442431357", "to": "1442432384", "length": 6.48, "culvert": false, "unmapped": false}}, {"type": "Feature", "geometry": {"type": "LineString", "coordinates": [[3.6897379, 50.8849674], [3.6896789, 50.8850656]]}, "properties": {"role": "edge", "from": "1442432384", "to": "1442432440", "length": 11.68, "culvert": false, "unmapped": false}}, {"type": "Feature", "geometry": {"type": "LineString", "coordinates": [[3.6896789, 50.8850656], [3.6896256, 50.8851191]]}, "properties": {"role": "edge", "from": "1442432440", "to": "7860472260", "length": 7.03, "culvert": false, "unmapped": false}}, {"type": "Feature", "geometry": {"type": "LineString", "coordinates": [[3.6896256, 50.8851191], [3.689591, 50.8851385]]}, "properties": {"role": "edge", "from": "7860472260", "to": "1442431186", "length": 3.25, "culvert": false, "unmapped": false}}, {"type": "Feature", "geometry": {"type": "LineString", "coordinates": [[3.689591, 50.8851385], [3.6895275, 50.885156]]}, "properties": {"role": "edge", "from": "1442431186", "to": "1442431825", "length": 4.86, "culvert": false, "unmapped": false}}, {"type": "Feature", "geometry": {"type": "LineString", "coordinates": [[3.6895275, 50.885156], [3.6894268, 50.8851502]]}, "properties": {"role": "edge", "from": "1442431825", "to": "1442431800", "length": 7.09, "culvert": false, "unmapped": false}}, {"type": "Feature", "geometry": {"type": "LineString", "coordinates": [[3.6894268, 50.8851502], [3.6891966, 50.8850789]]}, "properties": {"role": "edge", "from": "1442431800", "to": "7860472262", "length": 17.99, "culvert": false, "unmapped": false}}, {"type": "Feature", "geometry": {"type": "LineString", "coordinates": [[3.6891966, 50.8850789], [3.6891186, 50.8850607]]}, "properties": {"role": "edge", "from": "7860472262", "to": "1442431646", "length": 5.83, "culvert": false, "unmapped": false}}, {"type": "Feature", "geometry": {"type": "LineString", "coordinates": [[3.6891186, 50.8850607], [3.6889846, 50.8850521]]}, "properties": {"role": "edge", "from": "1442431646", "to": "7860472261", "length": 9.45, "culvert": false, "unmapped": false}}, {"type": "Feature", "geometry": {"type": "LineString", "coordinates": [[3.6889846, 50.8850521], [3.6888285, 50.8850708]]}, "properties": {"role": "edge", "from": "7860472261", "to": "1442431617", "length": 11.15, "culvert": false, "unmapped": false}}, {"type": "Feature", "geometry": {"type": "LineString", "coordinates": [[3.6888285, 50.8850708], [3.6886117, 50.8851727]]}, "properties": {"role": "edge", "from": "1442431617", "to": "1442432412", "length": 18.97, "culvert": false, "unmapped": false}}, {"type": "Feature", "geometry": {"type": "LineString", "coordinates": [[3.6886117, 50.8851727], [3.6885578, 50.8852111]]}, "properties": {"role": "edge", "from": "1442432412", "to": "1442432000", "length": 5.7, "culvert": false, "unmapped": false}}, {"type": "Feature", "geometry": {"type": "LineString", "coordinates": [[3.6885578, 50.8852111], [3.6884952, 50.8852372]]}, "properties": {"role": "edge", "from": "1442432000", "to": "1442431528", "length": 5.26, "culvert": false, "unmapped": false}}, {"type": "Feature", "geometry": {"type": "LineString", "coordinates": [[3.6884952, 50.8852372], [3.6880097, 50.8853474]]}, "properties": {"role": "edge", "from": "1442431528", "to": "1442431543", "length": 36.2, "culvert": true, "unmapped": false}}, {"type": "Feature", "geometry": {"type": "LineString", "coordinates": [[3.7640995, 50.8661723], [3.7641624, 50.8662372]]}, "properties": {"role": "edge", "from": "3045964324", "to": "3045964326", "length": 8.46, "culvert": false, "unmapped": false}}, {"type": "Feature", "geometry": {"type": "LineString", "coordinates": [[3.7641624, 50.8662372], [3.7641783, 50.8662903]]}, "properties": {"role": "edge", "from": "3045964326", "to": "3045964327", "length": 6.01, "culvert": false, "unmapped": false}}, {"type": "Feature", "geometry": {"type": "LineString", "coordinates": [[3.7641783, 50.8662903], [3.7641453, 50.8663422]]}, "properties": {"role": "edge", "from": "3045964327", "to": "3045964328", "length": 6.22, "culvert": false, "unmapped": false}}, {"type": "Feature", "geometry": {"type": "LineString", "coordinates": [[3.7641453, 50.8663422], [3.7640442, 50.8663951]]}, "properties": {"role": "edge", "from": "3045964328", "to": "651509003", "length": 9.22, "culvert": false, "unmapped": false}}, {"type": "Feature", "geometry": {"type": "LineString", "coordinates": [[3.7640442, 50.8663951], [3.7638941, 50.8664453]]}, "properties": {"role": "edge", "from": "651509003", "to": "3045964330", "length": 11.92, "culvert": false, "unmapped": false}}, {"type": "Feature", "geometry": {"type": "LineString", "coordinates": [[3.7638941, 50.8664453], [3.7637077, 50.8665113]]}, "properties": {"role": "edge", "from": "3045964330", "to": "651509004", "length": 15.0, "culvert": false, "unmapped": false}}, {"type": "Feature", "geometry": {"type": "LineString", "coordinates": [[3.7637077, 50.8665113], [3.7636293, 50.8665985]]}, "properties": {"role": "edge", "from": "651509004", "to": "3045964332", "length": 11.15, "culvert": false, "unmapped": false}}, {"type": "Feature", "geometry": {"type": "LineString", "coordinates": [[3.7636293, 50.8665985], [3.7635576, 50.8666706]]}, "properties": {"role": "edge", "from": "3045964332", "to": "3045964433", "length": 9.47, "culvert": false, "unmapped": false}}, {"type": "Feature", "geometry": {"type": "LineString", "coordinates": [[3.7635576, 50.8666706], [3.7634848, 50.8667395]]}, "properties": {"role": "edge", "from": "3045964433", "to": "3045964434", "length": 9.21, "culvert": false, "unmapped": false}}, {"type": "Feature", "geometry": {"type": "LineString", "coordinates": [[3.7634848, 50.8667395], [3.7634158, 50.8668128]]}, "properties": {"role": "edge", "from": "3045964434", "to": "3045964437", "length": 9.48, "culvert": false, "unmapped": false}}, {"type": "Feature", "geometry": {"type": "LineString", "coordinates": [[3.7634158, 50.8668128], [3.7633829, 50.8669386]]}, "properties": {"role": "edge", "from": "3045964437", "to": "651509005", "length": 14.18, "culvert": false, "unmapped": false}}, {"type": "Feature", "geometry": {"type": "LineString", "coordinates": [[3.7633829, 50.8669386], [3.7633791, 50.8670863]]}, "properties": {"role": "edge", "from": "651509005", "to": "3045964439", "length": 16.43, "culvert": false, "unmapped": false}}, {"type": "Feature", "geometry": {"type": "LineString", "coordinates": [[3.7633791, 50.8670863], [3.7634112, 50.8671868]]}, "properties": {"role": "edge", "from": "3045964439", "to": "3895916777", "length": 11.4, "culvert": false, "unmapped": false}}, {"type": "Feature", "geometry": {"type": "LineString", "coordinates": [[3.7634112, 50.8671868], [3.7633523, 50.8673545]]}, "properties": {"role": "edge", "from": "3895916777", "to": "651509006", "length": 19.1, "culvert": false, "unmapped": false}}, {"type": "Feature", "geometry": {"type": "LineString", "coordinates": [[3.7633523, 50.8673545], [3.7633273, 50.8675725]]}, "properties": {"role": "edge", "from": "651509006", "to": "651509007", "length": 24.3, "culvert": false, "unmapped": false}}, {"type": "Feature", "geometry": {"type": "LineString", "coordinates": [[3.7633273, 50.8675725], [3.763312, 50.867622]]}, "properties": {"role": "edge", "from": "651509007", "to": "3045964445", "length": 5.61, "culvert": false, "unmapped": false}}, {"type": "Feature", "geometry": {"type": "LineString", "coordinates": [[3.763312, 50.867622], [3.7632529, 50.8676607]]}, "properties": {"role": "edge", "from": "3045964445", "to": "3045964446", "length": 5.98, "culvert": false, "unmapped": false}}, {"type": "Feature", "geometry": {"type": "LineString", "coordinates": [[3.7632529, 50.8676607], [3.7631006, 50.8677167]]}, "properties": {"role": "edge", "from": "3045964446", "to": "3045964447", "length": 12.37, "culvert": false, "unmapped": false}}, {"type": "Feature", "geometry": {"type": "LineString", "coordinates": [[3.7631006, 50.8677167], [3.7630079, 50.8677538]]}, "properties": {"role": "edge", "from": "3045964447", "to": "3045964448", "length": 7.7, "culvert": false, "unmapped": false}}, {"type": "Feature", "geometry": {"type": "LineString", "coordinates": [[3.7630079, 50.8677538], [3.7629391, 50.8678214]]}, "properties": {"role": "edge", "from": "3045964448", "to": "651509008", "length": 8.93, "culvert": false, "unmapped": false}}, {"type": "Feature", "geometry": {"type": "LineString", "coordinates": [[3.7629391, 50.8678214], [3.7628868, 50.8679688]]}, "properties": {"role": "edge", "from": "651509008", "to": "5809151592", "length": 16.8, "culvert": false, "unmapped": false}}, {"type": "Feature", "geometry": {"type": "LineString", "coordinates": [[3.7628868, 50.8679688], [3.762885, 50.8682042]]}, "properties": {"role": "edge", "from": "5809151592", "to": "3895916779", "length": 26.18, "culvert": false, "unmapped": false}}, {"type": "Feature", "geometry": {"type": "LineString", "coordinates": [[3.762885, 50.8682042], [3.7628591, 50.8683089]]}, "properties": {"role": "edge", "from": "3895916779", "to": "5809151597", "length": 11.78, "culvert": false, "unmapped": false}}, {"type": "Feature", "geometry": {"type": "LineString", "coordinates": [[3.7628591, 50.8683089], [3.7627974, 50.8684281]]}, "properties": {"role": "edge", "from": "5809151597", "to": "5809151596", "length": 13.94, "culvert": false, "unmapped": false}}, {"type": "Feature", "geometry": {"type": "LineString", "coordinates": [[3.7627974, 50.8684281], [3.7626817, 50.8685251]]}, "properties": {"role": "edge", "from": "5809151596", "to": "5809151595", "length": 13.5, "culvert": false, "unmapped": false}}, {"type": "Feature", "geometry": {"type": "LineString", "coordinates": [[3.7626817, 50.8685251], [3.7624854, 50.8686238]]}, "properties": {"role": "edge", "from": "5809151595", "to": "5809151594", "length": 17.61, "culvert": false, "unmapped": false}}, {"type": "Feature", "geometry": {"type": "LineString", "coordinates": [[3.7624854, 50.8686238], [3.7624131, 50.8686662]]}, "properties": {"role": "edge", "from": "5809151594", "to": "5809151593", "length": 6.93, "culvert": false, "unmapped": false}}, {"type": "Feature", "geometry": {"type": "LineString", "coordinates": [[3.7624131, 50.8686662], [3.7623467, 50.8687011]]}, "properties": {"role": "edge", "from": "5809151593", "to": "1442439176", "length": 6.06, "culvert": false, "unmapped": false}}, {"type": "Feature", "geometry": {"type": "LineString", "coordinates": [[3.6859164, 50.8853644], [3.6858326, 50.88536]]}, "properties": {"role": "edge", "from": "12084551172", "to": "1442432413", "length": 5.9, "culvert": false, "unmapped": false}}, {"type": "Feature", "geometry": {"type": "LineString", "coordinates": [[3.6858326, 50.88536], [3.6854678, 50.8852991]]}, "properties": {"role": "edge", "from": "1442432413", "to": "1442431654", "length": 26.47, "culvert": false, "unmapped": false}}, {"type": "Feature", "geometry": {"type": "LineString", "coordinates": [[3.6854678, 50.8852991], [3.685301, 50.8852514]]}, "properties": {"role": "edge", "from": "1442431654", "to": "1442431653", "length": 12.85, "culvert": false, "unmapped": false}}, {"type": "Feature", "geometry": {"type": "LineString", "coordinates": [[3.685301, 50.8852514], [3.6850961, 50.885203]]}, "properties": {"role": "edge", "from": "1442431653", "to": "1442431832", "length": 15.35, "culvert": false, "unmapped": false}}, {"type": "Feature", "geometry": {"type": "LineString", "coordinates": [[3.6850961, 50.885203], [3.684985, 50.8852022]]}, "properties": {"role": "edge", "from": "1442431832", "to": "1442432339", "length": 7.79, "culvert": false, "unmapped": false}}, {"type": "Feature", "geometry": {"type": "LineString", "coordinates": [[3.684985, 50.8852022], [3.6848143, 50.8852738]]}, "properties": {"role": "edge", "from": "1442432339", "to": "1442432428", "length": 14.38, "culvert": false, "unmapped": false}}, {"type": "Feature", "geometry": {"type": "LineString", "coordinates": [[3.6848143, 50.8852738], [3.6846525, 50.8853634]]}, "properties": {"role": "edge", "from": "1442432428", "to": "1442432039", "length": 15.1, "culvert": false, "unmapped": false}}, {"type": "Feature", "geometry": {"type": "LineString", "coordinates": [[3.6846525, 50.8853634], [3.6844381, 50.8855754]]}, "properties": {"role": "edge", "from": "1442432039", "to": "1442431562", "length": 27.96, "culvert": false, "unmapped": false}}, {"type": "Feature", "geometry": {"type": "LineString", "coordinates": [[3.6844381, 50.8855754], [3.6842987, 50.8857176]]}, "properties": {"role": "edge", "from": "1442431562", "to": "1442432375", "length": 18.59, "culvert": false, "unmapped": false}}, {"type": "Feature", "geometry": {"type": "LineString", "coordinates": [[3.6842987, 50.8857176], [3.6840195, 50.8857898]]}, "properties": {"role": "edge", "from": "1442432375", "to": "1442432409", "length": 21.17, "culvert": false, "unmapped": false}}, {"type": "Feature", "geometry": {"type": "LineString", "coordinates": [[3.6840195, 50.8857898], [3.6838371, 50.8857932]]}, "properties": {"role": "edge", "from": "1442432409", "to": "1442431681", "length": 12.8, "culvert": false, "unmapped": false}}, {"type": "Feature", "geometry": {"type": "LineString", "coordinates": [[3.6838371, 50.8857932], [3.6837459, 50.8858203]]}, "properties": {"role": "edge", "from": "1442431681", "to": "1442431517", "length": 7.07, "culvert": false, "unmapped": false}}, {"type": "Feature", "geometry": {"type": "LineString", "coordinates": [[3.6837459, 50.8858203], [3.6836064, 50.8859387]]}, "properties": {"role": "edge", "from": "1442431517", "to": "1442432437", "length": 16.4, "culvert": false, "unmapped": false}}, {"type": "Feature", "geometry": {"type": "LineString", "coordinates": [[3.6836064, 50.8859387], [3.6833757, 50.8861519]]}, "properties": {"role": "edge", "from": "1442432437", "to": "1442432010", "length": 28.7, "culvert": false, "unmapped": false}}, {"type": "Feature", "geometry": {"type": "LineString", "coordinates": [[3.6833757, 50.8861519], [3.6832419, 50.8862674]]}, "properties": {"role": "edge", "from": "1442432010", "to": "1442431591", "length": 15.91, "culvert": false, "unmapped": false}}, {"type": "Feature", "geometry": {"type": "LineString", "coordinates": [[3.6832419, 50.8862674], [3.6831182, 50.8863854]]}, "properties": {"role": "edge", "from": "1442431591", "to": "1442431774", "length": 15.73, "culvert": false, "unmapped": false}}, {"type": "Feature", "geometry": {"type": "LineString", "coordinates": [[3.6831182, 50.8863854], [3.6829618, 50.8864771]]}, "properties": {"role": "edge", "from": "1442431774", "to": "1442432249", "length": 14.98, "culvert": false, "unmapped": false}}, {"type": "Feature", "geometry": {"type": "LineString", "coordinates": [[3.6829618, 50.8864771], [3.6827834, 50.8865191]]}, "properties": {"role": "edge", "from": "1442432249", "to": "1442431678", "length": 13.36, "culvert": false, "unmapped": false}}, {"type": "Feature", "geometry": {"type": "LineString", "coordinates": [[3.6827834, 50.8865191], [3.6826032, 50.8865513]]}, "properties": {"role": "edge", "from": "1442431678", "to": "1442432338", "length": 13.14, "culvert": false, "unmapped": false}}, {"type": "Feature", "geometry": {"type": "LineString", "coordinates": [[3.6826032, 50.8865513], [3.6823779, 50.8865783]]}, "properties": {"role": "edge", "from": "1442432338", "to": "1442432306", "length": 16.09, "culvert": false, "unmapped": false}}, {"type": "Feature", "geometry": {"type": "LineString", "coordinates": [[3.6823779, 50.8865783], [3.6820927, 50.886675]]}, "properties": {"role": "edge", "from": "1442432306", "to": "1442431962", "length": 22.71, "culvert": false, "unmapped": false}}, {"type": "Feature", "geometry": {"type": "LineString", "coordinates": [[3.6820927, 50.886675], [3.6819327, 50.8867306]]}, "properties": {"role": "edge", "from": "1442431962", "to": "1442432443", "length": 12.81, "culvert": false, "unmapped": false}}, {"type": "Feature", "geometry": {"type": "LineString", "coordinates": [[3.6819327, 50.8867306], [3.6816806, 50.8868051]]}, "properties": {"role": "edge", "from": "1442432443", "to": "1442431696", "length": 19.53, "culvert": false, "unmapped": false}}, {"type": "Feature", "geometry": {"type": "LineString", "coordinates": [[3.6816806, 50.8868051], [3.6814606, 50.8868525]]}, "properties": {"role": "edge", "from": "1442431696", "to": "1442431728", "length": 16.31, "culvert": false, "unmapped": false}}, {"type": "Feature", "geometry": {"type": "LineString", "coordinates": [[3.6814606, 50.8868525], [3.6813053, 50.8869122]]}, "properties": {"role": "edge", "from": "1442431728", "to": "1442431818", "length": 12.76, "culvert": false, "unmapped": false}}, {"type": "Feature", "geometry": {"type": "LineString", "coordinates": [[3.6813053, 50.8869122], [3.6811656, 50.8869946]]}, "properties": {"role": "edge", "from": "1442431818", "to": "1442431798", "length": 13.42, "culvert": false, "unmapped": false}}, {"type": "Feature", "geometry": {"type": "LineString", "coordinates": [[3.6811656, 50.8869946], [3.6810905, 50.887069]]}, "properties": {"role": "edge", "from": "1442431798", "to": "1442432116", "length": 9.81, "culvert": false, "unmapped": false}}, {"type": "Feature", "geometry": {"type": "LineString", "coordinates": [[3.6810905, 50.887069], [3.681021, 50.8872134]]}, "properties": {"role": "edge", "from": "1442432116", "to": "1442432449", "length": 16.78, "culvert": false, "unmapped": false}}, {"type": "Feature", "geometry": {"type": "LineString", "coordinates": [[3.681021, 50.8872134], [3.6809725, 50.8874244]]}, "properties": {"role": "edge", "from": "1442432449", "to": "1442432372", "length": 23.71, "culvert": false, "unmapped": false}}, {"type": "Feature", "geometry": {"type": "LineString", "coordinates": [[3.6809725, 50.8874244], [3.6809123, 50.8876149]]}, "properties": {"role": "edge", "from": "1442432372", "to": "1442432217", "length": 21.6, "culvert": false, "unmapped": false}}, {"type": "Feature", "geometry": {"type": "LineString", "coordinates": [[3.6809123, 50.8876149], [3.6809071, 50.887691]]}, "properties": {"role": "edge", "from": "1442432217", "to": "1442432175", "length": 8.47, "culvert": false, "unmapped": false}}, {"type": "Feature", "geometry": {"type": "LineString", "coordinates": [[3.6809071, 50.887691], [3.6809904, 50.8878106]]}, "properties": {"role": "edge", "from": "1442432175", "to": "1442431189", "length": 14.53, "culvert": false, "unmapped": false}}, {"type": "Feature", "geometry": {"type": "LineString", "coordinates": [[3.6809904, 50.8878106], [3.6810958, 50.8878778]]}, "properties": {"role": "edge", "from": "1442431189", "to": "1442431175", "length": 10.51, "culvert": false, "unmapped": false}}, {"type": "Feature", "geometry": {"type": "LineString", "coordinates": [[3.6810958, 50.8878778], [3.6812034, 50.8879511]]}, "properties": {"role": "edge", "from": "1442431175", "to": "1442431790", "length": 11.11, "culvert": false, "unmapped": false}}, {"type": "Feature", "geometry": {"type": "LineString", "coordinates": [[3.6812034, 50.8879511], [3.6811712, 50.8880493]]}, "properties": {"role": "edge", "from": "1442431790", "to": "1442431258", "length": 11.15, "culvert": false, "unmapped": false}}, {"type": "Feature", "geometry": {"type": "LineString", "coordinates": [[3.6811712, 50.8880493], [3.6810607, 50.8881855]]}, "properties": {"role": "edge", "from": "1442431258", "to": "1442432425", "length": 17.01, "culvert": false, "unmapped": false}}, {"type": "Feature", "geometry": {"type": "LineString", "coordinates": [[3.6810607, 50.8881855], [3.6808168, 50.8884536]]}, "properties": {"role": "edge", "from": "1442432425", "to": "1442431702", "length": 34.37, "culvert": false, "unmapped": false}}, {"type": "Feature", "geometry": {"type": "LineString", "coordinates": [[3.6808168, 50.8884536], [3.6806894, 50.8886003]]}, "properties": {"role": "edge", "from": "1442431702", "to": "1442432219", "length": 18.6, "culvert": false, "unmapped": false}}, {"type": "Feature", "geometry": {"type": "LineString", "coordinates": [[3.6806894, 50.8886003], [3.680576, 50.8887131]]}, "properties": {"role": "edge", "from": "1442432219", "to": "1442431720", "length": 14.85, "culvert": false, "unmapped": false}}, {"type": "Feature", "geometry": {"type": "LineString", "coordinates": [[3.680576, 50.8887131], [3.6804524, 50.8888107]]}, "properties": {"role": "edge", "from": "1442431720", "to": "1442432114", "length": 13.89, "culvert": false, "unmapped": false}}, {"type": "Feature", "geometry": {"type": "LineString", "coordinates": [[3.6804524, 50.8888107], [3.6803019, 50.8888626]]}, "properties": {"role": "edge", "from": "1442432114", "to": "1442431884", "length": 12.03, "culvert": false, "unmapped": false}}, {"type": "Feature", "geometry": {"type": "LineString", "coordinates": [[3.6803019, 50.8888626], [3.6801142, 50.8888694]]}, "properties": {"role": "edge", "from": "1442431884", "to": "1442431980", "length": 13.19, "culvert": false, "unmapped": false}}, {"type": "Feature", "geometry": {"type": "LineString", "coordinates": [[3.6801142, 50.8888694], [3.6799908, 50.8888558]]}, "properties": {"role": "edge", "from": "1442431980", "to": "1442431717", "length": 8.79, "culvert": false, "unmapped": false}}, {"type": "Feature", "geometry": {"type": "LineString", "coordinates": [[3.6799908, 50.8888558], [3.6797923, 50.8888931]]}, "properties": {"role": "edge", "from": "1442431717", "to": "1442431956", "length": 14.53, "culvert": false, "unmapped": false}}, {"type": "Feature", "geometry": {"type": "LineString", "coordinates": [[3.6797923, 50.8888931], [3.6795455, 50.8889201]]}, "properties": {"role": "edge", "from": "1442431956", "to": "1442432387", "length": 17.57, "culvert": false, "unmapped": false}}, {"type": "Feature", "geometry": {"type": "LineString", "coordinates": [[3.6795455, 50.8889201], [3.6790627, 50.8889269]]}, "properties": {"role": "edge", "from": "1442432387", "to": "1442432047", "length": 33.87, "culvert": false, "unmapped": false}}, {"type": "Feature", "geometry": {"type": "LineString", "coordinates": [[3.6790627, 50.8889269], [3.6788482, 50.8888863]]}, "properties": {"role": "edge", "from": "1442432047", "to": "1442431866", "length": 15.71, "culvert": false, "unmapped": false}}, {"type": "Feature", "geometry": {"type": "LineString", "coordinates": [[3.6788482, 50.8888863], [3.6786228, 50.8888728]]}, "properties": {"role": "edge", "from": "1442431866", "to": "1442431915", "length": 15.88, "culvert": false, "unmapped": false}}, {"type": "Feature", "geometry": {"type": "LineString", "coordinates": [[3.6786228, 50.8888728], [3.6785156, 50.8888795]]}, "properties": {"role": "edge", "from": "1442431915", "to": "1442432050", "length": 7.56, "culvert": false, "unmapped": false}}, {"type": "Feature", "geometry": {"type": "LineString", "coordinates": [[3.6785156, 50.8888795], [3.6782152, 50.8888931]]}, "properties": {"role": "edge", "from": "1442432050", "to": "1442431525", "length": 21.13, "culvert": false, "unmapped": false}}, {"type": "Feature", "geometry": {"type": "LineString", "coordinates": [[3.6782152, 50.8888931], [3.6779845, 50.8888626]]}, "properties": {"role": "edge", "from": "1442431525", "to": "1442432398", "length": 16.53, "culvert": false, "unmapped": false}}, {"type": "Feature", "geometry": {"type": "LineString", "coordinates": [[3.6779845, 50.8888626], [3.6776894, 50.8888525]]}, "properties": {"role": "edge", "from": "1442432398", "to": "1442431665", "length": 20.73, "culvert": false, "unmapped": false}}, {"type": "Feature", "geometry": {"type": "LineString", "coordinates": [[3.6776894, 50.8888525], [3.677448, 50.888822]]}, "properties": {"role": "edge", "from": "1442431665", "to": "1442431173", "length": 17.27, "culvert": false, "unmapped": false}}, {"type": "Feature", "geometry": {"type": "LineString", "coordinates": [[3.677448, 50.888822], [3.6772603, 50.8887949]]}, "properties": {"role": "edge", "from": "1442431173", "to": "1442432245", "length": 13.51, "culvert": false, "unmapped": false}}, {"type": "Feature", "geometry": {"type": "LineString", "coordinates": [[3.6772603, 50.8887949], [3.6771101, 50.8887476]]}, "properties": {"role": "edge", "from": "1442432245", "to": "1442431234", "length": 11.78, "culvert": false, "unmapped": false}}, {"type": "Feature", "geometry": {"type": "LineString", "coordinates": [[3.6771101, 50.8887476], [3.6769921, 50.8886393]]}, "properties": {"role": "edge", "from": "1442431234", "to": "1442431686", "length": 14.61, "culvert": false, "unmapped": false}}, {"type": "Feature", "geometry": {"type": "LineString", "coordinates": [[3.6769921, 50.8886393], [3.6768419, 50.8885242]]}, "properties": {"role": "edge", "from": "1442431686", "to": "1442431714", "length": 16.58, "culvert": false, "unmapped": false}}, {"type": "Feature", "geometry": {"type": "LineString", "coordinates": [[3.6768419, 50.8885242], [3.6767078, 50.8885174]]}, "properties": {"role": "edge", "from": "1442431714", "to": "1442431171", "length": 9.44, "culvert": false, "unmapped": false}}, {"type": "Feature", "geometry": {"type": "LineString", "coordinates": [[3.6767078, 50.8885174], [3.6765951, 50.8885411]]}, "properties": {"role": "edge", "from": "1442431171", "to": "1442432079", "length": 8.33, "culvert": false, "unmapped": false}}, {"type": "Feature", "geometry": {"type": "LineString", "coordinates": [[3.6765951, 50.8885411], [3.6765417, 50.8886753]]}, "properties": {"role": "edge", "from": "1442432079", "to": "1442431303", "length": 15.39, "culvert": false, "unmapped": false}}, {"type": "Feature", "geometry": {"type": "LineString", "coordinates": [[3.6765417, 50.8886753], [3.6764556, 50.8888017]]}, "properties": {"role": "edge", "from": "1442431303", "to": "1442432438", "length": 15.3, "culvert": false, "unmapped": false}}, {"type": "Feature", "geometry": {"type": "LineString", "coordinates": [[3.6764556, 50.8888017], [3.6763644, 50.8888288]]}, "properties": {"role": "edge", "from": "1442432438", "to": "1442431918", "length": 7.07, "culvert": false, "unmapped": false}}, {"type": "Feature", "geometry": {"type": "LineString", "coordinates": [[3.6763644, 50.8888288], [3.6762303, 50.8888186]]}, "properties": {"role": "edge", "from": "1442431918", "to": "1442431911", "length": 9.47, "culvert": false, "unmapped": false}}, {"type": "Feature", "geometry": {"type": "LineString", "coordinates": [[3.6762303, 50.8888186], [3.6759245, 50.8888118]]}, "properties": {"role": "edge", "from": "1442431911", "to": "1442432099", "length": 21.46, "culvert": false, "unmapped": false}}, {"type": "Feature", "geometry": {"type": "LineString", "coordinates": [[3.6759245, 50.8888118], [3.6756563, 50.8888118]]}, "properties": {"role": "edge", "from": "1442432099", "to": "1442431763", "length": 18.81, "culvert": false, "unmapped": false}}, {"type": "Feature", "geometry": {"type": "LineString", "coordinates": [[3.6756563, 50.8888118], [3.6755008, 50.8888626]]}, "properties": {"role": "edge", "from": "1442431763", "to": "1442432327", "length": 12.28, "culvert": false, "unmapped": false}}, {"type": "Feature", "geometry": {"type": "LineString", "coordinates": [[3.6755008, 50.8888626], [3.6753827, 50.8889641]]}, "properties": {"role": "edge", "from": "1442432327", "to": "1442431286", "length": 14.0, "culvert": false, "unmapped": false}}, {"type": "Feature", "geometry": {"type": "LineString", "coordinates": [[3.6753827, 50.8889641], [3.6752325, 50.8891198]]}, "properties": {"role": "edge", "from": "1442431286", "to": "1442431928", "length": 20.27, "culvert": false, "unmapped": false}}, {"type": "Feature", "geometry": {"type": "LineString", "coordinates": [[3.6752325, 50.8891198], [3.6750893, 50.8893261]]}, "properties": {"role": "edge", "from": "1442431928", "to": "1442431766", "length": 25.04, "culvert": false, "unmapped": false}}, {"type": "Feature", "geometry": {"type": "LineString", "coordinates": [[3.6750893, 50.8893261], [3.675004, 50.8893701]]}, "properties": {"role": "edge", "from": "1442431766", "to": "1442431700", "length": 7.73, "culvert": false, "unmapped": false}}, {"type": "Feature", "geometry": {"type": "LineString", "coordinates": [[3.675004, 50.8893701], [3.6747605, 50.889421]]}, "properties": {"role": "edge", "from": "1442431700", "to": "1442431227", "length": 17.99, "culvert": false, "unmapped": false}}, {"type": "Feature", "geometry": {"type": "LineString", "coordinates": [[3.6747605, 50.889421], [3.6743957, 50.8894582]]}, "properties": {"role": "edge", "from": "1442431227", "to": "1442432202", "length": 25.92, "culvert": false, "unmapped": false}}, {"type": "Feature", "geometry": {"type": "LineString", "coordinates": [[3.6743957, 50.8894582], [3.6740577, 50.8894548]]}, "properties": {"role": "edge", "from": "1442432202", "to": "1442431821", "length": 23.71, "culvert": false, "unmapped": false}}, {"type": "Feature", "geometry": {"type": "LineString", "coordinates": [[3.6740577, 50.8894548], [3.6738725, 50.8894496]]}, "properties": {"role": "edge", "from": "1442431821", "to": "1442432111", "length": 13.0, "culvert": false, "unmapped": false}}, {"type": "Feature", "geometry": {"type": "LineString", "coordinates": [[3.6738725, 50.8894496], [3.6736178, 50.889448]]}, "properties": {"role": "edge", "from": "1442432111", "to": "1442432107", "length": 17.87, "culvert": false, "unmapped": false}}, {"type": "Feature", "geometry": {"type": "LineString", "coordinates": [[3.6736178, 50.889448], [3.6733818, 50.8894345]]}, "properties": {"role": "edge", "from": "1442432107", "to": "1442432192", "length": 16.62, "culvert": false, "unmapped": false}}, {"type": "Feature", "geometry": {"type": "LineString", "coordinates": [[3.6733818, 50.8894345], [3.6731833, 50.8894176]]}, "properties": {"role": "edge", "from": "1442432192", "to": "1442432045", "length": 14.05, "culvert": false, "unmapped": false}}, {"type": "Feature", "geometry": {"type": "LineString", "coordinates": [[3.6731833, 50.8894176], [3.6729529, 50.8893081]]}, "properties": {"role": "edge", "from": "1442432045", "to": "1442432416", "length": 20.23, "culvert": false, "unmapped": false}}, {"type": "Feature", "geometry": {"type": "LineString", "coordinates": [[3.6729529, 50.8893081], [3.6727971, 50.8892044]]}, "properties": {"role": "edge", "from": "1442432416", "to": "1442432392", "length": 15.89, "culvert": false, "unmapped": false}}, {"type": "Feature", "geometry": {"type": "LineString", "coordinates": [[3.6727971, 50.8892044], [3.6725481, 50.8890839]]}, "properties": {"role": "edge", "from": "1442432392", "to": "1442431711", "length": 22.01, "culvert": false, "unmapped": false}}, {"type": "Feature", "geometry": {"type": "LineString", "coordinates": [[3.6725481, 50.8890839], [3.6722487, 50.8889812]]}, "properties": {"role": "edge", "from": "1442431711", "to": "1442431738", "length": 23.91, "culvert": false, "unmapped": false}}, {"type": "Feature", "geometry": {"type": "LineString", "coordinates": [[3.6722487, 50.8889812], [3.6719927, 50.8889663]]}, "properties": {"role": "edge", "from": "1442431738", "to": "1442432388", "length": 18.03, "culvert": false, "unmapped": false}}, {"type": "Feature", "geometry": {"type": "LineString", "coordinates": [[3.6719927, 50.8889663], [3.6716598, 50.8889878]]}, "properties": {"role": "edge", "from": "1442432388", "to": "1442431598", "length": 23.47, "culvert": false, "unmapped": false}}, {"type": "Feature", "geometry": {"type": "LineString", "coordinates": [[3.6716598, 50.8889878], [3.671279, 50.8890555]]}, "properties": {"role": "edge", "from": "1442431598", "to": "1442431759", "length": 27.75, "culvert": false, "unmapped": false}}, {"type": "Feature", "geometry": {"type": "LineString", "coordinates": [[3.671279, 50.8890555], [3.6710994, 50.8890779]]}, "properties": {"role": "edge", "from": "1442431759", "to": "1442432374", "length": 12.84, "culvert": false, "unmapped": false}}, {"type": "Feature", "geometry": {"type": "LineString", "coordinates": [[3.6710994, 50.8890779], [3.6708849, 50.88909]]}, "properties": {"role": "edge", "from": "1442432374", "to": "1442431743", "length": 15.11, "culvert": false, "unmapped": false}}, {"type": "Feature", "geometry": {"type": "LineString", "coordinates": [[3.6708849, 50.88909], [3.670705, 50.8890656]]}, "properties": {"role": "edge", "from": "1442431743", "to": "1442432410", "length": 12.91, "culvert": false, "unmapped": false}}, {"type": "Feature", "geometry": {"type": "LineString", "coordinates": [[3.670705, 50.8890656], [3.6704421, 50.8889743]]}, "properties": {"role": "edge", "from": "1442432410", "to": "1442431835", "length": 21.05, "culvert": false, "unmapped": false}}, {"type": "Feature", "geometry": {"type": "LineString", "coordinates": [[3.6704421, 50.8889743], [3.6703831, 50.8889032]]}, "properties": {"role": "edge", "from": "1442431835", "to": "1442432386", "length": 8.92, "culvert": false, "unmapped": false}}, {"type": "Feature", "geometry": {"type": "LineString", "coordinates": [[3.6703831, 50.8889032], [3.6703831, 50.8888525]]}, "properties": {"role": "edge", "from": "1442432386", "to": "1442432323", "length": 5.64, "culvert": false, "unmapped": false}}, {"type": "Feature", "geometry": {"type": "LineString", "coordinates": [[3.6703831, 50.8888525], [3.6704421, 50.8887679]]}, "properties": {"role": "edge", "from": "1442432323", "to": "1442432433", "length": 10.28, "culvert": false, "unmapped": false}}, {"type": "Feature", "geometry": {"type": "LineString", "coordinates": [[3.6704421, 50.8887679], [3.6704797, 50.8887069]]}, "properties": {"role": "edge", "from": "1442432433", "to": "1442431222", "length": 7.28, "culvert": false, "unmapped": false}}, {"type": "Feature", "geometry": {"type": "LineString", "coordinates": [[3.6704797, 50.8887069], [3.6705333, 50.8885953]]}, "properties": {"role": "edge", "from": "1442431222", "to": "1442432356", "length": 12.97, "culvert": false, "unmapped": false}}, {"type": "Feature", "geometry": {"type": "LineString", "coordinates": [[3.6705333, 50.8885953], [3.6705333, 50.8885276]]}, "properties": {"role": "edge", "from": "1442432356", "to": "1442431651", "length": 7.53, "culvert": false, "unmapped": false}}, {"type": "Feature", "geometry": {"type": "LineString", "coordinates": [[3.6705333, 50.8885276], [3.670544, 50.8884396]]}, "properties": {"role": "edge", "from": "1442431651", "to": "1442432430", "length": 9.81, "culvert": false, "unmapped": false}}, {"type": "Feature", "geometry": {"type": "LineString", "coordinates": [[3.670544, 50.8884396], [3.6705387, 50.8883685]]}, "properties": {"role": "edge", "from": "1442432430", "to": "1442432078", "length": 7.91, "culvert": false, "unmapped": false}}, {"type": "Feature", "geometry": {"type": "LineString", "coordinates": [[3.6705387, 50.8883685], [3.6704689, 50.8883245]]}, "properties": {"role": "edge", "from": "1442432078", "to": "1442431230", "length": 6.92, "culvert": false, "unmapped": false}}, {"type": "Feature", "geometry": {"type": "LineString", "coordinates": [[3.6704689, 50.8883245], [3.6703938, 50.8883245]]}, "properties": {"role": "edge", "from": "1442431230", "to": "1442432373", "length": 5.27, "culvert": false, "unmapped": false}}, {"type": "Feature", "geometry": {"type": "LineString", "coordinates": [[3.6703938, 50.8883245], [3.6703241, 50.8884193]]}, "properties": {"role": "edge", "from": "1442432373", "to": "1442431792", "length": 11.62, "culvert": false, "unmapped": false}}, {"type": "Feature", "geometry": {"type": "LineString", "coordinates": [[3.6703241, 50.8884193], [3.6702597, 50.888531]]}, "properties": {"role": "edge", "from": "1442431792", "to": "1442431888", "length": 13.22, "culvert": false, "unmapped": false}}, {"type": "Feature", "geometry": {"type": "LineString", "coordinates": [[3.6702597, 50.888531], [3.6702063, 50.888611]]}, "properties": {"role": "edge", "from": "1442431888", "to": "1442431476", "length": 9.65, "culvert": false, "unmapped": false}}, {"type": "Feature", "geometry": {"type": "LineString", "coordinates": [[3.6702063, 50.888611], [3.6701632, 50.8886731]]}, "properties": {"role": "edge", "from": "1442431476", "to": "1442432364", "length": 7.54, "culvert": false, "unmapped": false}}, {"type": "Feature", "geometry": {"type": "LineString", "coordinates": [[3.6701632, 50.8886731], [3.6700881, 50.8887306]]}, "properties": {"role": "edge", "from": "1442432364", "to": "1442431877", "length": 8.28, "culvert": false, "unmapped": false}}, {"type": "Feature", "geometry": {"type": "LineString", "coordinates": [[3.6700881, 50.8887306], [3.6700025, 50.8887565]]}, "properties": {"role": "edge", "from": "1442431877", "to": "1442431768", "length": 6.66, "culvert": false, "unmapped": false}}, {"type": "Feature", "geometry": {"type": "LineString", "coordinates": [[3.6700025, 50.8887565], [3.6698788, 50.8887272]]}, "properties": {"role": "edge", "from": "1442431768", "to": "1442431305", "length": 9.27, "culvert": false, "unmapped": false}}, {"type": "Feature", "geometry": {"type": "LineString", "coordinates": [[3.6698788, 50.8887272], [3.6697877, 50.8886359]]}, "properties": {"role": "edge", "from": "1442431305", "to": "1442431751", "length": 12.0, "culvert": false, "unmapped": false}}, {"type": "Feature", "geometry": {"type": "LineString", "coordinates": [[3.6697877, 50.8886359], [3.6696216, 50.8885433]]}, "properties": {"role": "edge", "from": "1442431751", "to": "1442431224", "length": 15.55, "culvert": false, "unmapped": false}}, {"type": "Feature", "geometry": {"type": "LineString", "coordinates": [[3.6696216, 50.8885433], [3.6695141, 50.8885377]]}, "properties": {"role": "edge", "from": "1442431224", "to": "1442431913", "length": 7.57, "culvert": false, "unmapped": false}}, {"type": "Feature", "geometry": {"type": "LineString", "coordinates": [[3.6695141, 50.8885377], [3.6693856, 50.8885636]]}, "properties": {"role": "edge", "from": "1442431913", "to": "1442431745", "length": 9.46, "culvert": false, "unmapped": false}}, {"type": "Feature", "geometry": {"type": "LineString", "coordinates": [[3.6693856, 50.8885636], [3.6692351, 50.8886088]]}, "properties": {"role": "edge", "from": "1442431745", "to": "1442431722", "length": 11.69, "culvert": false, "unmapped": false}}, {"type": "Feature", "geometry": {"type": "LineString", "coordinates": [[3.6692351, 50.8886088], [3.6691388, 50.8886482]]}, "properties": {"role": "edge", "from": "1442431722", "to": "1442431776", "length": 8.05, "culvert": false, "unmapped": false}}, {"type": "Feature", "geometry": {"type": "LineString", "coordinates": [[3.6691388, 50.8886482], [3.6689401, 50.8886663]]}, "properties": {"role": "edge", "from": "1442431776", "to": "1442431797", "length": 14.08, "culvert": false, "unmapped": false}}, {"type": "Feature", "geometry": {"type": "LineString", "coordinates": [[3.6689401, 50.8886663], [3.668747, 50.8886663]]}, "properties": {"role": "edge", "from": "1442431797", "to": "1442431872", "length": 13.55, "culvert": false, "unmapped": false}}, {"type": "Feature", "geometry": {"type": "LineString", "coordinates": [[3.668747, 50.8886663], [3.6685538, 50.8886731]]}, "properties": {"role": "edge", "from": "1442431872", "to": "1442431969", "length": 13.57, "culvert": false, "unmapped": false}}, {"type": "Feature", "geometry": {"type": "LineString", "coordinates": [[3.6685538, 50.8886731], [3.6683768, 50.8886596]]}, "properties": {"role": "edge", "from": "1442431969", "to": "1442431725", "length": 12.51, "culvert": false, "unmapped": false}}, {"type": "Feature", "geometry": {"type": "LineString", "coordinates": [[3.6683768, 50.8886596], [3.6682534, 50.8886393]]}, "properties": {"role": "edge", "from": "1442431725", "to": "1442432447", "length": 8.95, "culvert": false, "unmapped": false}}, {"type": "Feature", "geometry": {"type": "LineString", "coordinates": [[3.6682534, 50.8886393], [3.6681676, 50.8886291]]}, "properties": {"role": "edge", "from": "1442432447", "to": "1442432389", "length": 6.12, "culvert": false, "unmapped": false}}, {"type": "Feature", "geometry": {"type": "LineString", "coordinates": [[3.6681676, 50.8886291], [3.6680603, 50.888663]]}, "properties": {"role": "edge", "from": "1442432389", "to": "1442431167", "length": 8.42, "culvert": false, "unmapped": false}}, {"type": "Feature", "geometry": {"type": "LineString", "coordinates": [[3.6680603, 50.888663], [3.6680016, 50.888743]]}, "properties": {"role": "edge", "from": "1442431167", "to": "1442431310", "length": 9.8, "culvert": false, "unmapped": false}}, {"type": "Feature", "geometry": {"type": "LineString", "coordinates": [[3.6680016, 50.888743], [3.667894, 50.8888389]]}, "properties": {"role": "edge", "from": "1442431310", "to": "1442431546", "length": 13.06, "culvert": false, "unmapped": false}}, {"type": "Feature", "geometry": {"type": "LineString", "coordinates": [[3.667894, 50.8888389], [3.6678519, 50.8888464]]}, "properties": {"role": "edge", "from": "1442431546", "to": "1442431828", "length": 3.07, "culvert": false, "unmapped": false}}, {"type": "Feature", "geometry": {"type": "LineString", "coordinates": [[3.6678519, 50.8888464], [3.6675646, 50.8891517]]}, "properties": {"role": "edge", "from": "1442431828", "to": "1960915425", "length": 39.48, "culvert": false, "unmapped": false}}, {"type": "Feature", "geometry": {"type": "LineString", "coordinates": [[3.6880097, 50.8853474], [3.6878505, 50.8853902]]}, "properties": {"role": "edge", "from": "1442431543", "to": "1442432196", "length": 12.14, "culvert": true, "unmapped": false}}, {"type": "Feature", "geometry": {"type": "LineString", "coordinates": [[3.6878505, 50.8853902], [3.6877517, 50.8854116]]}, "properties": {"role": "edge", "from": "1442432196", "to": "7860472264", "length": 7.33, "culvert": false, "unmapped": false}}, {"type": "Feature", "geometry": {"type": "LineString", "coordinates": [[3.7732186, 50.8086289], [3.773254, 50.8087]]}, "properties": {"role": "edge", "from": "304873709", "to": "304873439", "length": 8.29, "culvert": false, "unmapped": false}}, {"type": "Feature", "geometry": {"type": "LineString", "coordinates": [[3.773254, 50.8087], [3.773648, 50.809005]]}, "properties": {"role": "edge", "from": "304873439", "to": "304873440", "length": 43.78, "culvert": false, "unmapped": false}}, {"type": "Feature", "geometry": {"type": "LineString", "coordinates": [[3.773648, 50.809005], [3.7739897, 50.8091576]]}, "properties": {"role": "edge", "from": "304873440", "to": "1988633714", "length": 29.4, "culvert": false, "unmapped": false}}, {"type": "Feature", "geometry": {"type": "LineString", "coordinates": [[3.7739897, 50.8091576], [3.774399, 50.8093096]]}, "properties": {"role": "edge", "from": "1988633714", "to": "304873442", "length": 33.36, "culvert": false, "unmapped": false}}, {"type": "Feature", "geometry": {"type": "LineString", "coordinates": [[3.774399, 50.8093096], [3.774406, 50.809597]]}, "properties": {"role": "edge", "from": "304873442", "to": "304873445", "length": 31.96, "culvert": false, "unmapped": false}}, {"type": "Feature", "geometry": {"type": "LineString", "coordinates": [[3.774406, 50.809597], [3.774689, 50.809688]]}, "properties": {"role": "edge", "from": "304873445", "to": "304873446", "length": 22.31, "culvert": false, "unmapped": false}}, {"type": "Feature", "geometry": {"type": "LineString", "coordinates": [[3.774689, 50.809688], [3.77478, 50.810001]]}, "properties": {"role": "edge", "from": "304873446", "to": "304873448", "length": 35.39, "culvert": false, "unmapped": false}}, {"type": "Feature", "geometry": {"type": "LineString", "coordinates": [[3.77478, 50.810001], [3.774994, 50.810291]]}, "properties": {"role": "edge", "from": "304873448", "to": "304873450", "length": 35.58, "culvert": false, "unmapped": false}}, {"type": "Feature", "geometry": {"type": "LineString", "coordinates": [[3.774994, 50.810291], [3.775958, 50.811054]]}, "properties": {"role": "edge", "from": "304873450", "to": "304873452", "length": 108.56, "culvert": false, "unmapped": false}}, {"type": "Feature", "geometry": {"type": "LineString", "coordinates": [[3.775958, 50.811054], [3.77608, 50.811134]]}, "properties": {"role": "edge", "from": "304873452", "to": "304873453", "length": 12.35, "culvert": false, "unmapped": false}}, {"type": "Feature", "geometry": {"type": "LineString", "coordinates": [[3.77608, 50.811134], [3.776213, 50.811134]]}, "properties": {"role": "edge", "from": "304873453", "to": "304873456", "length": 9.34, "culvert": false, "unmapped": false}}, {"type": "Feature", "geometry": {"type": "LineString", "coordinates": [[3.776213, 50.811134], [3.776408, 50.811382]]}, "properties": {"role": "edge", "from": "304873456", "to": "304873458", "length": 30.79, "culvert": false, "unmapped": false}}, {"type": "Feature", "geometry": {"type": "LineString", "coordinates": [[3.776408, 50.811382], [3.776652, 50.811508]]}, "properties": {"role": "edge", "from": "304873458", "to": "304873460", "length": 22.14, "culvert": false, "unmapped": false}}, {"type": "Feature", "geometry": {"type": "LineString", "coordinates": [[3.776652, 50.811508], [3.776793, 50.811637]]}, "properties": {"role": "edge", "from": "304873460", "to": "304873461", "length": 17.43, "culvert": false, "unmapped": false}}, {"type": "Feature", "geometry": {"type": "LineString", "coordinates": [[3.776793, 50.811637], [3.776979, 50.811889]]}, "properties": {"role": "edge", "from": "304873461", "to": "304873464", "length": 30.92, "culvert": false, "unmapped": false}}, {"type": "Feature", "geometry": {"type": "LineString", "coordinates": [[3.776979, 50.811889], [3.777101, 50.8119478]]}, "properties": {"role": "edge", "from": "304873464", "to": "3819445265", "length": 10.78, "culvert": false, "unmapped": false}}, {"type": "Feature", "geometry": {"type": "LineString", "coordinates": [[3.7741233, 50.8235931], [3.774047, 50.82373]]}, "properties": {"role": "edge", "from": "825066561", "to": "313568302", "length": 16.14, "culvert": false, "unmapped": false}}, {"type": "Feature", "geometry": {"type": "LineString", "coordinates": [[3.774047, 50.82373], [3.7740377, 50.8237469]]}, "properties": {"role": "edge", "from": "313568302", "to": "14162108821", "length": 1.99, "culvert": false, "unmapped": false}}, {"type": "Feature", "geometry": {"type": "LineString", "coordinates": [[3.7740377, 50.8237469], [3.7738734, 50.8240456]]}, "properties": {"role": "edge", "from": "14162108821", "to": "1989592863", "length": 35.16, "culvert": false, "unmapped": false}}, {"type": "Feature", "geometry": {"type": "LineString", "coordinates": [[3.7738734, 50.8240456], [3.7737773, 50.8241828]]}, "properties": {"role": "edge", "from": "1989592863", "to": "3894056181", "length": 16.68, "culvert": false, "unmapped": false}}, {"type": "Feature", "geometry": {"type": "LineString", "coordinates": [[3.7737773, 50.8241828], [3.7736167, 50.8243297]]}, "properties": {"role": "edge", "from": "3894056181", "to": "1989592870", "length": 19.85, "culvert": false, "unmapped": false}}, {"type": "Feature", "geometry": {"type": "LineString", "coordinates": [[3.7736167, 50.8243297], [3.7733381, 50.824608]]}, "properties": {"role": "edge", "from": "1989592870", "to": "3894056182", "length": 36.61, "culvert": false, "unmapped": false}}, {"type": "Feature", "geometry": {"type": "LineString", "coordinates": [[3.7733381, 50.824608], [3.7732679, 50.8247603]]}, "properties": {"role": "edge", "from": "3894056182", "to": "3894056183", "length": 17.64, "culvert": false, "unmapped": false}}, {"type": "Feature", "geometry": {"type": "LineString", "coordinates": [[3.7732679, 50.8247603], [3.7731357, 50.8249453]]}, "properties": {"role": "edge", "from": "3894056183", "to": "313568303", "length": 22.57, "culvert": false, "unmapped": false}}, {"type": "Feature", "geometry": {"type": "LineString", "coordinates": [[3.7731357, 50.8249453], [3.7730289, 50.8251534]]}, "properties": {"role": "edge", "from": "313568303", "to": "3894056184", "length": 24.33, "culvert": false, "unmapped": false}}, {"type": "Feature", "geometry": {"type": "LineString", "coordinates": [[3.7730289, 50.8251534], [3.7729344, 50.8252221]]}, "properties": {"role": "edge", "from": "3894056184", "to": "3894056185", "length": 10.12, "culvert": false, "unmapped": false}}, {"type": "Feature", "geometry": {"type": "LineString", "coordinates": [[3.7729344, 50.8252221], [3.7727422, 50.8252818]]}, "properties": {"role": "edge", "from": "3894056185", "to": "3894056186", "length": 15.04, "culvert": false, "unmapped": false}}, {"type": "Feature", "geometry": {"type": "LineString", "coordinates": [[3.7727422, 50.8252818], [3.77259, 50.8253361]]}, "properties": {"role": "edge", "from": "3894056186", "to": "11481160915", "length": 12.28, "culvert": false, "unmapped": false}}, {"type": "Feature", "geometry": {"type": "LineString", "coordinates": [[3.77259, 50.8253361], [3.772527, 50.8253726]]}, "properties": {"role": "edge", "from": "11481160915", "to": "11481160916", "length": 6.0, "culvert": false, "unmapped": false}}, {"type": "Feature", "geometry": {"type": "LineString", "coordinates": [[3.772527, 50.8253726], [3.7725069, 50.8253988]]}, "properties": {"role": "edge", "from": "11481160916", "to": "11481160917", "length": 3.24, "culvert": false, "unmapped": false}}, {"type": "Feature", "geometry": {"type": "LineString", "coordinates": [[3.7725069, 50.8253988], [3.7725028, 50.8254234]]}, "properties": {"role": "edge", "from": "11481160917", "to": "11481160918", "length": 2.75, "culvert": false, "unmapped": false}}, {"type": "Feature", "geometry": {"type": "LineString", "coordinates": [[3.7725028, 50.8254234], [3.7725699, 50.8255132]]}, "properties": {"role": "edge", "from": "11481160918", "to": "11481160919", "length": 11.04, "culvert": false, "unmapped": false}}, {"type": "Feature", "geometry": {"type": "LineString", "coordinates": [[3.7725699, 50.8255132], [3.7725686, 50.8255488]]}, "properties": {"role": "edge", "from": "11481160919", "to": "11481160920", "length": 3.96, "culvert": false, "unmapped": false}}, {"type": "Feature", "geometry": {"type": "LineString", "coordinates": [[3.7725686, 50.8255488], [3.7725484, 50.825581]]}, "properties": {"role": "edge", "from": "11481160920", "to": "11481160921", "length": 3.85, "culvert": false, "unmapped": false}}, {"type": "Feature", "geometry": {"type": "LineString", "coordinates": [[3.7725484, 50.825581], [3.7725109, 50.8255979]]}, "properties": {"role": "edge", "from": "11481160921", "to": "11481160922", "length": 3.24, "culvert": false, "unmapped": false}}, {"type": "Feature", "geometry": {"type": "LineString", "coordinates": [[3.7725109, 50.8255979], [3.7724371, 50.8255894]]}, "properties": {"role": "edge", "from": "11481160922", "to": "11481160923", "length": 5.27, "culvert": false, "unmapped": false}}, {"type": "Feature", "geometry": {"type": "LineString", "coordinates": [[3.7724371, 50.8255894], [3.7723835, 50.8255682]]}, "properties": {"role": "edge", "from": "11481160923", "to": "11481160924", "length": 4.44, "culvert": false, "unmapped": false}}, {"type": "Feature", "geometry": {"type": "LineString", "coordinates": [[3.7723835, 50.8255682], [3.7723141, 50.8255195]]}, "properties": {"role": "edge", "from": "11481160924", "to": "3894056191", "length": 7.29, "culvert": false, "unmapped": false}}, {"type": "Feature", "geometry": {"type": "LineString", "coordinates": [[3.7723141, 50.8255195], [3.7722002, 50.8254501]]}, "properties": {"role": "edge", "from": "3894056191", "to": "3894056188", "length": 11.12, "culvert": false, "unmapped": false}}, {"type": "Feature", "geometry": {"type": "LineString", "coordinates": [[3.7722002, 50.8254501], [3.7721249, 50.8254376]]}, "properties": {"role": "edge", "from": "3894056188", "to": "313568306", "length": 5.47, "culvert": false, "unmapped": false}}, {"type": "Feature", "geometry": {"type": "LineString", "coordinates": [[3.7721249, 50.8254376], [3.7720334, 50.8254431]]}, "properties": {"role": "edge", "from": "313568306", "to": "3894056187", "length": 6.46, "culvert": false, "unmapped": false}}, {"type": "Feature", "geometry": {"type": "LineString", "coordinates": [[3.7720334, 50.8254431], [3.7719928, 50.8254643]]}, "properties": {"role": "edge", "from": "3894056187", "to": "3894056190", "length": 3.7, "culvert": false, "unmapped": false}}, {"type": "Feature", "geometry": {"type": "LineString", "coordinates": [[3.7719928, 50.8254643], [3.7720029, 50.8255272]]}, "properties": {"role": "edge", "from": "3894056190", "to": "3894056192", "length": 7.03, "culvert": false, "unmapped": false}}, {"type": "Feature", "geometry": {"type": "LineString", "coordinates": [[3.7720029, 50.8255272], [3.7720086, 50.8256051]]}, "properties": {"role": "edge", "from": "3894056192", "to": "11481160905", "length": 8.67, "culvert": false, "unmapped": false}}, {"type": "Feature", "geometry": {"type": "LineString", "coordinates": [[3.7720086, 50.8256051], [3.7720073, 50.8256373]]}, "properties": {"role": "edge", "from": "11481160905", "to": "11481160906", "length": 3.58, "culvert": false, "unmapped": false}}, {"type": "Feature", "geometry": {"type": "LineString", "coordinates": [[3.7720073, 50.8256373], [3.7719905, 50.8256589]]}, "properties": {"role": "edge", "from": "11481160906", "to": "11481160907", "length": 2.68, "culvert": false, "unmapped": false}}, {"type": "Feature", "geometry": {"type": "LineString", "coordinates": [[3.7719905, 50.8256589], [3.771951, 50.825672]]}, "properties": {"role": "edge", "from": "11481160907", "to": "11481160908", "length": 3.13, "culvert": false, "unmapped": false}}, {"type": "Feature", "geometry": {"type": "LineString", "coordinates": [[3.771951, 50.825672], [3.7718967, 50.825672]]}, "properties": {"role": "edge", "from": "11481160908", "to": "11481160909", "length": 3.81, "culvert": false, "unmapped": false}}, {"type": "Feature", "geometry": {"type": "LineString", "coordinates": [[3.7718967, 50.825672], [3.7718289, 50.8256597]]}, "properties": {"role": "edge", "from": "11481160909", "to": "11481160910", "length": 4.95, "culvert": false, "unmapped": false}}, {"type": "Feature", "geometry": {"type": "LineString", "coordinates": [[3.7718289, 50.8256597], [3.7717659, 50.8256496]]}, "properties": {"role": "edge", "from": "11481160910", "to": "11481160911", "length": 4.57, "culvert": false, "unmapped": false}}, {"type": "Feature", "geometry": {"type": "LineString", "coordinates": [[3.7717659, 50.8256496], [3.7717263, 50.8256555]]}, "properties": {"role": "edge", "from": "11481160911", "to": "11481160912", "length": 2.86, "culvert": false, "unmapped": false}}, {"type": "Feature", "geometry": {"type": "LineString", "coordinates": [[3.7717263, 50.8256555], [3.7716988, 50.8256729]]}, "properties": {"role": "edge", "from": "11481160912", "to": "11481160913", "length": 2.73, "culvert": false, "unmapped": false}}, {"type": "Feature", "geometry": {"type": "LineString", "coordinates": [[3.7716988, 50.8256729], [3.7716915, 50.8257017]]}, "properties": {"role": "edge", "from": "11481160913", "to": "11481160914", "length": 3.24, "culvert": false, "unmapped": false}}, {"type": "Feature", "geometry": {"type": "LineString", "coordinates": [[3.7716915, 50.8257017], [3.7717294, 50.8257848]]}, "properties": {"role": "edge", "from": "11481160914", "to": "3894056197", "length": 9.62, "culvert": false, "unmapped": false}}, {"type": "Feature", "geometry": {"type": "LineString", "coordinates": [[3.7717294, 50.8257848], [3.771721, 50.825912]]}, "properties": {"role": "edge", "from": "3894056197", "to": "313568309", "length": 14.16, "culvert": false, "unmapped": false}}, {"type": "Feature", "geometry": {"type": "LineString", "coordinates": [[3.771721, 50.825912], [3.7717477, 50.8259614]]}, "properties": {"role": "edge", "from": "313568309", "to": "3894056198", "length": 5.8, "culvert": false, "unmapped": false}}, {"type": "Feature", "geometry": {"type": "LineString", "coordinates": [[3.7717477, 50.8259614], [3.7718722, 50.8259699]]}, "properties": {"role": "edge", "from": "3894056198", "to": "313568310", "length": 8.8, "culvert": false, "unmapped": false}}, {"type": "Feature", "geometry": {"type": "LineString", "coordinates": [[3.7718722, 50.8259699], [3.7719013, 50.8259942]]}, "properties": {"role": "edge", "from": "313568310", "to": "3894056199", "length": 3.39, "culvert": false, "unmapped": false}}, {"type": "Feature", "geometry": {"type": "LineString", "coordinates": [[3.7719013, 50.8259942], [3.7719135, 50.8260334]]}, "properties": {"role": "edge", "from": "3894056199", "to": "3894056200", "length": 4.44, "culvert": false, "unmapped": false}}, {"type": "Feature", "geometry": {"type": "LineString", "coordinates": [[3.7719135, 50.8260334], [3.7718402, 50.8262029]]}, "properties": {"role": "edge", "from": "3894056200", "to": "3894056201", "length": 19.54, "culvert": false, "unmapped": false}}, {"type": "Feature", "geometry": {"type": "LineString", "coordinates": [[3.7718402, 50.8262029], [3.7718047, 50.8263404]]}, "properties": {"role": "edge", "from": "3894056201", "to": "3894056202", "length": 15.49, "culvert": false, "unmapped": false}}, {"type": "Feature", "geometry": {"type": "LineString", "coordinates": [[3.7718047, 50.8263404], [3.7717396, 50.8263982]]}, "properties": {"role": "edge", "from": "3894056202", "to": "3894056203", "length": 7.89, "culvert": false, "unmapped": false}}, {"type": "Feature", "geometry": {"type": "LineString", "coordinates": [[3.7717396, 50.8263982], [3.7716876, 50.8265531]]}, "properties": {"role": "edge", "from": "3894056203", "to": "313568311", "length": 17.61, "culvert": false, "unmapped": false}}, {"type": "Feature", "geometry": {"type": "LineString", "coordinates": [[3.7716876, 50.8265531], [3.7716054, 50.8267534]]}, "properties": {"role": "edge", "from": "313568311", "to": "3894056204", "length": 23.01, "culvert": false, "unmapped": false}}, {"type": "Feature", "geometry": {"type": "LineString", "coordinates": [[3.7716054, 50.8267534], [3.7715667, 50.82686]]}, "properties": {"role": "edge", "from": "3894056204", "to": "3894056205", "length": 12.16, "culvert": false, "unmapped": false}}, {"type": "Feature", "geometry": {"type": "LineString", "coordinates": [[3.7715667, 50.82686], [3.7715415, 50.826953]]}, "properties": {"role": "edge", "from": "3894056205", "to": "313568312", "length": 10.49, "culvert": false, "unmapped": false}}, {"type": "Feature", "geometry": {"type": "LineString", "coordinates": [[3.7715415, 50.826953], [3.7715486, 50.82711]]}, "properties": {"role": "edge", "from": "313568312", "to": "313568313", "length": 17.46, "culvert": false, "unmapped": false}}, {"type": "Feature", "geometry": {"type": "LineString", "coordinates": [[3.7715486, 50.82711], [3.7715087, 50.8271341]]}, "properties": {"role": "edge", "from": "313568313", "to": "3894056206", "length": 3.88, "culvert": false, "unmapped": false}}, {"type": "Feature", "geometry": {"type": "LineString", "coordinates": [[3.7715087, 50.8271341], [3.771393, 50.8271432]]}, "properties": {"role": "edge", "from": "3894056206", "to": "3894056207", "length": 8.19, "culvert": false, "unmapped": false}}, {"type": "Feature", "geometry": {"type": "LineString", "coordinates": [[3.771393, 50.8271432], [3.7712413, 50.8271659]]}, "properties": {"role": "edge", "from": "3894056207", "to": "3894056208", "length": 10.95, "culvert": false, "unmapped": false}}, {"type": "Feature", "geometry": {"type": "LineString", "coordinates": [[3.7712413, 50.8271659], [3.771251, 50.827201]]}, "properties": {"role": "edge", "from": "3894056208", "to": "313568314", "length": 3.96, "culvert": false, "unmapped": false}}, {"type": "Feature", "geometry": {"type": "LineString", "coordinates": [[3.771251, 50.827201], [3.7714987, 50.8272913]]}, "properties": {"role": "edge", "from": "313568314", "to": "3894056209", "length": 20.09, "culvert": false, "unmapped": false}}, {"type": "Feature", "geometry": {"type": "LineString", "coordinates": [[3.7714987, 50.8272913], [3.7715402, 50.8273279]]}, "properties": {"role": "edge", "from": "3894056209", "to": "313568315", "length": 5.01, "culvert": false, "unmapped": false}}, {"type": "Feature", "geometry": {"type": "LineString", "coordinates": [[3.7715402, 50.8273279], [3.7714879, 50.8273758]]}, "properties": {"role": "edge", "from": "313568315", "to": "3894056210", "length": 6.47, "culvert": false, "unmapped": false}}, {"type": "Feature", "geometry": {"type": "LineString", "coordinates": [[3.7714879, 50.8273758], [3.7713592, 50.827438]]}, "properties": {"role": "edge", "from": "3894056210", "to": "3894056211", "length": 11.38, "culvert": false, "unmapped": false}}, {"type": "Feature", "geometry": {"type": "LineString", "coordinates": [[3.7713592, 50.827438], [3.7711675, 50.8275237]]}, "properties": {"role": "edge", "from": "3894056211", "to": "313568316", "length": 16.5, "culvert": false, "unmapped": false}}, {"type": "Feature", "geometry": {"type": "LineString", "coordinates": [[3.7711675, 50.8275237], [3.7710072, 50.8274966]]}, "properties": {"role": "edge", "from": "313568316", "to": "3894056212", "length": 11.66, "culvert": false, "unmapped": false}}, {"type": "Feature", "geometry": {"type": "LineString", "coordinates": [[3.7710072, 50.8274966], [3.7708724, 50.8275188]]}, "properties": {"role": "edge", "from": "3894056212", "to": "3894056213", "length": 9.78, "culvert": false, "unmapped": false}}, {"type": "Feature", "geometry": {"type": "LineString", "coordinates": [[3.7708724, 50.8275188], [3.7707884, 50.8275346]]}, "properties": {"role": "edge", "from": "3894056213", "to": "313568317", "length": 6.16, "culvert": false, "unmapped": false}}, {"type": "Feature", "geometry": {"type": "LineString", "coordinates": [[3.7707884, 50.8275346], [3.7707122, 50.8275772]]}, "properties": {"role": "edge", "from": "313568317", "to": "3894056214", "length": 7.15, "culvert": false, "unmapped": false}}, {"type": "Feature", "geometry": {"type": "LineString", "coordinates": [[3.7707122, 50.8275772], [3.7706842, 50.8276371]]}, "properties": {"role": "edge", "from": "3894056214", "to": "3894056215", "length": 6.94, "culvert": false, "unmapped": false}}, {"type": "Feature", "geometry": {"type": "LineString", "coordinates": [[3.7706842, 50.8276371], [3.770695, 50.8277244]]}, "properties": {"role": "edge", "from": "3894056215", "to": "3894056216", "length": 9.74, "culvert": false, "unmapped": false}}, {"type": "Feature", "geometry": {"type": "LineString", "coordinates": [[3.770695, 50.8277244], [3.7705928, 50.8279035]]}, "properties": {"role": "edge", "from": "3894056216", "to": "313568318", "length": 21.17, "culvert": false, "unmapped": false}}, {"type": "Feature", "geometry": {"type": "LineString", "coordinates": [[3.7705928, 50.8279035], [3.7706216, 50.8279519]]}, "properties": {"role": "edge", "from": "313568318", "to": "3894056217", "length": 5.75, "culvert": false, "unmapped": false}}, {"type": "Feature", "geometry": {"type": "LineString", "coordinates": [[3.7706216, 50.8279519], [3.7707523, 50.8280168]]}, "properties": {"role": "edge", "from": "3894056217", "to": "313568319", "length": 11.68, "culvert": false, "unmapped": false}}, {"type": "Feature", "geometry": {"type": "LineString", "coordinates": [[3.7707523, 50.8280168], [3.7709727, 50.8280925]]}, "properties": {"role": "edge", "from": "313568319", "to": "313568320", "length": 17.62, "culvert": false, "unmapped": false}}, {"type": "Feature", "geometry": {"type": "LineString", "coordinates": [[3.7709727, 50.8280925], [3.7709732, 50.8281213]]}, "properties": {"role": "edge", "from": "313568320", "to": "3894056218", "length": 3.2, "culvert": false, "unmapped": false}}, {"type": "Feature", "geometry": {"type": "LineString", "coordinates": [[3.7709732, 50.8281213], [3.7709057, 50.8281735]]}, "properties": {"role": "edge", "from": "3894056218", "to": "3894056219", "length": 7.49, "culvert": false, "unmapped": false}}, {"type": "Feature", "geometry": {"type": "LineString", "coordinates": [[3.7709057, 50.8281735], [3.7708532, 50.8282025]]}, "properties": {"role": "edge", "from": "3894056219", "to": "313568321", "length": 4.9, "culvert": false, "unmapped": false}}, {"type": "Feature", "geometry": {"type": "LineString", "coordinates": [[3.7708532, 50.8282025], [3.7707913, 50.8282021]]}, "properties": {"role": "edge", "from": "313568321", "to": "3894056221", "length": 4.35, "culvert": false, "unmapped": false}}, {"type": "Feature", "geometry": {"type": "LineString", "coordinates": [[3.7707913, 50.8282021], [3.7706856, 50.8281803]]}, "properties": {"role": "edge", "from": "3894056221", "to": "3894056220", "length": 7.81, "culvert": false, "unmapped": false}}, {"type": "Feature", "geometry": {"type": "LineString", "coordinates": [[3.7706856, 50.8281803], [3.7705283, 50.8281799]]}, "properties": {"role": "edge", "from": "3894056220", "to": "313568322", "length": 11.05, "culvert": false, "unmapped": false}}, {"type": "Feature", "geometry": {"type": "LineString", "coordinates": [[3.7705283, 50.8281799], [3.7702188, 50.8282303]]}, "properties": {"role": "edge", "from": "313568322", "to": "313568323", "length": 22.45, "culvert": false, "unmapped": false}}, {"type": "Feature", "geometry": {"type": "LineString", "coordinates": [[3.7702188, 50.8282303], [3.7701492, 50.828273]]}, "properties": {"role": "edge", "from": "313568323", "to": "3894056222", "length": 6.81, "culvert": false, "unmapped": false}}, {"type": "Feature", "geometry": {"type": "LineString", "coordinates": [[3.7701492, 50.828273], [3.7700874, 50.8283488]]}, "properties": {"role": "edge", "from": "3894056222", "to": "3894056223", "length": 9.48, "culvert": false, "unmapped": false}}, {"type": "Feature", "geometry": {"type": "LineString", "coordinates": [[3.7700874, 50.8283488], [3.7700914, 50.8284053]]}, "properties": {"role": "edge", "from": "3894056223", "to": "313568324", "length": 6.29, "culvert": false, "unmapped": false}}, {"type": "Feature", "geometry": {"type": "LineString", "coordinates": [[3.7700914, 50.8284053], [3.7702305, 50.8284828]]}, "properties": {"role": "edge", "from": "313568324", "to": "3894056224", "length": 13.03, "culvert": false, "unmapped": false}}, {"type": "Feature", "geometry": {"type": "LineString", "coordinates": [[3.7702305, 50.8284828], [3.7702774, 50.8285172]]}, "properties": {"role": "edge", "from": "3894056224", "to": "313568325", "length": 5.05, "culvert": false, "unmapped": false}}, {"type": "Feature", "geometry": {"type": "LineString", "coordinates": [[3.7702774, 50.8285172], [3.7702513, 50.8285532]]}, "properties": {"role": "edge", "from": "313568325", "to": "3894056225", "length": 4.4, "culvert": false, "unmapped": false}}, {"type": "Feature", "geometry": {"type": "LineString", "coordinates": [[3.7702513, 50.8285532], [3.7700292, 50.82864]]}, "properties": {"role": "edge", "from": "3894056225", "to": "3894056226", "length": 18.34, "culvert": false, "unmapped": false}}, {"type": "Feature", "geometry": {"type": "LineString", "coordinates": [[3.7700292, 50.82864], [3.7698904, 50.828719]]}, "properties": {"role": "edge", "from": "3894056226", "to": "3894056227", "length": 13.12, "culvert": false, "unmapped": false}}, {"type": "Feature", "geometry": {"type": "LineString", "coordinates": [[3.7698904, 50.828719], [3.7698914, 50.8287771]]}, "properties": {"role": "edge", "from": "3894056227", "to": "313568326", "length": 6.46, "culvert": false, "unmapped": false}}, {"type": "Feature", "geometry": {"type": "LineString", "coordinates": [[3.7698914, 50.8287771], [3.7700042, 50.8288349]]}, "properties": {"role": "edge", "from": "313568326", "to": "313568327", "length": 10.2, "culvert": false, "unmapped": false}}, {"type": "Feature", "geometry": {"type": "LineString", "coordinates": [[3.7700042, 50.8288349], [3.7703368, 50.8288392]]}, "properties": {"role": "edge", "from": "313568327", "to": "8196788280", "length": 23.37, "culvert": false, "unmapped": false}}, {"type": "Feature", "geometry": {"type": "LineString", "coordinates": [[3.7703368, 50.8288392], [3.7703611, 50.8289681]]}, "properties": {"role": "edge", "from": "8196788280", "to": "8196788281", "length": 14.43, "culvert": false, "unmapped": false}}, {"type": "Feature", "geometry": {"type": "LineString", "coordinates": [[3.7703611, 50.8289681], [3.7702959, 50.8290772]]}, "properties": {"role": "edge", "from": "8196788281", "to": "313568328", "length": 12.97, "culvert": false, "unmapped": false}}, {"type": "Feature", "geometry": {"type": "LineString", "coordinates": [[3.7702959, 50.8290772], [3.7701892, 50.8291144]]}, "properties": {"role": "edge", "from": "313568328", "to": "8196788279", "length": 8.56, "culvert": false, "unmapped": false}}, {"type": "Feature", "geometry": {"type": "LineString", "coordinates": [[3.7701892, 50.8291144], [3.770063, 50.82912]]}, "properties": {"role": "edge", "from": "8196788279", "to": "313568329", "length": 8.89, "culvert": false, "unmapped": false}}, {"type": "Feature", "geometry": {"type": "LineString", "coordinates": [[3.770063, 50.82912], [3.7699392, 50.829157]]}, "properties": {"role": "edge", "from": "313568329", "to": "8196788276", "length": 9.62, "culvert": false, "unmapped": false}}, {"type": "Feature", "geometry": {"type": "LineString", "coordinates": [[3.7699392, 50.829157], [3.770005, 50.829208]]}, "properties": {"role": "edge", "from": "8196788276", "to": "313568330", "length": 7.32, "culvert": false, "unmapped": false}}, {"type": "Feature", "geometry": {"type": "LineString", "coordinates": [[3.770005, 50.829208], [3.7700737, 50.8292571]]}, "properties": {"role": "edge", "from": "313568330", "to": "8196788277", "length": 7.29, "culvert": false, "unmapped": false}}, {"type": "Feature", "geometry": {"type": "LineString", "coordinates": [[3.7700737, 50.8292571], [3.7701481, 50.8292303]]}, "properties": {"role": "edge", "from": "8196788277", "to": "8196788278", "length": 6.02, "culvert": false, "unmapped": false}}, {"type": "Feature", "geometry": {"type": "LineString", "coordinates": [[3.7701481, 50.8292303], [3.7702749, 50.829265]]}, "properties": {"role": "edge", "from": "8196788278", "to": "8196788275", "length": 9.71, "culvert": false, "unmapped": false}}, {"type": "Feature", "geometry": {"type": "LineString", "coordinates": [[3.7702749, 50.829265], [3.7703292, 50.829429]]}, "properties": {"role": "edge", "from": "8196788275", "to": "313568331", "length": 18.63, "culvert": false, "unmapped": false}}, {"type": "Feature", "geometry": {"type": "LineString", "coordinates": [[3.7703292, 50.829429], [3.7705381, 50.8293156]]}, "properties": {"role": "edge", "from": "313568331", "to": "313568332", "length": 19.35, "culvert": false, "unmapped": false}}, {"type": "Feature", "geometry": {"type": "LineString", "coordinates": [[3.7705381, 50.8293156], [3.7706527, 50.8293395]]}, "properties": {"role": "edge", "from": "313568332", "to": "3894056228", "length": 8.48, "culvert": false, "unmapped": false}}, {"type": "Feature", "geometry": {"type": "LineString", "coordinates": [[3.7706527, 50.8293395], [3.7707406, 50.8293868]]}, "properties": {"role": "edge", "from": "3894056228", "to": "3894056229", "length": 8.11, "culvert": false, "unmapped": false}}, {"type": "Feature", "geometry": {"type": "LineString", "coordinates": [[3.7707406, 50.8293868], [3.7707647, 50.8294944]]}, "properties": {"role": "edge", "from": "3894056229", "to": "313568333", "length": 12.08, "culvert": false, "unmapped": false}}, {"type": "Feature", "geometry": {"type": "LineString", "coordinates": [[3.7707647, 50.8294944], [3.7707094, 50.8295851]]}, "properties": {"role": "edge", "from": "313568333", "to": "313568334", "length": 10.81, "culvert": false, "unmapped": false}}, {"type": "Feature", "geometry": {"type": "LineString", "coordinates": [[3.7707094, 50.8295851], [3.7706081, 50.8296008]]}, "properties": {"role": "edge", "from": "313568334", "to": "3894056231", "length": 7.33, "culvert": false, "unmapped": false}}, {"type": "Feature", "geometry": {"type": "LineString", "coordinates": [[3.7706081, 50.8296008], [3.7704088, 50.8295969]]}, "properties": {"role": "edge", "from": "3894056231", "to": "3894056230", "length": 14.0, "culvert": false, "unmapped": false}}, {"type": "Feature", "geometry": {"type": "LineString", "coordinates": [[3.7704088, 50.8295969], [3.7703548, 50.8296214]]}, "properties": {"role": "edge", "from": "3894056230", "to": "313568335", "length": 4.67, "culvert": false, "unmapped": false}}, {"type": "Feature", "geometry": {"type": "LineString", "coordinates": [[3.7703548, 50.8296214], [3.7704352, 50.8297536]]}, "properties": {"role": "edge", "from": "313568335", "to": "3894056232", "length": 15.75, "culvert": false, "unmapped": false}}, {"type": "Feature", "geometry": {"type": "LineString", "coordinates": [[3.7704352, 50.8297536], [3.7703785, 50.8299131]]}, "properties": {"role": "edge", "from": "3894056232", "to": "8181127096", "length": 18.18, "culvert": false, "unmapped": false}}, {"type": "Feature", "geometry": {"type": "LineString", "coordinates": [[3.7703785, 50.8299131], [3.7702793, 50.8299978]]}, "properties": {"role": "edge", "from": "8181127096", "to": "8181127097", "length": 11.72, "culvert": false, "unmapped": false}}, {"type": "Feature", "geometry": {"type": "LineString", "coordinates": [[3.7702793, 50.8299978], [3.7702808, 50.8300984]]}, "properties": {"role": "edge", "from": "8181127097", "to": "313568336", "length": 11.19, "culvert": false, "unmapped": false}}, {"type": "Feature", "geometry": {"type": "LineString", "coordinates": [[3.7702808, 50.8300984], [3.7702417, 50.830135]]}, "properties": {"role": "edge", "from": "313568336", "to": "8181127098", "length": 4.91, "culvert": false, "unmapped": false}}, {"type": "Feature", "geometry": {"type": "LineString", "coordinates": [[3.7702417, 50.830135], [3.7701498, 50.830182]]}, "properties": {"role": "edge", "from": "8181127098", "to": "313568337", "length": 8.3, "culvert": false, "unmapped": false}}, {"type": "Feature", "geometry": {"type": "LineString", "coordinates": [[3.7701498, 50.830182], [3.7701908, 50.8302282]]}, "properties": {"role": "edge", "from": "313568337", "to": "8181127099", "length": 5.89, "culvert": false, "unmapped": false}}, {"type": "Feature", "geometry": {"type": "LineString", "coordinates": [[3.7701908, 50.8302282], [3.7702686, 50.8303265]]}, "properties": {"role": "edge", "from": "8181127099", "to": "8181127100", "length": 12.22, "culvert": false, "unmapped": false}}, {"type": "Feature", "geometry": {"type": "LineString", "coordinates": [[3.7702686, 50.8303265], [3.7702613, 50.8303824]]}, "properties": {"role": "edge", "from": "8181127100", "to": "313568338", "length": 6.24, "culvert": false, "unmapped": false}}, {"type": "Feature", "geometry": {"type": "LineString", "coordinates": [[3.7702613, 50.8303824], [3.7701559, 50.8304332]]}, "properties": {"role": "edge", "from": "313568338", "to": "8181127101", "length": 9.31, "culvert": false, "unmapped": false}}, {"type": "Feature", "geometry": {"type": "LineString", "coordinates": [[3.7701559, 50.8304332], [3.7700164, 50.830423]]}, "properties": {"role": "edge", "from": "8181127101", "to": "8181127102", "length": 9.86, "culvert": false, "unmapped": false}}, {"type": "Feature", "geometry": {"type": "LineString", "coordinates": [[3.7700164, 50.830423], [3.769962, 50.830448]]}, "properties": {"role": "edge", "from": "8181127102", "to": "313568339", "length": 4.72, "culvert": false, "unmapped": false}}, {"type": "Feature", "geometry": {"type": "LineString", "coordinates": [[3.769962, 50.830448], [3.7697932, 50.8307214]]}, "properties": {"role": "edge", "from": "313568339", "to": "313568340", "length": 32.63, "culvert": false, "unmapped": false}}, {"type": "Feature", "geometry": {"type": "LineString", "coordinates": [[3.7697932, 50.8307214], [3.7697603, 50.8307534]]}, "properties": {"role": "edge", "from": "313568340", "to": "8181127103", "length": 4.24, "culvert": false, "unmapped": false}}, {"type": "Feature", "geometry": {"type": "LineString", "coordinates": [[3.7697603, 50.8307534], [3.7697038, 50.8307744]]}, "properties": {"role": "edge", "from": "8181127103", "to": "3894056237", "length": 4.6, "culvert": false, "unmapped": false}}, {"type": "Feature", "geometry": {"type": "LineString", "coordinates": [[3.7697038, 50.8307744], [3.7696195, 50.8307593]]}, "properties": {"role": "edge", "from": "3894056237", "to": "8181127104", "length": 6.15, "culvert": false, "unmapped": false}}, {"type": "Feature", "geometry": {"type": "LineString", "coordinates": [[3.7696195, 50.8307593], [3.7695275, 50.830713]]}, "properties": {"role": "edge", "from": "8181127104", "to": "3894056235", "length": 8.26, "culvert": false, "unmapped": false}}, {"type": "Feature", "geometry": {"type": "LineString", "coordinates": [[3.7695275, 50.830713], [3.7693837, 50.8306022]]}, "properties": {"role": "edge", "from": "3894056235", "to": "3894056234", "length": 15.93, "culvert": false, "unmapped": false}}, {"type": "Feature", "geometry": {"type": "LineString", "coordinates": [[3.7693837, 50.8306022], [3.7693164, 50.8305992]]}, "properties": {"role": "edge", "from": "3894056234", "to": "8181127105", "length": 4.74, "culvert": false, "unmapped": false}}, {"type": "Feature", "geometry": {"type": "LineString", "coordinates": [[3.7693164, 50.8305992], [3.7692321, 50.8306149]]}, "properties": {"role": "edge", "from": "8181127105", "to": "3894056233", "length": 6.17, "culvert": false, "unmapped": false}}, {"type": "Feature", "geometry": {"type": "LineString", "coordinates": [[3.7692321, 50.8306149], [3.7691984, 50.8306585]]}, "properties": {"role": "edge", "from": "3894056233", "to": "8181127106", "length": 5.39, "culvert": false, "unmapped": false}}, {"type": "Feature", "geometry": {"type": "LineString", "coordinates": [[3.7691984, 50.8306585], [3.7692101, 50.8307141]]}, "properties": {"role": "edge", "from": "8181127106", "to": "3894056236", "length": 6.24, "culvert": false, "unmapped": false}}, {"type": "Feature", "geometry": {"type": "LineString", "coordinates": [[3.7692101, 50.8307141], [3.7692382, 50.8307644]]}, "properties": {"role": "edge", "from": "3894056236", "to": "3894056238", "length": 5.93, "culvert": false, "unmapped": false}}, {"type": "Feature", "geometry": {"type": "LineString", "coordinates": [[3.7692382, 50.8307644], [3.7693834, 50.8307678]]}, "properties": {"role": "edge", "from": "3894056238", "to": "8181127107", "length": 10.2, "culvert": false, "unmapped": false}}, {"type": "Feature", "geometry": {"type": "LineString", "coordinates": [[3.7693834, 50.8307678], [3.7694988, 50.8308178]]}, "properties": {"role": "edge", "from": "8181127107", "to": "8181127108", "length": 9.83, "culvert": false, "unmapped": false}}, {"type": "Feature", "geometry": {"type": "LineString", "coordinates": [[3.7694988, 50.8308178], [3.7695418, 50.8308583]]}, "properties": {"role": "edge", "from": "8181127108", "to": "3894056239", "length": 5.42, "culvert": false, "unmapped": false}}, {"type": "Feature", "geometry": {"type": "LineString", "coordinates": [[3.7695418, 50.8308583], [3.7696034, 50.8309508]]}, "properties": {"role": "edge", "from": "3894056239", "to": "8181127109", "length": 11.16, "culvert": false, "unmapped": false}}, {"type": "Feature", "geometry": {"type": "LineString", "coordinates": [[3.7696034, 50.8309508], [3.7695717, 50.8310146]]}, "properties": {"role": "edge", "from": "8181127109", "to": "313568341", "length": 7.44, "culvert": false, "unmapped": false}}, {"type": "Feature", "geometry": {"type": "LineString", "coordinates": [[3.7695717, 50.8310146], [3.7694073, 50.8311158]]}, "properties": {"role": "edge", "from": "313568341", "to": "313568342", "length": 16.12, "culvert": false, "unmapped": false}}, {"type": "Feature", "geometry": {"type": "LineString", "coordinates": [[3.7694073, 50.8311158], [3.7693083, 50.8311735]]}, "properties": {"role": "edge", "from": "313568342", "to": "8181127110", "length": 9.46, "culvert": false, "unmapped": false}}, {"type": "Feature", "geometry": {"type": "LineString", "coordinates": [[3.7693083, 50.8311735], [3.7692212, 50.8312642]]}, "properties": {"role": "edge", "from": "8181127110", "to": "8181127111", "length": 11.8, "culvert": false, "unmapped": false}}, {"type": "Feature", "geometry": {"type": "LineString", "coordinates": [[3.7692212, 50.8312642], [3.7691649, 50.8312868]]}, "properties": {"role": "edge", "from": "8181127111", "to": "313568343", "length": 4.69, "culvert": false, "unmapped": false}}, {"type": "Feature", "geometry": {"type": "LineString", "coordinates": [[3.7691649, 50.8312868], [3.7689605, 50.8312287]]}, "properties": {"role": "edge", "from": "313568343", "to": "313568344", "length": 15.74, "culvert": false, "unmapped": false}}, {"type": "Feature", "geometry": {"type": "LineString", "coordinates": [[3.7689605, 50.8312287], [3.7688845, 50.8312481]]}, "properties": {"role": "edge", "from": "313568344", "to": "8181127112", "length": 5.76, "culvert": false, "unmapped": false}}, {"type": "Feature", "geometry": {"type": "LineString", "coordinates": [[3.7688845, 50.8312481], [3.7687789, 50.8312977]]}, "properties": {"role": "edge", "from": "8181127112", "to": "3894056240", "length": 9.24, "culvert": false, "unmapped": false}}, {"type": "Feature", "geometry": {"type": "LineString", "coordinates": [[3.7687789, 50.8312977], [3.7687008, 50.8313446]]}, "properties": {"role": "edge", "from": "3894056240", "to": "8181127113", "length": 7.57, "culvert": false, "unmapped": false}}, {"type": "Feature", "geometry": {"type": "LineString", "coordinates": [[3.7687008, 50.8313446], [3.7686836, 50.8313916]]}, "properties": {"role": "edge", "from": "8181127113", "to": "313568345", "length": 5.36, "culvert": false, "unmapped": false}}, {"type": "Feature", "geometry": {"type": "LineString", "coordinates": [[3.7686836, 50.8313916], [3.7686968, 50.8314251]]}, "properties": {"role": "edge", "from": "313568345", "to": "8181127114", "length": 3.84, "culvert": false, "unmapped": false}}, {"type": "Feature", "geometry": {"type": "LineString", "coordinates": [[3.7686968, 50.8314251], [3.7687475, 50.8314604]]}, "properties": {"role": "edge", "from": "8181127114", "to": "3894056241", "length": 5.3, "culvert": false, "unmapped": false}}, {"type": "Feature", "geometry": {"type": "LineString", "coordinates": [[3.7687475, 50.8314604], [3.7688604, 50.8314751]]}, "properties": {"role": "edge", "from": "3894056241", "to": "8181127115", "length": 8.1, "culvert": false, "unmapped": false}}, {"type": "Feature", "geometry": {"type": "LineString", "coordinates": [[3.7688604, 50.8314751], [3.7690145, 50.831483]]}, "properties": {"role": "edge", "from": "8181127115", "to": "3894056242", "length": 10.86, "culvert": false, "unmapped": false}}, {"type": "Feature", "geometry": {"type": "LineString", "coordinates": [[3.7690145, 50.831483], [3.7690642, 50.8315174]]}, "properties": {"role": "edge", "from": "3894056242", "to": "8181127116", "length": 5.18, "culvert": false, "unmapped": false}}, {"type": "Feature", "geometry": {"type": "LineString", "coordinates": [[3.7690642, 50.8315174], [3.7690813, 50.8315763]]}, "properties": {"role": "edge", "from": "8181127116", "to": "313568346", "length": 6.66, "culvert": false, "unmapped": false}}, {"type": "Feature", "geometry": {"type": "LineString", "coordinates": [[3.7690813, 50.8315763], [3.7690321, 50.8316394]]}, "properties": {"role": "edge", "from": "313568346", "to": "8181127117", "length": 7.82, "culvert": false, "unmapped": false}}, {"type": "Feature", "geometry": {"type": "LineString", "coordinates": [[3.7690321, 50.8316394], [3.7689784, 50.8316834]]}, "properties": {"role": "edge", "from": "8181127117", "to": "8181127118", "length": 6.18, "culvert": false, "unmapped": false}}, {"type": "Feature", "geometry": {"type": "LineString", "coordinates": [[3.7689784, 50.8316834], [3.768796, 50.8317986]]}, "properties": {"role": "edge", "from": "8181127118", "to": "8181127119", "length": 18.12, "culvert": false, "unmapped": false}}, {"type": "Feature", "geometry": {"type": "LineString", "coordinates": [[3.768796, 50.8317986], [3.7688068, 50.8318393]]}, "properties": {"role": "edge", "from": "8181127119", "to": "8181127120", "length": 4.59, "culvert": false, "unmapped": false}}, {"type": "Feature", "geometry": {"type": "LineString", "coordinates": [[3.7688068, 50.8318393], [3.768957, 50.8318817]]}, "properties": {"role": "edge", "from": "8181127120", "to": "8181127121", "length": 11.55, "culvert": false, "unmapped": false}}, {"type": "Feature", "geometry": {"type": "LineString", "coordinates": [[3.768957, 50.8318817], [3.7690186, 50.8319189]]}, "properties": {"role": "edge", "from": "8181127121", "to": "8181127122", "length": 5.99, "culvert": false, "unmapped": false}}, {"type": "Feature", "geometry": {"type": "LineString", "coordinates": [[3.7690186, 50.8319189], [3.7690051, 50.8319896]]}, "properties": {"role": "edge", "from": "8181127122", "to": "313568347", "length": 7.92, "culvert": false, "unmapped": false}}, {"type": "Feature", "geometry": {"type": "LineString", "coordinates": [[3.7690051, 50.8319896], [3.768973, 50.8320714]]}, "properties": {"role": "edge", "from": "313568347", "to": "8181127123", "length": 9.37, "culvert": false, "unmapped": false}}, {"type": "Feature", "geometry": {"type": "LineString", "coordinates": [[3.768973, 50.8320714], [3.7689275, 50.8322035]]}, "properties": {"role": "edge", "from": "8181127123", "to": "8181127124", "length": 15.03, "culvert": false, "unmapped": false}}, {"type": "Feature", "geometry": {"type": "LineString", "coordinates": [[3.7689275, 50.8322035], [3.7690024, 50.8324331]]}, "properties": {"role": "edge", "from": "8181127124", "to": "313568348", "length": 26.07, "culvert": false, "unmapped": false}}, {"type": "Feature", "geometry": {"type": "LineString", "coordinates": [[3.7690024, 50.8324331], [3.7689561, 50.8325556]]}, "properties": {"role": "edge", "from": "313568348", "to": "8269679879", "length": 14.0, "culvert": false, "unmapped": false}}, {"type": "Feature", "geometry": {"type": "LineString", "coordinates": [[3.7689561, 50.8325556], [3.7688896, 50.8327314]]}, "properties": {"role": "edge", "from": "8269679879", "to": "3894056243", "length": 20.1, "culvert": false, "unmapped": false}}, {"type": "Feature", "geometry": {"type": "LineString", "coordinates": [[3.7688896, 50.8327314], [3.768874, 50.8328518]]}, "properties": {"role": "edge", "from": "3894056243", "to": "313568349", "length": 13.43, "culvert": false, "unmapped": false}}, {"type": "Feature", "geometry": {"type": "LineString", "coordinates": [[3.768874, 50.8328518], [3.7688683, 50.833316]]}, "properties": {"role": "edge", "from": "313568349", "to": "3894056244", "length": 51.62, "culvert": false, "unmapped": false}}, {"type": "Feature", "geometry": {"type": "LineString", "coordinates": [[3.7688683, 50.833316], [3.768847, 50.8336441]]}, "properties": {"role": "edge", "from": "3894056244", "to": "3894056245", "length": 36.51, "culvert": false, "unmapped": false}}, {"type": "Feature", "geometry": {"type": "LineString", "coordinates": [[3.768847, 50.8336441], [3.7688527, 50.8337043]]}, "properties": {"role": "edge", "from": "3894056245", "to": "8181127093", "length": 6.71, "culvert": false, "unmapped": false}}, {"type": "Feature", "geometry": {"type": "LineString", "coordinates": [[3.7688527, 50.8337043], [3.7688548, 50.8337265]]}, "properties": {"role": "edge", "from": "8181127093", "to": "313568350", "length": 2.47, "culvert": false, "unmapped": false}}, {"type": "Feature", "geometry": {"type": "LineString", "coordinates": [[3.7688548, 50.8337265], [3.7688906, 50.8338358]]}, "properties": {"role": "edge", "from": "313568350", "to": "3894056247", "length": 12.41, "culvert": false, "unmapped": false}}, {"type": "Feature", "geometry": {"type": "LineString", "coordinates": [[3.7656846, 50.8631249], [3.7656397, 50.8631853]]}, "properties": {"role": "edge", "from": "313568431", "to": "3892724460", "length": 7.42, "culvert": false, "unmapped": false}}, {"type": "Feature", "geometry": {"type": "LineString", "coordinates": [[3.7656397, 50.8631853], [3.7656046, 50.8632541]]}, "properties": {"role": "edge", "from": "3892724460", "to": "3892724463", "length": 8.04, "culvert": false, "unmapped": false}}, {"type": "Feature", "geometry": {"type": "LineString", "coordinates": [[3.7656046, 50.8632541], [3.7655051, 50.8633697]]}, "properties": {"role": "edge", "from": "3892724463", "to": "313568432", "length": 14.63, "culvert": false, "unmapped": false}}, {"type": "Feature", "geometry": {"type": "LineString", "coordinates": [[3.7655051, 50.8633697], [3.7653437, 50.8634655]]}, "properties": {"role": "edge", "from": "313568432", "to": "3892724475", "length": 15.55, "culvert": false, "unmapped": false}}, {"type": "Feature", "geometry": {"type": "LineString", "coordinates": [[3.7653437, 50.8634655], [3.7652067, 50.8635887]]}, "properties": {"role": "edge", "from": "3892724475", "to": "313568433", "length": 16.74, "culvert": false, "unmapped": false}}, {"type": "Feature", "geometry": {"type": "LineString", "coordinates": [[3.7652067, 50.8635887], [3.7651402, 50.8638013]]}, "properties": {"role": "edge", "from": "313568433", "to": "313568434", "length": 24.1, "culvert": false, "unmapped": false}}, {"type": "Feature", "geometry": {"type": "LineString", "coordinates": [[3.7651402, 50.8638013], [3.7650988, 50.8640878]]}, "properties": {"role": "edge", "from": "313568434", "to": "313568435", "length": 31.99, "culvert": false, "unmapped": false}}, {"type": "Feature", "geometry": {"type": "LineString", "coordinates": [[3.7650988, 50.8640878], [3.7650509, 50.8641509]]}, "properties": {"role": "edge", "from": "313568435", "to": "3895916771", "length": 7.78, "culvert": false, "unmapped": false}}, {"type": "Feature", "geometry": {"type": "LineString", "coordinates": [[3.7650509, 50.8641509], [3.7649376, 50.864203]]}, "properties": {"role": "edge", "from": "3895916771", "to": "3895916772", "length": 9.84, "culvert": false, "unmapped": false}}, {"type": "Feature", "geometry": {"type": "LineString", "coordinates": [[3.7649376, 50.864203], [3.7648802, 50.8642763]]}, "properties": {"role": "edge", "from": "3895916772", "to": "3895916773", "length": 9.09, "culvert": false, "unmapped": false}}, {"type": "Feature", "geometry": {"type": "LineString", "coordinates": [[3.7648802, 50.8642763], [3.7648488, 50.8643873]]}, "properties": {"role": "edge", "from": "3895916773", "to": "313568436", "length": 12.54, "culvert": false, "unmapped": false}}, {"type": "Feature", "geometry": {"type": "LineString", "coordinates": [[3.7648488, 50.8643873], [3.764689, 50.8645466]]}, "properties": {"role": "edge", "from": "313568436", "to": "651508995", "length": 20.97, "culvert": false, "unmapped": false}}, {"type": "Feature", "geometry": {"type": "LineString", "coordinates": [[3.764689, 50.8645466], [3.7646014, 50.8646612]]}, "properties": {"role": "edge", "from": "651508995", "to": "3895916774", "length": 14.15, "culvert": false, "unmapped": false}}, {"type": "Feature", "geometry": {"type": "LineString", "coordinates": [[3.7646014, 50.8646612], [3.7645916, 50.8647601]]}, "properties": {"role": "edge", "from": "3895916774", "to": "3895916775", "length": 11.02, "culvert": false, "unmapped": false}}, {"type": "Feature", "geometry": {"type": "LineString", "coordinates": [[3.7645916, 50.8647601], [3.7646545, 50.8649147]]}, "properties": {"role": "edge", "from": "3895916775", "to": "3895916776", "length": 17.75, "culvert": false, "unmapped": false}}, {"type": "Feature", "geometry": {"type": "LineString", "coordinates": [[3.7646545, 50.8649147], [3.7646179, 50.8649631]]}, "properties": {"role": "edge", "from": "3895916776", "to": "651508996", "length": 5.96, "culvert": false, "unmapped": false}}, {"type": "Feature", "geometry": {"type": "LineString", "coordinates": [[3.7646179, 50.8649631], [3.7643998, 50.8650321]]}, "properties": {"role": "edge", "from": "651508996", "to": "651508997", "length": 17.12, "culvert": false, "unmapped": false}}, {"type": "Feature", "geometry": {"type": "LineString", "coordinates": [[3.7643998, 50.8650321], [3.7643509, 50.8651107]]}, "properties": {"role": "edge", "from": "651508997", "to": "313568437", "length": 9.39, "culvert": false, "unmapped": false}}, {"type": "Feature", "geometry": {"type": "LineString", "coordinates": [[3.7643509, 50.8651107], [3.764339, 50.865299]]}, "properties": {"role": "edge", "from": "313568437", "to": "651508999", "length": 20.95, "culvert": false, "unmapped": false}}, {"type": "Feature", "geometry": {"type": "LineString", "coordinates": [[3.764339, 50.865299], [3.7642994, 50.8654381]]}, "properties": {"role": "edge", "from": "651508999", "to": "3045964309", "length": 15.71, "culvert": false, "unmapped": false}}, {"type": "Feature", "geometry": {"type": "LineString", "coordinates": [[3.7642994, 50.8654381], [3.7641937, 50.8655605]]}, "properties": {"role": "edge", "from": "3045964309", "to": "651509000", "length": 15.5, "culvert": false, "unmapped": false}}, {"type": "Feature", "geometry": {"type": "LineString", "coordinates": [[3.7641937, 50.8655605], [3.7641608, 50.8656315]]}, "properties": {"role": "edge", "from": "651509000", "to": "3045964315", "length": 8.23, "culvert": false, "unmapped": false}}, {"type": "Feature", "geometry": {"type": "LineString", "coordinates": [[3.7641608, 50.8656315], [3.764151, 50.865722]]}, "properties": {"role": "edge", "from": "3045964315", "to": "651509001", "length": 10.09, "culvert": false, "unmapped": false}}, {"type": "Feature", "geometry": {"type": "LineString", "coordinates": [[3.764151, 50.865722], [3.7641002, 50.8658371]]}, "properties": {"role": "edge", "from": "651509001", "to": "3045964317", "length": 13.29, "culvert": false, "unmapped": false}}, {"type": "Feature", "geometry": {"type": "LineString", "coordinates": [[3.7641002, 50.8658371], [3.763997, 50.8659229]]}, "properties": {"role": "edge", "from": "3045964317", "to": "3045964318", "length": 11.98, "culvert": false, "unmapped": false}}, {"type": "Feature", "geometry": {"type": "LineString", "coordinates": [[3.763997, 50.8659229], [3.7639416, 50.8660056]]}, "properties": {"role": "edge", "from": "3045964318", "to": "651509002", "length": 9.98, "culvert": false, "unmapped": false}}, {"type": "Feature", "geometry": {"type": "LineString", "coordinates": [[3.7639416, 50.8660056], [3.7639859, 50.8660643]]}, "properties": {"role": "edge", "from": "651509002", "to": "3045964320", "length": 7.23, "culvert": false, "unmapped": false}}, {"type": "Feature", "geometry": {"type": "LineString", "coordinates": [[3.7639859, 50.8660643], [3.7640995, 50.8661723]]}, "properties": {"role": "edge", "from": "3045964320", "to": "3045964324", "length": 14.41, "culvert": false, "unmapped": false}}, {"type": "Feature", "geometry": {"type": "LineString", "coordinates": [[3.7634832, 50.8449739], [3.763507, 50.845036]]}, "properties": {"role": "edge", "from": "3892724026", "to": "3892724040", "length": 7.1, "culvert": false, "unmapped": false}}, {"type": "Feature", "geometry": {"type": "LineString", "coordinates": [[3.763507, 50.845036], [3.7633845, 50.8451599]]}, "properties": {"role": "edge", "from": "3892724040", "to": "2046111343", "length": 16.24, "culvert": false, "unmapped": false}}, {"type": "Feature", "geometry": {"type": "LineString", "coordinates": [[3.7633845, 50.8451599], [3.763304, 50.8452371]]}, "properties": {"role": "edge", "from": "2046111343", "to": "823599936", "length": 10.28, "culvert": false, "unmapped": false}}, {"type": "Feature", "geometry": {"type": "LineString", "coordinates": [[3.763304, 50.8452371], [3.763165, 50.845386]]}, "properties": {"role": "edge", "from": "823599936", "to": "313568383", "length": 19.22, "culvert": false, "unmapped": false}}, {"type": "Feature", "geometry": {"type": "LineString", "coordinates": [[3.763165, 50.845386], [3.7630606, 50.8458641]]}, "properties": {"role": "edge", "from": "313568383", "to": "3892724093", "length": 53.67, "culvert": false, "unmapped": false}}, {"type": "Feature", "geometry": {"type": "LineString", "coordinates": [[3.7630606, 50.8458641], [3.762985, 50.84621]]}, "properties": {"role": "edge", "from": "3892724093", "to": "313568384", "length": 38.83, "culvert": false, "unmapped": false}}, {"type": "Feature", "geometry": {"type": "LineString", "coordinates": [[3.762985, 50.84621], [3.7629092, 50.8464753]]}, "properties": {"role": "edge", "from": "313568384", "to": "3892724108", "length": 29.98, "culvert": false, "unmapped": false}}, {"type": "Feature", "geometry": {"type": "LineString", "coordinates": [[3.7629092, 50.8464753], [3.7627549, 50.8466227]]}, "properties": {"role": "edge", "from": "3892724108", "to": "313568385", "length": 19.65, "culvert": false, "unmapped": false}}, {"type": "Feature", "geometry": {"type": "LineString", "coordinates": [[3.7627549, 50.8466227], [3.7628816, 50.8470401]]}, "properties": {"role": "edge", "from": "313568385", "to": "3892724142", "length": 47.26, "culvert": false, "unmapped": false}}, {"type": "Feature", "geometry": {"type": "LineString", "coordinates": [[3.7628816, 50.8470401], [3.7628354, 50.8471822]]}, "properties": {"role": "edge", "from": "3892724142", "to": "313568386", "length": 16.13, "culvert": false, "unmapped": false}}, {"type": "Feature", "geometry": {"type": "LineString", "coordinates": [[3.7628354, 50.8471822], [3.7627804, 50.8473349]]}, "properties": {"role": "edge", "from": "313568386", "to": "8176953096", "length": 17.41, "culvert": false, "unmapped": false}}, {"type": "Feature", "geometry": {"type": "LineString", "coordinates": [[3.7627804, 50.8473349], [3.7627045, 50.8476246]]}, "properties": {"role": "edge", "from": "8176953096", "to": "3892724146", "length": 32.65, "culvert": false, "unmapped": false}}, {"type": "Feature", "geometry": {"type": "LineString", "coordinates": [[3.7627045, 50.8476246], [3.7626801, 50.8479801]]}, "properties": {"role": "edge", "from": "3892724146", "to": "313568388", "length": 39.57, "culvert": false, "unmapped": false}}, {"type": "Feature", "geometry": {"type": "LineString", "coordinates": [[3.7626801, 50.8479801], [3.7626641, 50.8480864]]}, "properties": {"role": "edge", "from": "313568388", "to": "3892724149", "length": 11.87, "culvert": false, "unmapped": false}}, {"type": "Feature", "geometry": {"type": "LineString", "coordinates": [[3.7626641, 50.8480864], [3.7626749, 50.8481957]]}, "properties": {"role": "edge", "from": "3892724149", "to": "651508955", "length": 12.18, "culvert": false, "unmapped": false}}, {"type": "Feature", "geometry": {"type": "LineString", "coordinates": [[3.7626749, 50.8481957], [3.7625661, 50.8484595]]}, "properties": {"role": "edge", "from": "651508955", "to": "313568389", "length": 30.31, "culvert": false, "unmapped": false}}, {"type": "Feature", "geometry": {"type": "LineString", "coordinates": [[3.7625661, 50.8484595], [3.7625512, 50.8485953]]}, "properties": {"role": "edge", "from": "313568389", "to": "3892724151", "length": 15.14, "culvert": false, "unmapped": false}}, {"type": "Feature", "geometry": {"type": "LineString", "coordinates": [[3.7625512, 50.8485953], [3.7626738, 50.8487185]]}, "properties": {"role": "edge", "from": "3892724151", "to": "3892724152", "length": 16.18, "culvert": false, "unmapped": false}}, {"type": "Feature", "geometry": {"type": "LineString", "coordinates": [[3.7626738, 50.8487185], [3.7629641, 50.8488581]]}, "properties": {"role": "edge", "from": "3892724152", "to": "313568390", "length": 25.62, "culvert": false, "unmapped": false}}, {"type": "Feature", "geometry": {"type": "LineString", "coordinates": [[3.7629641, 50.8488581], [3.7630153, 50.8489818]]}, "properties": {"role": "edge", "from": "313568390", "to": "651508957", "length": 14.22, "culvert": false, "unmapped": false}}, {"type": "Feature", "geometry": {"type": "LineString", "coordinates": [[3.7630153, 50.8489818], [3.762893, 50.849105]]}, "properties": {"role": "edge", "from": "651508957", "to": "313568391", "length": 16.17, "culvert": false, "unmapped": false}}, {"type": "Feature", "geometry": {"type": "LineString", "coordinates": [[3.762893, 50.849105], [3.7625598, 50.8493051]]}, "properties": {"role": "edge", "from": "313568391", "to": "313568392", "length": 32.28, "culvert": false, "unmapped": false}}, {"type": "Feature", "geometry": {"type": "LineString", "coordinates": [[3.7625598, 50.8493051], [3.7625279, 50.8494306]]}, "properties": {"role": "edge", "from": "313568392", "to": "3892724155", "length": 14.13, "culvert": false, "unmapped": false}}, {"type": "Feature", "geometry": {"type": "LineString", "coordinates": [[3.7625279, 50.8494306], [3.7625357, 50.8495096]]}, "properties": {"role": "edge", "from": "3892724155", "to": "651508959", "length": 8.8, "culvert": false, "unmapped": false}}, {"type": "Feature", "geometry": {"type": "LineString", "coordinates": [[3.7625357, 50.8495096], [3.762687, 50.849716]]}, "properties": {"role": "edge", "from": "651508959", "to": "313568393", "length": 25.29, "culvert": false, "unmapped": false}}, {"type": "Feature", "geometry": {"type": "LineString", "coordinates": [[3.762687, 50.849716], [3.762608, 50.8500281]]}, "properties": {"role": "edge", "from": "313568393", "to": "313568394", "length": 35.14, "culvert": false, "unmapped": false}}, {"type": "Feature", "geometry": {"type": "LineString", "coordinates": [[3.762608, 50.8500281], [3.7624205, 50.8501067]]}, "properties": {"role": "edge", "from": "313568394", "to": "3892724181", "length": 15.8, "culvert": false, "unmapped": false}}, {"type": "Feature", "geometry": {"type": "LineString", "coordinates": [[3.7624205, 50.8501067], [3.7623499, 50.850269]]}, "properties": {"role": "edge", "from": "3892724181", "to": "313568395", "length": 18.72, "culvert": false, "unmapped": false}}, {"type": "Feature", "geometry": {"type": "LineString", "coordinates": [[3.7623499, 50.850269], [3.7623025, 50.850565]]}, "properties": {"role": "edge", "from": "313568395", "to": "313568396", "length": 33.08, "culvert": false, "unmapped": false}}, {"type": "Feature", "geometry": {"type": "LineString", "coordinates": [[3.7623025, 50.850565], [3.7629072, 50.8509896]]}, "properties": {"role": "edge", "from": "313568396", "to": "313568397", "length": 63.49, "culvert": false, "unmapped": false}}, {"type": "Feature", "geometry": {"type": "LineString", "coordinates": [[3.7629072, 50.8509896], [3.7629996, 50.851202]]}, "properties": {"role": "edge", "from": "313568397", "to": "3892724184", "length": 24.49, "culvert": false, "unmapped": false}}, {"type": "Feature", "geometry": {"type": "LineString", "coordinates": [[3.7629996, 50.851202], [3.7630117, 50.8513124]]}, "properties": {"role": "edge", "from": "3892724184", "to": "3892724185", "length": 12.31, "culvert": false, "unmapped": false}}, {"type": "Feature", "geometry": {"type": "LineString", "coordinates": [[3.7630117, 50.8513124], [3.7630309, 50.8513832]]}, "properties": {"role": "edge", "from": "3892724185", "to": "3892724186", "length": 7.99, "culvert": false, "unmapped": false}}, {"type": "Feature", "geometry": {"type": "LineString", "coordinates": [[3.7630309, 50.8513832], [3.763123, 50.8514366]]}, "properties": {"role": "edge", "from": "3892724186", "to": "313568398", "length": 8.78, "culvert": false, "unmapped": false}}, {"type": "Feature", "geometry": {"type": "LineString", "coordinates": [[3.763123, 50.8514366], [3.7632553, 50.8514802]]}, "properties": {"role": "edge", "from": "313568398", "to": "3892724187", "length": 10.48, "culvert": false, "unmapped": false}}, {"type": "Feature", "geometry": {"type": "LineString", "coordinates": [[3.7632553, 50.8514802], [3.7634079, 50.8515217]]}, "properties": {"role": "edge", "from": "3892724187", "to": "3892724188", "length": 11.66, "culvert": false, "unmapped": false}}, {"type": "Feature", "geometry": {"type": "LineString", "coordinates": [[3.7634079, 50.8515217], [3.7634649, 50.8515631]]}, "properties": {"role": "edge", "from": "3892724188", "to": "313568399", "length": 6.1, "culvert": false, "unmapped": false}}, {"type": "Feature", "geometry": {"type": "LineString", "coordinates": [[3.7634649, 50.8515631], [3.7634372, 50.8516193]]}, "properties": {"role": "edge", "from": "313568399", "to": "3892724191", "length": 6.54, "culvert": false, "unmapped": false}}, {"type": "Feature", "geometry": {"type": "LineString", "coordinates": [[3.7634372, 50.8516193], [3.7633275, 50.8517153]]}, "properties": {"role": "edge", "from": "3892724191", "to": "313568400", "length": 13.16, "culvert": false, "unmapped": false}}, {"type": "Feature", "geometry": {"type": "LineString", "coordinates": [[3.7633275, 50.8517153], [3.7632886, 50.8517916]]}, "properties": {"role": "edge", "from": "313568400", "to": "651508967", "length": 8.91, "culvert": false, "unmapped": false}}, {"type": "Feature", "geometry": {"type": "LineString", "coordinates": [[3.7632886, 50.8517916], [3.7633463, 50.851851]]}, "properties": {"role": "edge", "from": "651508967", "to": "651508968", "length": 7.75, "culvert": false, "unmapped": false}}, {"type": "Feature", "geometry": {"type": "LineString", "coordinates": [[3.7633463, 50.851851], [3.7634719, 50.8518857]]}, "properties": {"role": "edge", "from": "651508968", "to": "4796878624", "length": 9.62, "culvert": false, "unmapped": false}}, {"type": "Feature", "geometry": {"type": "LineString", "coordinates": [[3.7634719, 50.8518857], [3.7635199, 50.8519169]]}, "properties": {"role": "edge", "from": "4796878624", "to": "3892724193", "length": 4.84, "culvert": false, "unmapped": false}}, {"type": "Feature", "geometry": {"type": "LineString", "coordinates": [[3.7635199, 50.8519169], [3.7635586, 50.8519847]]}, "properties": {"role": "edge", "from": "3892724193", "to": "313568401", "length": 8.01, "culvert": false, "unmapped": false}}, {"type": "Feature", "geometry": {"type": "LineString", "coordinates": [[3.7635586, 50.8519847], [3.7636009, 50.8521285]]}, "properties": {"role": "edge", "from": "313568401", "to": "3892724200", "length": 16.26, "culvert": false, "unmapped": false}}, {"type": "Feature", "geometry": {"type": "LineString", "coordinates": [[3.7636009, 50.8521285], [3.7635748, 50.8523359]]}, "properties": {"role": "edge", "from": "3892724200", "to": "313568402", "length": 23.13, "culvert": false, "unmapped": false}}, {"type": "Feature", "geometry": {"type": "LineString", "coordinates": [[3.7635748, 50.8523359], [3.7634849, 50.8524358]]}, "properties": {"role": "edge", "from": "313568402", "to": "651508970", "length": 12.78, "culvert": false, "unmapped": false}}, {"type": "Feature", "geometry": {"type": "LineString", "coordinates": [[3.7634849, 50.8524358], [3.7633283, 50.8525722]]}, "properties": {"role": "edge", "from": "651508970", "to": "313568403", "length": 18.73, "culvert": false, "unmapped": false}}, {"type": "Feature", "geometry": {"type": "LineString", "coordinates": [[3.7633283, 50.8525722], [3.763324, 50.8526389]]}, "properties": {"role": "edge", "from": "313568403", "to": "3892724211", "length": 7.42, "culvert": false, "unmapped": false}}, {"type": "Feature", "geometry": {"type": "LineString", "coordinates": [[3.763324, 50.8526389], [3.7633596, 50.8526755]]}, "properties": {"role": "edge", "from": "3892724211", "to": "651508972", "length": 4.78, "culvert": false, "unmapped": false}}, {"type": "Feature", "geometry": {"type": "LineString", "coordinates": [[3.7633596, 50.8526755], [3.7634816, 50.8527139]]}, "properties": {"role": "edge", "from": "651508972", "to": "313568404", "length": 9.57, "culvert": false, "unmapped": false}}, {"type": "Feature", "geometry": {"type": "LineString", "coordinates": [[3.7634816, 50.8527139], [3.76404, 50.8527239]]}, "properties": {"role": "edge", "from": "313568404", "to": "313568405", "length": 39.21, "culvert": false, "unmapped": false}}, {"type": "Feature", "geometry": {"type": "LineString", "coordinates": [[3.76404, 50.8527239], [3.7642964, 50.8526254]]}, "properties": {"role": "edge", "from": "313568405", "to": "313568406", "length": 21.07, "culvert": false, "unmapped": false}}, {"type": "Feature", "geometry": {"type": "LineString", "coordinates": [[3.7642964, 50.8526254], [3.7643888, 50.8525942]]}, "properties": {"role": "edge", "from": "313568406", "to": "3892724209", "length": 7.36, "culvert": false, "unmapped": false}}, {"type": "Feature", "geometry": {"type": "LineString", "coordinates": [[3.7643888, 50.8525942], [3.7644609, 50.8526309]]}, "properties": {"role": "edge", "from": "3892724209", "to": "3892724210", "length": 6.5, "culvert": false, "unmapped": false}}, {"type": "Feature", "geometry": {"type": "LineString", "coordinates": [[3.7644609, 50.8526309], [3.7645024, 50.8526738]]}, "properties": {"role": "edge", "from": "3892724210", "to": "8168820575", "length": 5.59, "culvert": false, "unmapped": false}}, {"type": "Feature", "geometry": {"type": "LineString", "coordinates": [[3.7645024, 50.8526738], [3.7646069, 50.8527981]]}, "properties": {"role": "edge", "from": "8168820575", "to": "3892724213", "length": 15.65, "culvert": false, "unmapped": false}}, {"type": "Feature", "geometry": {"type": "LineString", "coordinates": [[3.7646069, 50.8527981], [3.7646837, 50.8528766]]}, "properties": {"role": "edge", "from": "3892724213", "to": "313568407", "length": 10.26, "culvert": false, "unmapped": false}}, {"type": "Feature", "geometry": {"type": "LineString", "coordinates": [[3.7646837, 50.8528766], [3.7650039, 50.8531119]]}, "properties": {"role": "edge", "from": "313568407", "to": "3892724218", "length": 34.49, "culvert": false, "unmapped": false}}, {"type": "Feature", "geometry": {"type": "LineString", "coordinates": [[3.7650039, 50.8531119], [3.7652258, 50.8532698]]}, "properties": {"role": "edge", "from": "3892724218", "to": "313568408", "length": 23.47, "culvert": false, "unmapped": false}}, {"type": "Feature", "geometry": {"type": "LineString", "coordinates": [[3.7652258, 50.8532698], [3.7654534, 50.853424]]}, "properties": {"role": "edge", "from": "313568408", "to": "651508976", "length": 23.44, "culvert": false, "unmapped": false}}, {"type": "Feature", "geometry": {"type": "LineString", "coordinates": [[3.7654534, 50.853424], [3.7655668, 50.8535227]]}, "properties": {"role": "edge", "from": "651508976", "to": "3892724219", "length": 13.56, "culvert": false, "unmapped": false}}, {"type": "Feature", "geometry": {"type": "LineString", "coordinates": [[3.7655668, 50.8535227], [3.7656697, 50.853541]]}, "properties": {"role": "edge", "from": "3892724219", "to": "313568409", "length": 7.5, "culvert": false, "unmapped": false}}, {"type": "Feature", "geometry": {"type": "LineString", "coordinates": [[3.7656697, 50.853541], [3.765772, 50.8535444]]}, "properties": {"role": "edge", "from": "313568409", "to": "3892724220", "length": 7.19, "culvert": false, "unmapped": false}}, {"type": "Feature", "geometry": {"type": "LineString", "coordinates": [[3.765772, 50.8535444], [3.7658791, 50.8535636]]}, "properties": {"role": "edge", "from": "3892724220", "to": "3892724221", "length": 7.82, "culvert": false, "unmapped": false}}, {"type": "Feature", "geometry": {"type": "LineString", "coordinates": [[3.7658791, 50.8535636], [3.7659507, 50.8535932]]}, "properties": {"role": "edge", "from": "3892724221", "to": "313568410", "length": 6.01, "culvert": false, "unmapped": false}}, {"type": "Feature", "geometry": {"type": "LineString", "coordinates": [[3.7659507, 50.8535932], [3.7659734, 50.8536489]]}, "properties": {"role": "edge", "from": "313568410", "to": "3892724222", "length": 6.4, "culvert": false, "unmapped": false}}, {"type": "Feature", "geometry": {"type": "LineString", "coordinates": [[3.7659734, 50.8536489], [3.765978, 50.8538542]]}, "properties": {"role": "edge", "from": "3892724222", "to": "313568411", "length": 22.83, "culvert": false, "unmapped": false}}, {"type": "Feature", "geometry": {"type": "LineString", "coordinates": [[3.765978, 50.8538542], [3.7660087, 50.8539258]]}, "properties": {"role": "edge", "from": "313568411", "to": "2001195913", "length": 8.25, "culvert": false, "unmapped": false}}, {"type": "Feature", "geometry": {"type": "LineString", "coordinates": [[3.7660087, 50.8539258], [3.7661657, 50.8540812]]}, "properties": {"role": "edge", "from": "2001195913", "to": "313568412", "length": 20.5, "culvert": false, "unmapped": false}}, {"type": "Feature", "geometry": {"type": "LineString", "coordinates": [[3.7661657, 50.8540812], [3.7662745, 50.8542154]]}, "properties": {"role": "edge", "from": "313568412", "to": "651508980", "length": 16.76, "culvert": false, "unmapped": false}}, {"type": "Feature", "geometry": {"type": "LineString", "coordinates": [[3.7662745, 50.8542154], [3.7662622, 50.8543145]]}, "properties": {"role": "edge", "from": "651508980", "to": "3892724223", "length": 11.05, "culvert": false, "unmapped": false}}, {"type": "Feature", "geometry": {"type": "LineString", "coordinates": [[3.7662622, 50.8543145], [3.7662776, 50.854408]]}, "properties": {"role": "edge", "from": "3892724223", "to": "651508981", "length": 10.45, "culvert": false, "unmapped": false}}, {"type": "Feature", "geometry": {"type": "LineString", "coordinates": [[3.7662776, 50.854408], [3.7663366, 50.8544606]]}, "properties": {"role": "edge", "from": "651508981", "to": "651508982", "length": 7.17, "culvert": false, "unmapped": false}}, {"type": "Feature", "geometry": {"type": "LineString", "coordinates": [[3.7663366, 50.8544606], [3.7664301, 50.8545039]]}, "properties": {"role": "edge", "from": "651508982", "to": "313568413", "length": 8.14, "culvert": false, "unmapped": false}}, {"type": "Feature", "geometry": {"type": "LineString", "coordinates": [[3.7664301, 50.8545039], [3.7666069, 50.8545637]]}, "properties": {"role": "edge", "from": "313568413", "to": "313568414", "length": 14.08, "culvert": false, "unmapped": false}}, {"type": "Feature", "geometry": {"type": "LineString", "coordinates": [[3.7666069, 50.8545637], [3.7666573, 50.8546152]]}, "properties": {"role": "edge", "from": "313568414", "to": "3892724224", "length": 6.73, "culvert": false, "unmapped": false}}, {"type": "Feature", "geometry": {"type": "LineString", "coordinates": [[3.7666573, 50.8546152], [3.7666607, 50.8546836]]}, "properties": {"role": "edge", "from": "3892724224", "to": "2001196056", "length": 7.61, "culvert": false, "unmapped": false}}, {"type": "Feature", "geometry": {"type": "LineString", "coordinates": [[3.7666607, 50.8546836], [3.7666341, 50.8548404]]}, "properties": {"role": "edge", "from": "2001196056", "to": "313568415", "length": 17.54, "culvert": false, "unmapped": false}}, {"type": "Feature", "geometry": {"type": "LineString", "coordinates": [[3.7666341, 50.8548404], [3.7666707, 50.8550343]]}, "properties": {"role": "edge", "from": "313568415", "to": "2001196103", "length": 21.71, "culvert": false, "unmapped": false}}, {"type": "Feature", "geometry": {"type": "LineString", "coordinates": [[3.7666707, 50.8550343], [3.766742, 50.8552306]]}, "properties": {"role": "edge", "from": "2001196103", "to": "2001196138", "length": 22.39, "culvert": false, "unmapped": false}}, {"type": "Feature", "geometry": {"type": "LineString", "coordinates": [[3.766742, 50.8552306], [3.7668101, 50.8556131]]}, "properties": {"role": "edge", "from": "2001196138", "to": "313568416", "length": 42.8, "culvert": false, "unmapped": false}}, {"type": "Feature", "geometry": {"type": "LineString", "coordinates": [[3.7668101, 50.8556131], [3.7669006, 50.8557374]]}, "properties": {"role": "edge", "from": "313568416", "to": "3892724225", "length": 15.21, "culvert": false, "unmapped": false}}, {"type": "Feature", "geometry": {"type": "LineString", "coordinates": [[3.7669006, 50.8557374], [3.7669468, 50.8558964]]}, "properties": {"role": "edge", "from": "3892724225", "to": "651508983", "length": 17.97, "culvert": false, "unmapped": false}}, {"type": "Feature", "geometry": {"type": "LineString", "coordinates": [[3.7669468, 50.8558964], [3.766915, 50.8561729]]}, "properties": {"role": "edge", "from": "651508983", "to": "2001316065", "length": 30.83, "culvert": false, "unmapped": false}}, {"type": "Feature", "geometry": {"type": "LineString", "coordinates": [[3.766915, 50.8561729], [3.7670185, 50.8564499]]}, "properties": {"role": "edge", "from": "2001316065", "to": "651508984", "length": 31.65, "culvert": false, "unmapped": false}}, {"type": "Feature", "geometry": {"type": "LineString", "coordinates": [[3.7670185, 50.8564499], [3.7670821, 50.8566092]]}, "properties": {"role": "edge", "from": "651508984", "to": "3892724228", "length": 18.27, "culvert": false, "unmapped": false}}, {"type": "Feature", "geometry": {"type": "LineString", "coordinates": [[3.7670821, 50.8566092], [3.7670887, 50.8568929]]}, "properties": {"role": "edge", "from": "3892724228", "to": "3892724229", "length": 31.55, "culvert": false, "unmapped": false}}, {"type": "Feature", "geometry": {"type": "LineString", "coordinates": [[3.7670887, 50.8568929], [3.767133, 50.8570424]]}, "properties": {"role": "edge", "from": "3892724229", "to": "3892724230", "length": 16.91, "culvert": false, "unmapped": false}}, {"type": "Feature", "geometry": {"type": "LineString", "coordinates": [[3.767133, 50.8570424], [3.7671102, 50.8573492]]}, "properties": {"role": "edge", "from": "3892724230", "to": "313568417", "length": 34.15, "culvert": false, "unmapped": false}}, {"type": "Feature", "geometry": {"type": "LineString", "coordinates": [[3.7671102, 50.8573492], [3.7672065, 50.8576427]]}, "properties": {"role": "edge", "from": "313568417", "to": "651508986", "length": 33.33, "culvert": false, "unmapped": false}}, {"type": "Feature", "geometry": {"type": "LineString", "coordinates": [[3.7672065, 50.8576427], [3.7673407, 50.8579534]]}, "properties": {"role": "edge", "from": "651508986", "to": "313568418", "length": 35.81, "culvert": false, "unmapped": false}}, {"type": "Feature", "geometry": {"type": "LineString", "coordinates": [[3.7673407, 50.8579534], [3.7673646, 50.8581757]]}, "properties": {"role": "edge", "from": "313568418", "to": "651508987", "length": 24.78, "culvert": false, "unmapped": false}}, {"type": "Feature", "geometry": {"type": "LineString", "coordinates": [[3.7673646, 50.8581757], [3.7672966, 50.8583238]]}, "properties": {"role": "edge", "from": "651508987", "to": "313568419", "length": 17.15, "culvert": false, "unmapped": false}}, {"type": "Feature", "geometry": {"type": "LineString", "coordinates": [[3.7672966, 50.8583238], [3.767124, 50.858505]]}, "properties": {"role": "edge", "from": "313568419", "to": "313568420", "length": 23.51, "culvert": false, "unmapped": false}}, {"type": "Feature", "geometry": {"type": "LineString", "coordinates": [[3.767124, 50.858505], [3.7670197, 50.8587043]]}, "properties": {"role": "edge", "from": "313568420", "to": "3892724234", "length": 23.34, "culvert": false, "unmapped": false}}, {"type": "Feature", "geometry": {"type": "LineString", "coordinates": [[3.7670197, 50.8587043], [3.766968, 50.8588529]]}, "properties": {"role": "edge", "from": "3892724234", "to": "313568421", "length": 16.92, "culvert": false, "unmapped": false}}, {"type": "Feature", "geometry": {"type": "LineString", "coordinates": [[3.766968, 50.8588529], [3.7668844, 50.859052]]}, "properties": {"role": "edge", "from": "313568421", "to": "651508989", "length": 22.9, "culvert": false, "unmapped": false}}, {"type": "Feature", "geometry": {"type": "LineString", "coordinates": [[3.7668844, 50.859052], [3.7668144, 50.8592749]]}, "properties": {"role": "edge", "from": "651508989", "to": "313568422", "length": 25.27, "culvert": false, "unmapped": false}}, {"type": "Feature", "geometry": {"type": "LineString", "coordinates": [[3.7668144, 50.8592749], [3.7667003, 50.8597095]]}, "properties": {"role": "edge", "from": "313568422", "to": "313568423", "length": 48.98, "culvert": false, "unmapped": false}}, {"type": "Feature", "geometry": {"type": "LineString", "coordinates": [[3.7667003, 50.8597095], [3.766594, 50.860069]]}, "properties": {"role": "edge", "from": "313568423", "to": "313568424", "length": 40.66, "culvert": false, "unmapped": false}}, {"type": "Feature", "geometry": {"type": "LineString", "coordinates": [[3.766594, 50.860069], [3.7665421, 50.8605019]]}, "properties": {"role": "edge", "from": "313568424", "to": "313568425", "length": 48.27, "culvert": false, "unmapped": false}}, {"type": "Feature", "geometry": {"type": "LineString", "coordinates": [[3.7665421, 50.8605019], [3.7665097, 50.8606863]]}, "properties": {"role": "edge", "from": "313568425", "to": "2592056650", "length": 20.63, "culvert": false, "unmapped": false}}, {"type": "Feature", "geometry": {"type": "LineString", "coordinates": [[3.7665097, 50.8606863], [3.7664922, 50.8607572]]}, "properties": {"role": "edge", "from": "2592056650", "to": "8002497204", "length": 7.98, "culvert": false, "unmapped": false}}, {"type": "Feature", "geometry": {"type": "LineString", "coordinates": [[3.7664922, 50.8607572], [3.7664714, 50.860841]]}, "properties": {"role": "edge", "from": "8002497204", "to": "2001316398", "length": 9.43, "culvert": false, "unmapped": false}}, {"type": "Feature", "geometry": {"type": "LineString", "coordinates": [[3.7664714, 50.860841], [3.7663703, 50.8611489]]}, "properties": {"role": "edge", "from": "2001316398", "to": "313568426", "length": 34.96, "culvert": false, "unmapped": false}}, {"type": "Feature", "geometry": {"type": "LineString", "coordinates": [[3.7663703, 50.8611489], [3.7661619, 50.861569]]}, "properties": {"role": "edge", "from": "313568426", "to": "2001316492", "length": 48.95, "culvert": false, "unmapped": false}}, {"type": "Feature", "geometry": {"type": "LineString", "coordinates": [[3.7661619, 50.861569], [3.7659527, 50.8617555]]}, "properties": {"role": "edge", "from": "2001316492", "to": "3892724381", "length": 25.41, "culvert": false, "unmapped": false}}, {"type": "Feature", "geometry": {"type": "LineString", "coordinates": [[3.7659527, 50.8617555], [3.765888, 50.8618401]]}, "properties": {"role": "edge", "from": "3892724381", "to": "2001316561", "length": 10.45, "culvert": false, "unmapped": false}}, {"type": "Feature", "geometry": {"type": "LineString", "coordinates": [[3.765888, 50.8618401], [3.7657819, 50.8620997]]}, "properties": {"role": "edge", "from": "2001316561", "to": "2001316572", "length": 29.81, "culvert": false, "unmapped": false}}, {"type": "Feature", "geometry": {"type": "LineString", "coordinates": [[3.7657819, 50.8620997], [3.7657575, 50.8621524]]}, "properties": {"role": "edge", "from": "2001316572", "to": "3892724410", "length": 6.11, "culvert": false, "unmapped": false}}, {"type": "Feature", "geometry": {"type": "LineString", "coordinates": [[3.7657575, 50.8621524], [3.7656544, 50.8622946]]}, "properties": {"role": "edge", "from": "3892724410", "to": "313568427", "length": 17.39, "culvert": false, "unmapped": false}}, {"type": "Feature", "geometry": {"type": "LineString", "coordinates": [[3.7656544, 50.8622946], [3.7656267, 50.8623644]]}, "properties": {"role": "edge", "from": "313568427", "to": "2001374257", "length": 8.0, "culvert": false, "unmapped": false}}, {"type": "Feature", "geometry": {"type": "LineString", "coordinates": [[3.7656267, 50.8623644], [3.7656469, 50.862414]]}, "properties": {"role": "edge", "from": "2001374257", "to": "3892724433", "length": 5.69, "culvert": false, "unmapped": false}}, {"type": "Feature", "geometry": {"type": "LineString", "coordinates": [[3.7656469, 50.862414], [3.7656945, 50.8624458]]}, "properties": {"role": "edge", "from": "3892724433", "to": "2001374261", "length": 4.86, "culvert": false, "unmapped": false}}, {"type": "Feature", "geometry": {"type": "LineString", "coordinates": [[3.7656945, 50.8624458], [3.7657675, 50.8624628]]}, "properties": {"role": "edge", "from": "2001374261", "to": "3892724438", "length": 5.46, "culvert": false, "unmapped": false}}, {"type": "Feature", "geometry": {"type": "LineString", "coordinates": [[3.7657675, 50.8624628], [3.7659102, 50.8624884]]}, "properties": {"role": "edge", "from": "3892724438", "to": "313568428", "length": 10.41, "culvert": false, "unmapped": false}}, {"type": "Feature", "geometry": {"type": "LineString", "coordinates": [[3.7659102, 50.8624884], [3.7660559, 50.8624996]]}, "properties": {"role": "edge", "from": "313568428", "to": "651508992", "length": 10.3, "culvert": false, "unmapped": false}}, {"type": "Feature", "geometry": {"type": "LineString", "coordinates": [[3.7660559, 50.8624996], [3.7661163, 50.8625167]]}, "properties": {"role": "edge", "from": "651508992", "to": "313568429", "length": 4.65, "culvert": false, "unmapped": false}}, {"type": "Feature", "geometry": {"type": "LineString", "coordinates": [[3.7661163, 50.8625167], [3.766167, 50.8625885]]}, "properties": {"role": "edge", "from": "313568429", "to": "3892724446", "length": 8.74, "culvert": false, "unmapped": false}}, {"type": "Feature", "geometry": {"type": "LineString", "coordinates": [[3.766167, 50.8625885], [3.7661125, 50.8626795]]}, "properties": {"role": "edge", "from": "3892724446", "to": "313568430", "length": 10.82, "culvert": false, "unmapped": false}}, {"type": "Feature", "geometry": {"type": "LineString", "coordinates": [[3.7661125, 50.8626795], [3.7659626, 50.8627896]]}, "properties": {"role": "edge", "from": "313568430", "to": "3892724451", "length": 16.14, "culvert": false, "unmapped": false}}, {"type": "Feature", "geometry": {"type": "LineString", "coordinates": [[3.7659626, 50.8627896], [3.7659031, 50.8628462]]}, "properties": {"role": "edge", "from": "3892724451", "to": "3892724452", "length": 7.55, "culvert": false, "unmapped": false}}, {"type": "Feature", "geometry": {"type": "LineString", "coordinates": [[3.7659031, 50.8628462], [3.765818, 50.8629497]]}, "properties": {"role": "edge", "from": "3892724452", "to": "3892724456", "length": 12.97, "culvert": false, "unmapped": false}}, {"type": "Feature", "geometry": {"type": "LineString", "coordinates": [[3.765818, 50.8629497], [3.7656846, 50.8631249]]}, "properties": {"role": "edge", "from": "3892724456", "to": "313568431", "length": 21.61, "culvert": true, "unmapped": false}}, {"type": "Feature", "geometry": {"type": "LineString", "coordinates": [[3.7634956, 50.8449218], [3.7634828, 50.8449474]]}, "properties": {"role": "edge", "from": "313568382", "to": "4784695332", "length": 2.99, "culvert": false, "unmapped": false}}, {"type": "Feature", "geometry": {"type": "LineString", "coordinates": [[3.7634828, 50.8449474], [3.7634832, 50.8449739]]}, "properties": {"role": "edge", "from": "4784695332", "to": "3892724026", "length": 2.95, "culvert": false, "unmapped": false}}, {"type": "Feature", "geometry": {"type": "LineString", "coordinates": [[3.7688906, 50.8338358], [3.7688696, 50.8342304]]}, "properties": {"role": "edge", "from": "3894056247", "to": "824807578", "length": 43.9, "culvert": false, "unmapped": false}}, {"type": "Feature", "geometry": {"type": "LineString", "coordinates": [[3.7741589, 50.8235128], [3.7741233, 50.8235931]]}, "properties": {"role": "edge", "from": "8176931943", "to": "825066561", "length": 9.27, "culvert": false, "unmapped": false}}, {"type": "Feature", "geometry": {"type": "LineString", "coordinates": [[3.7807588, 50.8142847], [3.7808432, 50.8143379]]}, "properties": {"role": "edge", "from": "4783691766", "to": "4783691765", "length": 8.38, "culvert": true, "unmapped": false}}, {"type": "Feature", "geometry": {"type": "LineString", "coordinates": [[3.7808432, 50.8143379], [3.7809128, 50.8144088]]}, "properties": {"role": "edge", "from": "4783691765", "to": "4783691764", "length": 9.28, "culvert": false, "unmapped": false}}, {"type": "Feature", "geometry": {"type": "LineString", "coordinates": [[3.7688696, 50.8342304], [3.7687727, 50.8345483]]}, "properties": {"role": "edge", "from": "824807578", "to": "3894056248", "length": 36.0, "culvert": false, "unmapped": false}}, {"type": "Feature", "geometry": {"type": "LineString", "coordinates": [[3.7687727, 50.8345483], [3.7686166, 50.8348586]]}, "properties": {"role": "edge", "from": "3894056248", "to": "313568352", "length": 36.2, "culvert": false, "unmapped": false}}, {"type": "Feature", "geometry": {"type": "LineString", "coordinates": [[3.7686166, 50.8348586], [3.7685992, 50.8349912]]}, "properties": {"role": "edge", "from": "313568352", "to": "3894056249", "length": 14.79, "culvert": false, "unmapped": false}}, {"type": "Feature", "geometry": {"type": "LineString", "coordinates": [[3.7685992, 50.8349912], [3.7686031, 50.8351879]]}, "properties": {"role": "edge", "from": "3894056249", "to": "3894056251", "length": 21.87, "culvert": false, "unmapped": false}}, {"type": "Feature", "geometry": {"type": "LineString", "coordinates": [[3.7686031, 50.8351879], [3.7685332, 50.8354642]]}, "properties": {"role": "edge", "from": "3894056251", "to": "313568353", "length": 31.11, "culvert": false, "unmapped": false}}, {"type": "Feature", "geometry": {"type": "LineString", "coordinates": [[3.7685332, 50.8354642], [3.7685849, 50.8356102]]}, "properties": {"role": "edge", "from": "313568353", "to": "3894056252", "length": 16.64, "culvert": false, "unmapped": false}}, {"type": "Feature", "geometry": {"type": "LineString", "coordinates": [[3.7685849, 50.8356102], [3.7686914, 50.83577]]}, "properties": {"role": "edge", "from": "3894056252", "to": "3894056253", "length": 19.28, "culvert": false, "unmapped": false}}, {"type": "Feature", "geometry": {"type": "LineString", "coordinates": [[3.7686914, 50.83577], [3.7687238, 50.835852]]}, "properties": {"role": "edge", "from": "3894056253", "to": "3894056254", "length": 9.4, "culvert": false, "unmapped": false}}, {"type": "Feature", "geometry": {"type": "LineString", "coordinates": [[3.7687238, 50.835852], [3.7687394, 50.8359791]]}, "properties": {"role": "edge", "from": "3894056254", "to": "3894056255", "length": 14.18, "culvert": false, "unmapped": false}}, {"type": "Feature", "geometry": {"type": "LineString", "coordinates": [[3.7687394, 50.8359791], [3.7687285, 50.836086]]}, "properties": {"role": "edge", "from": "3894056255", "to": "313568354", "length": 11.91, "culvert": false, "unmapped": false}}, {"type": "Feature", "geometry": {"type": "LineString", "coordinates": [[3.7687285, 50.836086], [3.7687134, 50.8363021]]}, "properties": {"role": "edge", "from": "313568354", "to": "3894056256", "length": 24.05, "culvert": false, "unmapped": false}}, {"type": "Feature", "geometry": {"type": "LineString", "coordinates": [[3.7687134, 50.8363021], [3.7687436, 50.8365471]]}, "properties": {"role": "edge", "from": "3894056256", "to": "1995465698", "length": 27.33, "culvert": false, "unmapped": false}}, {"type": "Feature", "geometry": {"type": "LineString", "coordinates": [[3.7687436, 50.8365471], [3.768557, 50.8368062]]}, "properties": {"role": "edge", "from": "1995465698", "to": "313568355", "length": 31.65, "culvert": false, "unmapped": false}}, {"type": "Feature", "geometry": {"type": "LineString", "coordinates": [[3.768557, 50.8368062], [3.7683013, 50.8369698]]}, "properties": {"role": "edge", "from": "313568355", "to": "1995465885", "length": 25.56, "culvert": false, "unmapped": false}}, {"type": "Feature", "geometry": {"type": "LineString", "coordinates": [[3.7683013, 50.8369698], [3.767894, 50.837123]]}, "properties": {"role": "edge", "from": "1995465885", "to": "313568356", "length": 33.29, "culvert": false, "unmapped": false}}, {"type": "Feature", "geometry": {"type": "LineString", "coordinates": [[3.767894, 50.837123], [3.767181, 50.837356]]}, "properties": {"role": "edge", "from": "313568356", "to": "313568358", "length": 56.37, "culvert": false, "unmapped": false}}, {"type": "Feature", "geometry": {"type": "LineString", "coordinates": [[3.767181, 50.837356], [3.7666779, 50.8375836]]}, "properties": {"role": "edge", "from": "313568358", "to": "3894056457", "length": 43.46, "culvert": false, "unmapped": false}}, {"type": "Feature", "geometry": {"type": "LineString", "coordinates": [[3.7666779, 50.8375836], [3.76621, 50.837818]]}, "properties": {"role": "edge", "from": "3894056457", "to": "313568359", "length": 41.94, "culvert": false, "unmapped": false}}, {"type": "Feature", "geometry": {"type": "LineString", "coordinates": [[3.76621, 50.837818], [3.7660026, 50.8380763]]}, "properties": {"role": "edge", "from": "313568359", "to": "3894056458", "length": 32.2, "culvert": false, "unmapped": false}}, {"type": "Feature", "geometry": {"type": "LineString", "coordinates": [[3.7660026, 50.8380763], [3.7658826, 50.8382564]]}, "properties": {"role": "edge", "from": "3894056458", "to": "313568360", "length": 21.73, "culvert": false, "unmapped": false}}, {"type": "Feature", "geometry": {"type": "LineString", "coordinates": [[3.7658826, 50.8382564], [3.7654941, 50.8385081]]}, "properties": {"role": "edge", "from": "313568360", "to": "313568361", "length": 39.08, "culvert": false, "unmapped": false}}, {"type": "Feature", "geometry": {"type": "LineString", "coordinates": [[3.7654941, 50.8385081], [3.7654591, 50.8385928]]}, "properties": {"role": "edge", "from": "313568361", "to": "3894056459", "length": 9.73, "culvert": false, "unmapped": false}}, {"type": "Feature", "geometry": {"type": "LineString", "coordinates": [[3.7654591, 50.8385928], [3.7654474, 50.838731]]}, "properties": {"role": "edge", "from": "3894056459", "to": "1995680694", "length": 15.39, "culvert": false, "unmapped": false}}, {"type": "Feature", "geometry": {"type": "LineString", "coordinates": [[3.7654474, 50.838731], [3.7654978, 50.8387962]]}, "properties": {"role": "edge", "from": "1995680694", "to": "824807541", "length": 8.07, "culvert": false, "unmapped": false}}, {"type": "Feature", "geometry": {"type": "LineString", "coordinates": [[3.7654978, 50.8387962], [3.7655942, 50.838852]]}, "properties": {"role": "edge", "from": "824807541", "to": "313568362", "length": 9.18, "culvert": false, "unmapped": false}}, {"type": "Feature", "geometry": {"type": "LineString", "coordinates": [[3.7655942, 50.838852], [3.765771, 50.838893]]}, "properties": {"role": "edge", "from": "313568362", "to": "313568363", "length": 13.23, "culvert": false, "unmapped": false}}, {"type": "Feature", "geometry": {"type": "LineString", "coordinates": [[3.765771, 50.838893], [3.7661839, 50.8389513]]}, "properties": {"role": "edge", "from": "313568363", "to": "313568364", "length": 29.71, "culvert": false, "unmapped": false}}, {"type": "Feature", "geometry": {"type": "LineString", "coordinates": [[3.7661839, 50.8389513], [3.7663267, 50.8390562]]}, "properties": {"role": "edge", "from": "313568364", "to": "313568365", "length": 15.38, "culvert": false, "unmapped": false}}, {"type": "Feature", "geometry": {"type": "LineString", "coordinates": [[3.7663267, 50.8390562], [3.7662853, 50.839141]]}, "properties": {"role": "edge", "from": "313568365", "to": "1995680812", "length": 9.87, "culvert": false, "unmapped": false}}, {"type": "Feature", "geometry": {"type": "LineString", "coordinates": [[3.7662853, 50.839141], [3.7661529, 50.8391894]]}, "properties": {"role": "edge", "from": "1995680812", "to": "824807533", "length": 10.74, "culvert": false, "unmapped": false}}, {"type": "Feature", "geometry": {"type": "LineString", "coordinates": [[3.7661529, 50.8391894], [3.7659308, 50.8392232]]}, "properties": {"role": "edge", "from": "824807533", "to": "313568366", "length": 16.04, "culvert": false, "unmapped": false}}, {"type": "Feature", "geometry": {"type": "LineString", "coordinates": [[3.7659308, 50.8392232], [3.7657354, 50.8392641]]}, "properties": {"role": "edge", "from": "313568366", "to": "3894056460", "length": 14.45, "culvert": false, "unmapped": false}}, {"type": "Feature", "geometry": {"type": "LineString", "coordinates": [[3.7657354, 50.8392641], [3.7656645, 50.8393193]]}, "properties": {"role": "edge", "from": "3894056460", "to": "3894056461", "length": 7.9, "culvert": false, "unmapped": false}}, {"type": "Feature", "geometry": {"type": "LineString", "coordinates": [[3.7656645, 50.8393193], [3.7656101, 50.8394383]]}, "properties": {"role": "edge", "from": "3894056461", "to": "3894056462", "length": 13.77, "culvert": false, "unmapped": false}}, {"type": "Feature", "geometry": {"type": "LineString", "coordinates": [[3.7656101, 50.8394383], [3.7655489, 50.8395052]]}, "properties": {"role": "edge", "from": "3894056462", "to": "824807530", "length": 8.59, "culvert": false, "unmapped": false}}, {"type": "Feature", "geometry": {"type": "LineString", "coordinates": [[3.7655489, 50.8395052], [3.7651896, 50.8396088]]}, "properties": {"role": "edge", "from": "824807530", "to": "824807528", "length": 27.74, "culvert": false, "unmapped": false}}, {"type": "Feature", "geometry": {"type": "LineString", "coordinates": [[3.7651896, 50.8396088], [3.7648018, 50.839643]]}, "properties": {"role": "edge", "from": "824807528", "to": "313568371", "length": 27.5, "culvert": false, "unmapped": false}}, {"type": "Feature", "geometry": {"type": "LineString", "coordinates": [[3.7648018, 50.839643], [3.7647652, 50.8396893]]}, "properties": {"role": "edge", "from": "313568371", "to": "1995680962", "length": 5.75, "culvert": false, "unmapped": false}}, {"type": "Feature", "geometry": {"type": "LineString", "coordinates": [[3.7647652, 50.8396893], [3.7648016, 50.8397408]]}, "properties": {"role": "edge", "from": "1995680962", "to": "313568372", "length": 6.27, "culvert": false, "unmapped": false}}, {"type": "Feature", "geometry": {"type": "LineString", "coordinates": [[3.7648016, 50.8397408], [3.7651422, 50.8398303]]}, "properties": {"role": "edge", "from": "313568372", "to": "313568373", "length": 25.9, "culvert": false, "unmapped": false}}, {"type": "Feature", "geometry": {"type": "LineString", "coordinates": [[3.7651422, 50.8398303], [3.7652482, 50.8398722]]}, "properties": {"role": "edge", "from": "313568373", "to": "3894056463", "length": 8.78, "culvert": false, "unmapped": false}}, {"type": "Feature", "geometry": {"type": "LineString", "coordinates": [[3.7652482, 50.8398722], [3.7652963, 50.8399713]]}, "properties": {"role": "edge", "from": "3894056463", "to": "3894056464", "length": 11.53, "culvert": false, "unmapped": false}}, {"type": "Feature", "geometry": {"type": "LineString", "coordinates": [[3.7652963, 50.8399713], [3.7652912, 50.8400816]]}, "properties": {"role": "edge", "from": "3894056464", "to": "3894056465", "length": 12.27, "culvert": false, "unmapped": false}}, {"type": "Feature", "geometry": {"type": "LineString", "coordinates": [[3.7652912, 50.8400816], [3.765276, 50.8402127]]}, "properties": {"role": "edge", "from": "3894056465", "to": "3894056466", "length": 14.62, "culvert": false, "unmapped": false}}, {"type": "Feature", "geometry": {"type": "LineString", "coordinates": [[3.765276, 50.8402127], [3.7653077, 50.8403868]]}, "properties": {"role": "edge", "from": "3894056466", "to": "824807521", "length": 19.49, "culvert": false, "unmapped": false}}, {"type": "Feature", "geometry": {"type": "LineString", "coordinates": [[3.7653077, 50.8403868], [3.7654425, 50.8405194]]}, "properties": {"role": "edge", "from": "824807521", "to": "824807520", "length": 17.52, "culvert": false, "unmapped": false}}, {"type": "Feature", "geometry": {"type": "LineString", "coordinates": [[3.7654425, 50.8405194], [3.7654734, 50.8405994]]}, "properties": {"role": "edge", "from": "824807520", "to": "8171761822", "length": 9.16, "culvert": false, "unmapped": false}}, {"type": "Feature", "geometry": {"type": "LineString", "coordinates": [[3.7654734, 50.8405994], [3.7654553, 50.8407065]]}, "properties": {"role": "edge", "from": "8171761822", "to": "8171761821", "length": 11.98, "culvert": false, "unmapped": false}}, {"type": "Feature", "geometry": {"type": "LineString", "coordinates": [[3.7654553, 50.8407065], [3.765377, 50.8408225]]}, "properties": {"role": "edge", "from": "8171761821", "to": "293783205", "length": 14.02, "culvert": false, "unmapped": false}}, {"type": "Feature", "geometry": {"type": "LineString", "coordinates": [[3.765377, 50.8408225], [3.7653533, 50.8408534]]}, "properties": {"role": "edge", "from": "293783205", "to": "8171761834", "length": 3.82, "culvert": false, "unmapped": false}}, {"type": "Feature", "geometry": {"type": "LineString", "coordinates": [[3.7653533, 50.8408534], [3.7652669, 50.8409509]]}, "properties": {"role": "edge", "from": "8171761834", "to": "8171692116", "length": 12.42, "culvert": false, "unmapped": false}}, {"type": "Feature", "geometry": {"type": "LineString", "coordinates": [[3.7652669, 50.8409509], [3.7652341, 50.8410339]]}, "properties": {"role": "edge", "from": "8171692116", "to": "8171757547", "length": 9.51, "culvert": false, "unmapped": false}}, {"type": "Feature", "geometry": {"type": "LineString", "coordinates": [[3.7652341, 50.8410339], [3.7652528, 50.8412168]]}, "properties": {"role": "edge", "from": "8171757547", "to": "8171692108", "length": 20.38, "culvert": false, "unmapped": false}}, {"type": "Feature", "geometry": {"type": "LineString", "coordinates": [[3.7652528, 50.8412168], [3.7652495, 50.8412752]]}, "properties": {"role": "edge", "from": "8171692108", "to": "8171692093", "length": 6.5, "culvert": false, "unmapped": false}}, {"type": "Feature", "geometry": {"type": "LineString", "coordinates": [[3.7652495, 50.8412752], [3.7652247, 50.8413527]]}, "properties": {"role": "edge", "from": "8171692093", "to": "8171692095", "length": 8.79, "culvert": false, "unmapped": false}}, {"type": "Feature", "geometry": {"type": "LineString", "coordinates": [[3.7652247, 50.8413527], [3.7651134, 50.8415191]]}, "properties": {"role": "edge", "from": "8171692095", "to": "8171692094", "length": 20.09, "culvert": false, "unmapped": false}}, {"type": "Feature", "geometry": {"type": "LineString", "coordinates": [[3.7651134, 50.8415191], [3.7650808, 50.8415928]]}, "properties": {"role": "edge", "from": "8171692094", "to": "3894056469", "length": 8.51, "culvert": false, "unmapped": false}}, {"type": "Feature", "geometry": {"type": "LineString", "coordinates": [[3.7650808, 50.8415928], [3.7650313, 50.8421359]]}, "properties": {"role": "edge", "from": "3894056469", "to": "293783204", "length": 60.49, "culvert": false, "unmapped": false}}, {"type": "Feature", "geometry": {"type": "LineString", "coordinates": [[3.7650313, 50.8421359], [3.7647663, 50.8425699]]}, "properties": {"role": "edge", "from": "293783204", "to": "2001372528", "length": 51.72, "culvert": false, "unmapped": false}}, {"type": "Feature", "geometry": {"type": "LineString", "coordinates": [[3.7647663, 50.8425699], [3.7646168, 50.8427961]]}, "properties": {"role": "edge", "from": "2001372528", "to": "3894056470", "length": 27.25, "culvert": false, "unmapped": false}}, {"type": "Feature", "geometry": {"type": "LineString", "coordinates": [[3.7646168, 50.8427961], [3.7644906, 50.8430417]]}, "properties": {"role": "edge", "from": "3894056470", "to": "2001314585", "length": 28.71, "culvert": false, "unmapped": false}}, {"type": "Feature", "geometry": {"type": "LineString", "coordinates": [[3.7644906, 50.8430417], [3.7640546, 50.8437643]]}, "properties": {"role": "edge", "from": "2001314585", "to": "313568379", "length": 85.98, "culvert": false, "unmapped": false}}, {"type": "Feature", "geometry": {"type": "LineString", "coordinates": [[3.7640546, 50.8437643], [3.7639511, 50.8439402]]}, "properties": {"role": "edge", "from": "313568379", "to": "3894056471", "length": 20.87, "culvert": false, "unmapped": false}}, {"type": "Feature", "geometry": {"type": "LineString", "coordinates": [[3.7639511, 50.8439402], [3.7638317, 50.8441753]]}, "properties": {"role": "edge", "from": "3894056471", "to": "293783203", "length": 27.45, "culvert": false, "unmapped": false}}, {"type": "Feature", "geometry": {"type": "LineString", "coordinates": [[3.7638317, 50.8441753], [3.763658, 50.844524]]}, "properties": {"role": "edge", "from": "293783203", "to": "313568381", "length": 40.65, "culvert": false, "unmapped": false}}, {"type": "Feature", "geometry": {"type": "LineString", "coordinates": [[3.763658, 50.844524], [3.7635552, 50.8447198]]}, "properties": {"role": "edge", "from": "313568381", "to": "3892723993", "length": 22.94, "culvert": false, "unmapped": false}}, {"type": "Feature", "geometry": {"type": "LineString", "coordinates": [[3.7635552, 50.8447198], [3.7635168, 50.8448375]]}, "properties": {"role": "edge", "from": "3892723993", "to": "3892724000", "length": 13.36, "culvert": false, "unmapped": false}}, {"type": "Feature", "geometry": {"type": "LineString", "coordinates": [[3.7635168, 50.8448375], [3.7635235, 50.8449011]]}, "properties": {"role": "edge", "from": "3892724000", "to": "8180631477", "length": 7.09, "culvert": false, "unmapped": false}}, {"type": "Feature", "geometry": {"type": "LineString", "coordinates": [[3.7635235, 50.8449011], [3.7634956, 50.8449218]]}, "properties": {"role": "edge", "from": "8180631477", "to": "313568382", "length": 3.02, "culvert": false, "unmapped": false}}, {"type": "Feature", "geometry": {"type": "LineString", "coordinates": [[3.7634182, 50.7986113], [3.7635598, 50.7987451]]}, "properties": {"role": "edge", "from": "3894363102", "to": "3894363103", "length": 17.9, "culvert": false, "unmapped": false}}, {"type": "Feature", "geometry": {"type": "LineString", "coordinates": [[3.7635598, 50.7987451], [3.763787, 50.7989256]]}, "properties": {"role": "edge", "from": "3894363103", "to": "3894363104", "length": 25.65, "culvert": false, "unmapped": false}}, {"type": "Feature", "geometry": {"type": "LineString", "coordinates": [[3.763787, 50.7989256], [3.7639446, 50.7990622]]}, "properties": {"role": "edge", "from": "3894363104", "to": "3894363105", "length": 18.8, "culvert": false, "unmapped": false}}, {"type": "Feature", "geometry": {"type": "LineString", "coordinates": [[3.7639446, 50.7990622], [3.7639952, 50.7990972]]}, "properties": {"role": "edge", "from": "3894363105", "to": "3894363106", "length": 5.27, "culvert": false, "unmapped": false}}, {"type": "Feature", "geometry": {"type": "LineString", "coordinates": [[3.7639952, 50.7990972], [3.7645232, 50.7993849]]}, "properties": {"role": "edge", "from": "3894363106", "to": "3894363107", "length": 48.99, "culvert": false, "unmapped": false}}, {"type": "Feature", "geometry": {"type": "LineString", "coordinates": [[3.7645232, 50.7993849], [3.7648347, 50.7995354]]}, "properties": {"role": "edge", "from": "3894363107", "to": "3894363108", "length": 27.56, "culvert": false, "unmapped": false}}, {"type": "Feature", "geometry": {"type": "LineString", "coordinates": [[3.7648347, 50.7995354], [3.765058, 50.7997503]]}, "properties": {"role": "edge", "from": "3894363108", "to": "3894363109", "length": 28.59, "culvert": false, "unmapped": false}}, {"type": "Feature", "geometry": {"type": "LineString", "coordinates": [[3.765058, 50.7997503], [3.7652637, 50.8001447]]}, "properties": {"role": "edge", "from": "3894363109", "to": "3894363110", "length": 46.18, "culvert": false, "unmapped": false}}, {"type": "Feature", "geometry": {"type": "LineString", "coordinates": [[3.7652637, 50.8001447], [3.7655403, 50.8005724]]}, "properties": {"role": "edge", "from": "3894363110", "to": "3894363111", "length": 51.38, "culvert": false, "unmapped": false}}, {"type": "Feature", "geometry": {"type": "LineString", "coordinates": [[3.7655403, 50.8005724], [3.7656873, 50.800824]]}, "properties": {"role": "edge", "from": "3894363111", "to": "8222565500", "length": 29.82, "culvert": true, "unmapped": false}}, {"type": "Feature", "geometry": {"type": "LineString", "coordinates": [[3.7659951, 50.8012512], [3.7660079, 50.8012918]]}, "properties": {"role": "edge", "from": "3894363112", "to": "8222565498", "length": 4.6, "culvert": false, "unmapped": false}}, {"type": "Feature", "geometry": {"type": "LineString", "coordinates": [[3.7660079, 50.8012918], [3.7660306, 50.8013308]]}, "properties": {"role": "edge", "from": "8222565498", "to": "3894363113", "length": 4.62, "culvert": false, "unmapped": false}}, {"type": "Feature", "geometry": {"type": "LineString", "coordinates": [[3.7660306, 50.8013308], [3.7661536, 50.8013924]]}, "properties": {"role": "edge", "from": "3894363113", "to": "3894363114", "length": 11.03, "culvert": false, "unmapped": false}}, {"type": "Feature", "geometry": {"type": "LineString", "coordinates": [[3.7661536, 50.8013924], [3.7662408, 50.8014343]]}, "properties": {"role": "edge", "from": "3894363114", "to": "3894363115", "length": 7.7, "culvert": false, "unmapped": false}}, {"type": "Feature", "geometry": {"type": "LineString", "coordinates": [[3.7662408, 50.8014343], [3.7662448, 50.8014602]]}, "properties": {"role": "edge", "from": "3894363115", "to": "3894363116", "length": 2.89, "culvert": false, "unmapped": false}}, {"type": "Feature", "geometry": {"type": "LineString", "coordinates": [[3.7662448, 50.8014602], [3.7662556, 50.8015763]]}, "properties": {"role": "edge", "from": "3894363116", "to": "3894363117", "length": 12.93, "culvert": false, "unmapped": false}}, {"type": "Feature", "geometry": {"type": "LineString", "coordinates": [[3.7662556, 50.8015763], [3.7662801, 50.8016199]]}, "properties": {"role": "edge", "from": "3894363117", "to": "3894363118", "length": 5.14, "culvert": false, "unmapped": false}}, {"type": "Feature", "geometry": {"type": "LineString", "coordinates": [[3.7662801, 50.8016199], [3.7663664, 50.8016591]]}, "properties": {"role": "edge", "from": "3894363118", "to": "3894363119", "length": 7.47, "culvert": false, "unmapped": false}}, {"type": "Feature", "geometry": {"type": "LineString", "coordinates": [[3.7663664, 50.8016591], [3.7663874, 50.8017105]]}, "properties": {"role": "edge", "from": "3894363119", "to": "5983459187", "length": 5.9, "culvert": false, "unmapped": false}}, {"type": "Feature", "geometry": {"type": "LineString", "coordinates": [[3.7663874, 50.8017105], [3.7664055, 50.8017656]]}, "properties": {"role": "edge", "from": "5983459187", "to": "3894363120", "length": 6.26, "culvert": false, "unmapped": false}}, {"type": "Feature", "geometry": {"type": "LineString", "coordinates": [[3.7664055, 50.8017656], [3.7664302, 50.8017984]]}, "properties": {"role": "edge", "from": "3894363120", "to": "3894363121", "length": 4.04, "culvert": false, "unmapped": false}}, {"type": "Feature", "geometry": {"type": "LineString", "coordinates": [[3.7664302, 50.8017984], [3.7664665, 50.8018182]]}, "properties": {"role": "edge", "from": "3894363121", "to": "8222565497", "length": 3.37, "culvert": false, "unmapped": false}}, {"type": "Feature", "geometry": {"type": "LineString", "coordinates": [[3.7664665, 50.8018182], [3.7665403, 50.8018346]]}, "properties": {"role": "edge", "from": "8222565497", "to": "3894363122", "length": 5.5, "culvert": false, "unmapped": false}}, {"type": "Feature", "geometry": {"type": "LineString", "coordinates": [[3.7665403, 50.8018346], [3.7666562, 50.8018896]]}, "properties": {"role": "edge", "from": "3894363122", "to": "3894363123", "length": 10.19, "culvert": false, "unmapped": false}}, {"type": "Feature", "geometry": {"type": "LineString", "coordinates": [[3.7666562, 50.8018896], [3.766746, 50.8019809]]}, "properties": {"role": "edge", "from": "3894363123", "to": "3894363124", "length": 11.95, "culvert": true, "unmapped": false}}, {"type": "Feature", "geometry": {"type": "LineString", "coordinates": [[3.7682963, 50.8032072], [3.7684259, 50.8033489]]}, "properties": {"role": "edge", "from": "3894363135", "to": "8222518967", "length": 18.2, "culvert": true, "unmapped": false}}, {"type": "Feature", "geometry": {"type": "LineString", "coordinates": [[3.7684259, 50.8033489], [3.768565, 50.8035988]]}, "properties": {"role": "edge", "from": "8222518967", "to": "4783691748", "length": 29.46, "culvert": true, "unmapped": false}}, {"type": "Feature", "geometry": {"type": "LineString", "coordinates": [[3.768565, 50.8035988], [3.7693398, 50.8043595]]}, "properties": {"role": "edge", "from": "4783691748", "to": "4783691747", "length": 100.59, "culvert": true, "unmapped": false}}, {"type": "Feature", "geometry": {"type": "LineString", "coordinates": [[3.7693398, 50.8043595], [3.7698645, 50.8048335]]}, "properties": {"role": "edge", "from": "4783691747", "to": "3894363136", "length": 64.32, "culvert": true, "unmapped": false}}, {"type": "Feature", "geometry": {"type": "LineString", "coordinates": [[3.7698645, 50.8048335], [3.7700144, 50.8049558]]}, "properties": {"role": "edge", "from": "3894363136", "to": "8222518968", "length": 17.2, "culvert": false, "unmapped": false}}, {"type": "Feature", "geometry": {"type": "LineString", "coordinates": [[3.7616452, 50.7968423], [3.7620223, 50.7972878]]}, "properties": {"role": "edge", "from": "3894363088", "to": "3894363089", "length": 56.18, "culvert": false, "unmapped": false}}, {"type": "Feature", "geometry": {"type": "LineString", "coordinates": [[3.7620223, 50.7972878], [3.76218, 50.7975031]]}, "properties": {"role": "edge", "from": "3894363089", "to": "3894363090", "length": 26.38, "culvert": false, "unmapped": false}}, {"type": "Feature", "geometry": {"type": "LineString", "coordinates": [[3.76218, 50.7975031], [3.7622384, 50.7975863]]}, "properties": {"role": "edge", "from": "3894363090", "to": "11377896991", "length": 10.12, "culvert": false, "unmapped": false}}, {"type": "Feature", "geometry": {"type": "LineString", "coordinates": [[3.7622384, 50.7975863], [3.7623361, 50.7976986]]}, "properties": {"role": "edge", "from": "11377896991", "to": "3894363091", "length": 14.25, "culvert": false, "unmapped": false}}, {"type": "Feature", "geometry": {"type": "LineString", "coordinates": [[3.7623361, 50.7976986], [3.7623358, 50.7977527]]}, "properties": {"role": "edge", "from": "3894363091", "to": "3894363092", "length": 6.02, "culvert": false, "unmapped": false}}, {"type": "Feature", "geometry": {"type": "LineString", "coordinates": [[3.7623358, 50.7977527], [3.7622795, 50.7978086]]}, "properties": {"role": "edge", "from": "3894363092", "to": "3894363093", "length": 7.37, "culvert": false, "unmapped": false}}, {"type": "Feature", "geometry": {"type": "LineString", "coordinates": [[3.7622795, 50.7978086], [3.7623117, 50.7978626]]}, "properties": {"role": "edge", "from": "3894363093", "to": "3894363094", "length": 6.42, "culvert": false, "unmapped": false}}, {"type": "Feature", "geometry": {"type": "LineString", "coordinates": [[3.7623117, 50.7978626], [3.7624945, 50.7979744]]}, "properties": {"role": "edge", "from": "3894363094", "to": "3894363095", "length": 17.88, "culvert": false, "unmapped": false}}, {"type": "Feature", "geometry": {"type": "LineString", "coordinates": [[3.7624945, 50.7979744], [3.7626041, 50.7980703]]}, "properties": {"role": "edge", "from": "3894363095", "to": "3894363096", "length": 13.15, "culvert": false, "unmapped": false}}, {"type": "Feature", "geometry": {"type": "LineString", "coordinates": [[3.7626041, 50.7980703], [3.7627202, 50.7981163]]}, "properties": {"role": "edge", "from": "3894363096", "to": "3894363097", "length": 9.63, "culvert": false, "unmapped": false}}, {"type": "Feature", "geometry": {"type": "LineString", "coordinates": [[3.7627202, 50.7981163], [3.763007, 50.798358]]}, "properties": {"role": "edge", "from": "3894363097", "to": "3894363098", "length": 33.59, "culvert": false, "unmapped": false}}, {"type": "Feature", "geometry": {"type": "LineString", "coordinates": [[3.763007, 50.798358], [3.7631617, 50.7984081]]}, "properties": {"role": "edge", "from": "3894363098", "to": "3894363099", "length": 12.22, "culvert": false, "unmapped": false}}, {"type": "Feature", "geometry": {"type": "LineString", "coordinates": [[3.7631617, 50.7984081], [3.763228, 50.7984399]]}, "properties": {"role": "edge", "from": "3894363099", "to": "3894363100", "length": 5.85, "culvert": false, "unmapped": false}}, {"type": "Feature", "geometry": {"type": "LineString", "coordinates": [[3.763228, 50.7984399], [3.7633145, 50.7985197]]}, "properties": {"role": "edge", "from": "3894363100", "to": "3894363101", "length": 10.76, "culvert": false, "unmapped": false}}, {"type": "Feature", "geometry": {"type": "LineString", "coordinates": [[3.7633145, 50.7985197], [3.7634182, 50.7986113]]}, "properties": {"role": "edge", "from": "3894363101", "to": "3894363102", "length": 12.52, "culvert": true, "unmapped": false}}, {"type": "Feature", "geometry": {"type": "LineString", "coordinates": [[3.7587521, 50.7925498], [3.7587791, 50.7925749]]}, "properties": {"role": "edge", "from": "4208878331", "to": "4208878332", "length": 3.38, "culvert": true, "unmapped": false}}, {"type": "Feature", "geometry": {"type": "LineString", "coordinates": [[3.7587791, 50.7925749], [3.7588339, 50.7926201]]}, "properties": {"role": "edge", "from": "4208878332", "to": "3894363086", "length": 6.33, "culvert": false, "unmapped": false}}, {"type": "Feature", "geometry": {"type": "LineString", "coordinates": [[3.766746, 50.8019809], [3.7667855, 50.8020012]]}, "properties": {"role": "edge", "from": "3894363124", "to": "4783743235", "length": 3.58, "culvert": false, "unmapped": false}}, {"type": "Feature", "geometry": {"type": "LineString", "coordinates": [[3.7656873, 50.800824], [3.7657785, 50.8008536]]}, "properties": {"role": "edge", "from": "8222565500", "to": "8222565499", "length": 7.2, "culvert": true, "unmapped": false}}, {"type": "Feature", "geometry": {"type": "LineString", "coordinates": [[3.7657785, 50.8008536], [3.7659951, 50.8012512]]}, "properties": {"role": "edge", "from": "8222565499", "to": "3894363112", "length": 46.76, "culvert": true, "unmapped": false}}, {"type": "Feature", "geometry": {"type": "LineString", "coordinates": [[3.7711845, 50.8059242], [3.7711081, 50.8060254]]}, "properties": {"role": "edge", "from": "3894363143", "to": "8222518977", "length": 12.47, "culvert": true, "unmapped": false}}, {"type": "Feature", "geometry": {"type": "LineString", "coordinates": [[3.7711081, 50.8060254], [3.7710392, 50.8060632]]}, "properties": {"role": "edge", "from": "8222518977", "to": "3894363144", "length": 6.41, "culvert": true, "unmapped": false}}, {"type": "Feature", "geometry": {"type": "LineString", "coordinates": [[3.7710392, 50.8060632], [3.7711041, 50.8061864]]}, "properties": {"role": "edge", "from": "3894363144", "to": "8222518976", "length": 14.44, "culvert": true, "unmapped": false}}, {"type": "Feature", "geometry": {"type": "LineString", "coordinates": [[3.7711041, 50.8061864], [3.7712985, 50.8063898]]}, "properties": {"role": "edge", "from": "8222518976", "to": "8222518975", "length": 26.42, "culvert": true, "unmapped": false}}, {"type": "Feature", "geometry": {"type": "LineString", "coordinates": [[3.7712985, 50.8063898], [3.7713213, 50.8064085]]}, "properties": {"role": "edge", "from": "8222518975", "to": "8222518973", "length": 2.62, "culvert": true, "unmapped": false}}, {"type": "Feature", "geometry": {"type": "LineString", "coordinates": [[3.7713213, 50.8064085], [3.7715211, 50.8064059]]}, "properties": {"role": "edge", "from": "8222518973", "to": "8222518974", "length": 14.04, "culvert": true, "unmapped": false}}, {"type": "Feature", "geometry": {"type": "LineString", "coordinates": [[3.7715211, 50.8064059], [3.7715731, 50.8064395]]}, "properties": {"role": "edge", "from": "8222518974", "to": "3894363145", "length": 5.23, "culvert": true, "unmapped": false}}, {"type": "Feature", "geometry": {"type": "LineString", "coordinates": [[3.7715731, 50.8064395], [3.771799, 50.8066122]]}, "properties": {"role": "edge", "from": "3894363145", "to": "3894363146", "length": 24.91, "culvert": false, "unmapped": false}}, {"type": "Feature", "geometry": {"type": "LineString", "coordinates": [[3.7726069, 50.8072091], [3.7728167, 50.8073484]]}, "properties": {"role": "edge", "from": "3894363148", "to": "8204747592", "length": 21.38, "culvert": true, "unmapped": false}}, {"type": "Feature", "geometry": {"type": "LineString", "coordinates": [[3.7728167, 50.8073484], [3.7728891, 50.8074687]]}, "properties": {"role": "edge", "from": "8204747592", "to": "8204747593", "length": 14.31, "culvert": true, "unmapped": false}}, {"type": "Feature", "geometry": {"type": "LineString", "coordinates": [[3.7728891, 50.8074687], [3.7729186, 50.8077738]]}, "properties": {"role": "edge", "from": "8204747593", "to": "8204747595", "length": 33.99, "culvert": true, "unmapped": false}}, {"type": "Feature", "geometry": {"type": "LineString", "coordinates": [[3.7729186, 50.8077738], [3.7729534, 50.8082399]]}, "properties": {"role": "edge", "from": "8204747595", "to": "8204747594", "length": 51.89, "culvert": true, "unmapped": false}}, {"type": "Feature", "geometry": {"type": "LineString", "coordinates": [[3.7729534, 50.8082399], [3.7730902, 50.8083704]]}, "properties": {"role": "edge", "from": "8204747594", "to": "8204747596", "length": 17.41, "culvert": true, "unmapped": false}}, {"type": "Feature", "geometry": {"type": "LineString", "coordinates": [[3.7730902, 50.8083704], [3.7731789, 50.8085367]]}, "properties": {"role": "edge", "from": "8204747596", "to": "7475441681", "length": 19.51, "culvert": false, "unmapped": false}}, {"type": "Feature", "geometry": {"type": "LineString", "coordinates": [[3.7700144, 50.8049558], [3.7702645, 50.8051648]]}, "properties": {"role": "edge", "from": "8222518968", "to": "3894363137", "length": 29.14, "culvert": false, "unmapped": false}}, {"type": "Feature", "geometry": {"type": "LineString", "coordinates": [[3.7702645, 50.8051648], [3.7703822, 50.8052639]]}, "properties": {"role": "edge", "from": "3894363137", "to": "8222518969", "length": 13.78, "culvert": false, "unmapped": false}}, {"type": "Feature", "geometry": {"type": "LineString", "coordinates": [[3.7703822, 50.8052639], [3.7704812, 50.8053473]]}, "properties": {"role": "edge", "from": "8222518969", "to": "3894363138", "length": 11.59, "culvert": false, "unmapped": false}}, {"type": "Feature", "geometry": {"type": "LineString", "coordinates": [[3.7704812, 50.8053473], [3.770686, 50.8055158]]}, "properties": {"role": "edge", "from": "3894363138", "to": "8222518970", "length": 23.63, "culvert": true, "unmapped": false}}, {"type": "Feature", "geometry": {"type": "LineString", "coordinates": [[3.746157, 50.7811613], [3.7462296, 50.7811757]]}, "properties": {"role": "edge", "from": "3894362992", "to": "3894362993", "length": 5.35, "culvert": true, "unmapped": false}}, {"type": "Feature", "geometry": {"type": "LineString", "coordinates": [[3.7462296, 50.7811757], [3.7463044, 50.7812055]]}, "properties": {"role": "edge", "from": "3894362993", "to": "8225129178", "length": 6.22, "culvert": false, "unmapped": false}}, {"type": "Feature", "geometry": {"type": "LineString", "coordinates": [[3.7588339, 50.7926201], [3.758907, 50.7927292]]}, "properties": {"role": "edge", "from": "3894363086", "to": "8223032602", "length": 13.17, "culvert": false, "unmapped": false}}, {"type": "Feature", "geometry": {"type": "LineString", "coordinates": [[3.758907, 50.7927292], [3.7589269, 50.7927589]]}, "properties": {"role": "edge", "from": "8223032602", "to": "3894363087", "length": 3.59, "culvert": false, "unmapped": false}}, {"type": "Feature", "geometry": {"type": "LineString", "coordinates": [[3.7589269, 50.7927589], [3.7588772, 50.7927812]]}, "properties": {"role": "edge", "from": "3894363087", "to": "8222518953", "length": 4.28, "culvert": false, "unmapped": false}}, {"type": "Feature", "geometry": {"type": "LineString", "coordinates": [[3.7439615, 50.7792789], [3.743935, 50.7792883]]}, "properties": {"role": "edge", "from": "8225129200", "to": "3894362958", "length": 2.14, "culvert": false, "unmapped": false}}, {"type": "Feature", "geometry": {"type": "LineString", "coordinates": [[3.743935, 50.7792883], [3.7438273, 50.7792848]]}, "properties": {"role": "edge", "from": "3894362958", "to": "8225129199", "length": 7.58, "culvert": false, "unmapped": false}}, {"type": "Feature", "geometry": {"type": "LineString", "coordinates": [[3.7438273, 50.7792848], [3.7438019, 50.7792975]]}, "properties": {"role": "edge", "from": "8225129199", "to": "8225129198", "length": 2.28, "culvert": false, "unmapped": false}}, {"type": "Feature", "geometry": {"type": "LineString", "coordinates": [[3.7438019, 50.7792975], [3.7437844, 50.779323]]}, "properties": {"role": "edge", "from": "8225129198", "to": "8225129197", "length": 3.09, "culvert": false, "unmapped": false}}, {"type": "Feature", "geometry": {"type": "LineString", "coordinates": [[3.7437844, 50.779323], [3.7438086, 50.7793484]]}, "properties": {"role": "edge", "from": "8225129197", "to": "8225129196", "length": 3.3, "culvert": false, "unmapped": false}}, {"type": "Feature", "geometry": {"type": "LineString", "coordinates": [[3.7438086, 50.7793484], [3.7438354, 50.7793781]]}, "properties": {"role": "edge", "from": "8225129196", "to": "8225129195", "length": 3.8, "culvert": false, "unmapped": false}}, {"type": "Feature", "geometry": {"type": "LineString", "coordinates": [[3.7438354, 50.7793781], [3.7438676, 50.7793993]]}, "properties": {"role": "edge", "from": "8225129195", "to": "8225129194", "length": 3.27, "culvert": false, "unmapped": false}}, {"type": "Feature", "geometry": {"type": "LineString", "coordinates": [[3.7438676, 50.7793993], [3.7438915, 50.779417]]}, "properties": {"role": "edge", "from": "8225129194", "to": "3894362959", "length": 2.59, "culvert": false, "unmapped": false}}, {"type": "Feature", "geometry": {"type": "LineString", "coordinates": [[3.7438915, 50.779417], [3.743877, 50.7794451]]}, "properties": {"role": "edge", "from": "3894362959", "to": "8225129193", "length": 3.29, "culvert": false, "unmapped": false}}, {"type": "Feature", "geometry": {"type": "LineString", "coordinates": [[3.743877, 50.7794451], [3.7438676, 50.7794544]]}, "properties": {"role": "edge", "from": "8225129193", "to": "8225129192", "length": 1.23, "culvert": false, "unmapped": false}}, {"type": "Feature", "geometry": {"type": "LineString", "coordinates": [[3.7438676, 50.7794544], [3.7438595, 50.7794824]]}, "properties": {"role": "edge", "from": "8225129192", "to": "8225129191", "length": 3.17, "culvert": false, "unmapped": false}}, {"type": "Feature", "geometry": {"type": "LineString", "coordinates": [[3.7438595, 50.7794824], [3.7438689, 50.7795138]]}, "properties": {"role": "edge", "from": "8225129191", "to": "8225129190", "length": 3.55, "culvert": false, "unmapped": false}}, {"type": "Feature", "geometry": {"type": "LineString", "coordinates": [[3.7438689, 50.7795138], [3.7438515, 50.7795494]]}, "properties": {"role": "edge", "from": "8225129190", "to": "8225129189", "length": 4.14, "culvert": false, "unmapped": false}}, {"type": "Feature", "geometry": {"type": "LineString", "coordinates": [[3.7438515, 50.7795494], [3.7438248, 50.7795856]]}, "properties": {"role": "edge", "from": "8225129189", "to": "3894362960", "length": 4.44, "culvert": false, "unmapped": false}}, {"type": "Feature", "geometry": {"type": "LineString", "coordinates": [[3.7438248, 50.7795856], [3.7438222, 50.7796291]]}, "properties": {"role": "edge", "from": "3894362960", "to": "3894362961", "length": 4.84, "culvert": false, "unmapped": false}}, {"type": "Feature", "geometry": {"type": "LineString", "coordinates": [[3.7438222, 50.7796291], [3.743823, 50.7796939]]}, "properties": {"role": "edge", "from": "3894362961", "to": "3894362963", "length": 7.21, "culvert": false, "unmapped": false}}, {"type": "Feature", "geometry": {"type": "LineString", "coordinates": [[3.743823, 50.7796939], [3.7438501, 50.7797164]]}, "properties": {"role": "edge", "from": "3894362963", "to": "8225129188", "length": 3.14, "culvert": false, "unmapped": false}}, {"type": "Feature", "geometry": {"type": "LineString", "coordinates": [[3.7438501, 50.7797164], [3.7439285, 50.7797095]]}, "properties": {"role": "edge", "from": "8225129188", "to": "3894362962", "length": 5.57, "culvert": false, "unmapped": false}}, {"type": "Feature", "geometry": {"type": "LineString", "coordinates": [[3.7439285, 50.7797095], [3.7439775, 50.7796986]]}, "properties": {"role": "edge", "from": "3894362962", "to": "8225129187", "length": 3.65, "culvert": false, "unmapped": false}}, {"type": "Feature", "geometry": {"type": "LineString", "coordinates": [[3.7439775, 50.7796986], [3.7440205, 50.7796969]]}, "properties": {"role": "edge", "from": "8225129187", "to": "8225129186", "length": 3.03, "culvert": false, "unmapped": false}}, {"type": "Feature", "geometry": {"type": "LineString", "coordinates": [[3.7440205, 50.7796969], [3.7441084, 50.7797289]]}, "properties": {"role": "edge", "from": "8225129186", "to": "3894362964", "length": 7.13, "culvert": false, "unmapped": false}}, {"type": "Feature", "geometry": {"type": "LineString", "coordinates": [[3.7441084, 50.7797289], [3.7441825, 50.77976]]}, "properties": {"role": "edge", "from": "3894362964", "to": "3894362965", "length": 6.25, "culvert": false, "unmapped": false}}, {"type": "Feature", "geometry": {"type": "LineString", "coordinates": [[3.7441825, 50.77976], [3.7441988, 50.7797766]]}, "properties": {"role": "edge", "from": "3894362965", "to": "8225129185", "length": 2.17, "culvert": false, "unmapped": false}}, {"type": "Feature", "geometry": {"type": "LineString", "coordinates": [[3.7441988, 50.7797766], [3.7441921, 50.7797995]]}, "properties": {"role": "edge", "from": "8225129185", "to": "8225129184", "length": 2.59, "culvert": false, "unmapped": false}}, {"type": "Feature", "geometry": {"type": "LineString", "coordinates": [[3.7441921, 50.7797995], [3.7441827, 50.7798207]]}, "properties": {"role": "edge", "from": "8225129184", "to": "8225129183", "length": 2.45, "culvert": false, "unmapped": false}}, {"type": "Feature", "geometry": {"type": "LineString", "coordinates": [[3.7441827, 50.7798207], [3.7441948, 50.7798445]]}, "properties": {"role": "edge", "from": "8225129183", "to": "8225129182", "length": 2.78, "culvert": false, "unmapped": false}}, {"type": "Feature", "geometry": {"type": "LineString", "coordinates": [[3.7441948, 50.7798445], [3.7442105, 50.7798552]]}, "properties": {"role": "edge", "from": "8225129182", "to": "3894362966", "length": 1.62, "culvert": false, "unmapped": false}}, {"type": "Feature", "geometry": {"type": "LineString", "coordinates": [[3.7442105, 50.7798552], [3.7442136, 50.7799166]]}, "properties": {"role": "edge", "from": "3894362966", "to": "8225129181", "length": 6.83, "culvert": false, "unmapped": false}}, {"type": "Feature", "geometry": {"type": "LineString", "coordinates": [[3.7442136, 50.7799166], [3.7441703, 50.7799723]]}, "properties": {"role": "edge", "from": "8225129181", "to": "3894362967", "length": 6.9, "culvert": false, "unmapped": false}}, {"type": "Feature", "geometry": {"type": "LineString", "coordinates": [[3.7441703, 50.7799723], [3.7442421, 50.7800392]]}, "properties": {"role": "edge", "from": "3894362967", "to": "3894362968", "length": 8.99, "culvert": false, "unmapped": false}}, {"type": "Feature", "geometry": {"type": "LineString", "coordinates": [[3.7442421, 50.7800392], [3.7442934, 50.7800748]]}, "properties": {"role": "edge", "from": "3894362968", "to": "3894362969", "length": 5.36, "culvert": false, "unmapped": false}}, {"type": "Feature", "geometry": {"type": "LineString", "coordinates": [[3.7442934, 50.7800748], [3.7443447, 50.780117]]}, "properties": {"role": "edge", "from": "3894362969", "to": "3894362970", "length": 5.92, "culvert": false, "unmapped": false}}, {"type": "Feature", "geometry": {"type": "LineString", "coordinates": [[3.7443447, 50.780117], [3.7443961, 50.7801835]]}, "properties": {"role": "edge", "from": "3894362970", "to": "3894362971", "length": 8.23, "culvert": false, "unmapped": false}}, {"type": "Feature", "geometry": {"type": "LineString", "coordinates": [[3.7443961, 50.7801835], [3.7444422, 50.7802257]]}, "properties": {"role": "edge", "from": "3894362971", "to": "3894362972", "length": 5.7, "culvert": false, "unmapped": false}}, {"type": "Feature", "geometry": {"type": "LineString", "coordinates": [[3.7444422, 50.7802257], [3.7444179, 50.7802784]]}, "properties": {"role": "edge", "from": "3894362972", "to": "3894362973", "length": 6.1, "culvert": false, "unmapped": false}}, {"type": "Feature", "geometry": {"type": "LineString", "coordinates": [[3.7444179, 50.7802784], [3.744432, 50.7803255]]}, "properties": {"role": "edge", "from": "3894362973", "to": "3894362974", "length": 5.33, "culvert": false, "unmapped": false}}, {"type": "Feature", "geometry": {"type": "LineString", "coordinates": [[3.744432, 50.7803255], [3.7444563, 50.7803295]]}, "properties": {"role": "edge", "from": "3894362974", "to": "3894362975", "length": 1.77, "culvert": false, "unmapped": false}}, {"type": "Feature", "geometry": {"type": "LineString", "coordinates": [[3.7444563, 50.7803295], [3.7444743, 50.7803522]]}, "properties": {"role": "edge", "from": "3894362975", "to": "3894362976", "length": 2.82, "culvert": false, "unmapped": false}}, {"type": "Feature", "geometry": {"type": "LineString", "coordinates": [[3.7444743, 50.7803522], [3.7444717, 50.7803717]]}, "properties": {"role": "edge", "from": "3894362976", "to": "3894362977", "length": 2.18, "culvert": false, "unmapped": false}}, {"type": "Feature", "geometry": {"type": "LineString", "coordinates": [[3.7444717, 50.7803717], [3.7445115, 50.7804025]]}, "properties": {"role": "edge", "from": "3894362977", "to": "3894362978", "length": 4.42, "culvert": false, "unmapped": false}}, {"type": "Feature", "geometry": {"type": "LineString", "coordinates": [[3.7445115, 50.7804025], [3.7445282, 50.7804861]]}, "properties": {"role": "edge", "from": "3894362978", "to": "3894362979", "length": 9.37, "culvert": false, "unmapped": false}}, {"type": "Feature", "geometry": {"type": "LineString", "coordinates": [[3.7445282, 50.7804861], [3.7445538, 50.7804991]]}, "properties": {"role": "edge", "from": "3894362979", "to": "3894362980", "length": 2.31, "culvert": false, "unmapped": false}}, {"type": "Feature", "geometry": {"type": "LineString", "coordinates": [[3.7445538, 50.7804991], [3.7446321, 50.7805031]]}, "properties": {"role": "edge", "from": "3894362980", "to": "3894362981", "length": 5.52, "culvert": false, "unmapped": false}}, {"type": "Feature", "geometry": {"type": "LineString", "coordinates": [[3.7446321, 50.7805031], [3.744668, 50.780538]]}, "properties": {"role": "edge", "from": "3894362981", "to": "3894362983", "length": 4.63, "culvert": false, "unmapped": false}}, {"type": "Feature", "geometry": {"type": "LineString", "coordinates": [[3.744668, 50.780538], [3.7447296, 50.7805584]]}, "properties": {"role": "edge", "from": "3894362983", "to": "3894362982", "length": 4.89, "culvert": false, "unmapped": false}}, {"type": "Feature", "geometry": {"type": "LineString", "coordinates": [[3.7447296, 50.7805584], [3.7447751, 50.7805679]]}, "properties": {"role": "edge", "from": "3894362982", "to": "3894362984", "length": 3.37, "culvert": false, "unmapped": false}}, {"type": "Feature", "geometry": {"type": "LineString", "coordinates": [[3.7447751, 50.7805679], [3.7448155, 50.780585]]}, "properties": {"role": "edge", "from": "3894362984", "to": "3894362985", "length": 3.42, "culvert": false, "unmapped": false}}, {"type": "Feature", "geometry": {"type": "LineString", "coordinates": [[3.7448155, 50.780585], [3.7449015, 50.7806369]]}, "properties": {"role": "edge", "from": "3894362985", "to": "3894362986", "length": 8.36, "culvert": false, "unmapped": false}}, {"type": "Feature", "geometry": {"type": "LineString", "coordinates": [[3.7449015, 50.7806369], [3.7449673, 50.7806696]]}, "properties": {"role": "edge", "from": "3894362986", "to": "8225129179", "length": 5.88, "culvert": false, "unmapped": false}}, {"type": "Feature", "geometry": {"type": "LineString", "coordinates": [[3.7449673, 50.7806696], [3.7449922, 50.7806971]]}, "properties": {"role": "edge", "from": "8225129179", "to": "3894362987", "length": 3.52, "culvert": false, "unmapped": false}}, {"type": "Feature", "geometry": {"type": "LineString", "coordinates": [[3.7449922, 50.7806971], [3.7452854, 50.7808105]]}, "properties": {"role": "edge", "from": "3894362987", "to": "3894362988", "length": 24.16, "culvert": false, "unmapped": false}}, {"type": "Feature", "geometry": {"type": "LineString", "coordinates": [[3.7452854, 50.7808105], [3.7453455, 50.7808332]]}, "properties": {"role": "edge", "from": "3894362988", "to": "8225129180", "length": 4.92, "culvert": true, "unmapped": false}}, {"type": "Feature", "geometry": {"type": "LineString", "coordinates": [[3.751871, 50.7885157], [3.7519231, 50.7885539]]}, "properties": {"role": "edge", "from": "3894363034", "to": "4220086789", "length": 5.61, "culvert": true, "unmapped": false}}, {"type": "Feature", "geometry": {"type": "LineString", "coordinates": [[3.7519231, 50.7885539], [3.7519661, 50.7885748]]}, "properties": {"role": "edge", "from": "4220086789", "to": "3894363035", "length": 3.81, "culvert": false, "unmapped": false}}, {"type": "Feature", "geometry": {"type": "LineString", "coordinates": [[3.7483107, 50.7826826], [3.7483147, 50.7827776]]}, "properties": {"role": "edge", "from": "8224478191", "to": "8224478192", "length": 10.57, "culvert": false, "unmapped": false}}, {"type": "Feature", "geometry": {"type": "LineString", "coordinates": [[3.7483147, 50.7827776], [3.7483603, 50.7828547]]}, "properties": {"role": "edge", "from": "8224478192", "to": "8224478193", "length": 9.15, "culvert": false, "unmapped": false}}, {"type": "Feature", "geometry": {"type": "LineString", "coordinates": [[3.7483603, 50.7828547], [3.7484126, 50.7828742]]}, "properties": {"role": "edge", "from": "8224478193", "to": "8224478194", "length": 4.27, "culvert": false, "unmapped": false}}, {"type": "Feature", "geometry": {"type": "LineString", "coordinates": [[3.7484126, 50.7828742], [3.7484139, 50.7829166]]}, "properties": {"role": "edge", "from": "8224478194", "to": "8224478195", "length": 4.72, "culvert": false, "unmapped": false}}, {"type": "Feature", "geometry": {"type": "LineString", "coordinates": [[3.7484139, 50.7829166], [3.7483764, 50.7829607]]}, "properties": {"role": "edge", "from": "8224478195", "to": "8224478196", "length": 5.57, "culvert": false, "unmapped": false}}, {"type": "Feature", "geometry": {"type": "LineString", "coordinates": [[3.7483764, 50.7829607], [3.7483831, 50.7829802]]}, "properties": {"role": "edge", "from": "8224478196", "to": "8224478197", "length": 2.22, "culvert": false, "unmapped": false}}, {"type": "Feature", "geometry": {"type": "LineString", "coordinates": [[3.7483831, 50.7829802], [3.7483978, 50.7829912]]}, "properties": {"role": "edge", "from": "8224478197", "to": "8224478198", "length": 1.6, "culvert": false, "unmapped": false}}, {"type": "Feature", "geometry": {"type": "LineString", "coordinates": [[3.7483978, 50.7829912], [3.7484018, 50.7830158]]}, "properties": {"role": "edge", "from": "8224478198", "to": "8224478199", "length": 2.75, "culvert": false, "unmapped": false}}, {"type": "Feature", "geometry": {"type": "LineString", "coordinates": [[3.7484018, 50.7830158], [3.7484427, 50.7831109]]}, "properties": {"role": "edge", "from": "8224478199", "to": "3894363000", "length": 10.96, "culvert": false, "unmapped": false}}, {"type": "Feature", "geometry": {"type": "LineString", "coordinates": [[3.7484427, 50.7831109], [3.7484568, 50.7832524]]}, "properties": {"role": "edge", "from": "3894363000", "to": "8224478200", "length": 15.77, "culvert": false, "unmapped": false}}, {"type": "Feature", "geometry": {"type": "LineString", "coordinates": [[3.7484568, 50.7832524], [3.7484501, 50.7832838]]}, "properties": {"role": "edge", "from": "8224478200", "to": "8224478201", "length": 3.52, "culvert": false, "unmapped": false}}, {"type": "Feature", "geometry": {"type": "LineString", "coordinates": [[3.7484501, 50.7832838], [3.748493, 50.7832965]]}, "properties": {"role": "edge", "from": "8224478201", "to": "8224478202", "length": 3.33, "culvert": false, "unmapped": false}}, {"type": "Feature", "geometry": {"type": "LineString", "coordinates": [[3.748493, 50.7832965], [3.7485065, 50.7833431]]}, "properties": {"role": "edge", "from": "8224478202", "to": "8224478203", "length": 5.27, "culvert": false, "unmapped": false}}, {"type": "Feature", "geometry": {"type": "LineString", "coordinates": [[3.7485065, 50.7833431], [3.7485051, 50.7834237]]}, "properties": {"role": "edge", "from": "8224478203", "to": "8224478204", "length": 8.96, "culvert": false, "unmapped": false}}, {"type": "Feature", "geometry": {"type": "LineString", "coordinates": [[3.7485051, 50.7834237], [3.7485399, 50.7834728]]}, "properties": {"role": "edge", "from": "8224478204", "to": "3894363001", "length": 5.98, "culvert": false, "unmapped": false}}, {"type": "Feature", "geometry": {"type": "LineString", "coordinates": [[3.7485399, 50.7834728], [3.7485883, 50.7835458]]}, "properties": {"role": "edge", "from": "3894363001", "to": "8224478205", "length": 8.8, "culvert": false, "unmapped": false}}, {"type": "Feature", "geometry": {"type": "LineString", "coordinates": [[3.7485883, 50.7835458], [3.7485896, 50.7835899]]}, "properties": {"role": "edge", "from": "8224478205", "to": "8224478206", "length": 4.9, "culvert": false, "unmapped": false}}, {"type": "Feature", "geometry": {"type": "LineString", "coordinates": [[3.7485896, 50.7835899], [3.7485588, 50.7836136]]}, "properties": {"role": "edge", "from": "8224478206", "to": "8224478207", "length": 3.41, "culvert": false, "unmapped": false}}, {"type": "Feature", "geometry": {"type": "LineString", "coordinates": [[3.7485588, 50.7836136], [3.7485588, 50.7836535]]}, "properties": {"role": "edge", "from": "8224478207", "to": "8224478208", "length": 4.44, "culvert": false, "unmapped": false}}, {"type": "Feature", "geometry": {"type": "LineString", "coordinates": [[3.7485588, 50.7836535], [3.74854, 50.7836764]]}, "properties": {"role": "edge", "from": "8224478208", "to": "8224478209", "length": 2.87, "culvert": false, "unmapped": false}}, {"type": "Feature", "geometry": {"type": "LineString", "coordinates": [[3.74854, 50.7836764], [3.7485521, 50.7837069]]}, "properties": {"role": "edge", "from": "8224478209", "to": "8224478210", "length": 3.5, "culvert": false, "unmapped": false}}, {"type": "Feature", "geometry": {"type": "LineString", "coordinates": [[3.7485521, 50.7837069], [3.7485883, 50.7837179]]}, "properties": {"role": "edge", "from": "8224478210", "to": "8224478211", "length": 2.82, "culvert": false, "unmapped": false}}, {"type": "Feature", "geometry": {"type": "LineString", "coordinates": [[3.7485883, 50.7837179], [3.7486526, 50.7837332]]}, "properties": {"role": "edge", "from": "8224478211", "to": "8224478212", "length": 4.83, "culvert": false, "unmapped": false}}, {"type": "Feature", "geometry": {"type": "LineString", "coordinates": [[3.7486526, 50.7837332], [3.7486687, 50.7837544]]}, "properties": {"role": "edge", "from": "8224478212", "to": "8224478213", "length": 2.61, "culvert": false, "unmapped": false}}, {"type": "Feature", "geometry": {"type": "LineString", "coordinates": [[3.7486687, 50.7837544], [3.74865, 50.7837705]]}, "properties": {"role": "edge", "from": "8224478213", "to": "8224478214", "length": 2.22, "culvert": false, "unmapped": false}}, {"type": "Feature", "geometry": {"type": "LineString", "coordinates": [[3.74865, 50.7837705], [3.7486084, 50.7837747]]}, "properties": {"role": "edge", "from": "8224478214", "to": "8224478215", "length": 2.96, "culvert": false, "unmapped": false}}, {"type": "Feature", "geometry": {"type": "LineString", "coordinates": [[3.7486084, 50.7837747], [3.7485413, 50.7837934]]}, "properties": {"role": "edge", "from": "8224478215", "to": "8224478216", "length": 5.16, "culvert": false, "unmapped": false}}, {"type": "Feature", "geometry": {"type": "LineString", "coordinates": [[3.7485413, 50.7837934], [3.7485105, 50.7838663]]}, "properties": {"role": "edge", "from": "8224478216", "to": "8224533317", "length": 8.39, "culvert": false, "unmapped": false}}, {"type": "Feature", "geometry": {"type": "LineString", "coordinates": [[3.7485105, 50.7838663], [3.74854, 50.7839452]]}, "properties": {"role": "edge", "from": "8224533317", "to": "8224533318", "length": 9.02, "culvert": false, "unmapped": false}}, {"type": "Feature", "geometry": {"type": "LineString", "coordinates": [[3.74854, 50.7839452], [3.7485219, 50.7840194]]}, "properties": {"role": "edge", "from": "8224533318", "to": "3894363002", "length": 8.35, "culvert": false, "unmapped": false}}, {"type": "Feature", "geometry": {"type": "LineString", "coordinates": [[3.7485219, 50.7840194], [3.7485668, 50.7840935]]}, "properties": {"role": "edge", "from": "3894363002", "to": "8224533319", "length": 8.82, "culvert": false, "unmapped": false}}, {"type": "Feature", "geometry": {"type": "LineString", "coordinates": [[3.7485668, 50.7840935], [3.7486486, 50.7841732]]}, "properties": {"role": "edge", "from": "8224533319", "to": "8224533320", "length": 10.56, "culvert": false, "unmapped": false}}, {"type": "Feature", "geometry": {"type": "LineString", "coordinates": [[3.7486486, 50.7841732], [3.7487456, 50.7841952]]}, "properties": {"role": "edge", "from": "8224533320", "to": "3894363003", "length": 7.24, "culvert": false, "unmapped": false}}, {"type": "Feature", "geometry": {"type": "LineString", "coordinates": [[3.7487456, 50.7841952], [3.7489423, 50.7843386]]}, "properties": {"role": "edge", "from": "3894363003", "to": "8224533321", "length": 21.11, "culvert": false, "unmapped": false}}, {"type": "Feature", "geometry": {"type": "LineString", "coordinates": [[3.7489423, 50.7843386], [3.7491448, 50.7843801]]}, "properties": {"role": "edge", "from": "8224533321", "to": "8224533322", "length": 14.97, "culvert": false, "unmapped": false}}, {"type": "Feature", "geometry": {"type": "LineString", "coordinates": [[3.7491448, 50.7843801], [3.7491456, 50.7843955]]}, "properties": {"role": "edge", "from": "8224533322", "to": "3894363004", "length": 1.71, "culvert": false, "unmapped": false}}, {"type": "Feature", "geometry": {"type": "LineString", "coordinates": [[3.7491456, 50.7843955], [3.7491368, 50.7844234]]}, "properties": {"role": "edge", "from": "3894363004", "to": "8224533327", "length": 3.16, "culvert": false, "unmapped": false}}, {"type": "Feature", "geometry": {"type": "LineString", "coordinates": [[3.7491368, 50.7844234], [3.7491032, 50.7844581]]}, "properties": {"role": "edge", "from": "8224533327", "to": "8224533328", "length": 4.52, "culvert": false, "unmapped": false}}, {"type": "Feature", "geometry": {"type": "LineString", "coordinates": [[3.7491032, 50.7844581], [3.749122, 50.7844827]]}, "properties": {"role": "edge", "from": "8224533328", "to": "8224533329", "length": 3.04, "culvert": false, "unmapped": false}}, {"type": "Feature", "geometry": {"type": "LineString", "coordinates": [[3.749122, 50.7844827], [3.7491757, 50.7844929]]}, "properties": {"role": "edge", "from": "8224533329", "to": "8224533330", "length": 3.94, "culvert": false, "unmapped": false}}, {"type": "Feature", "geometry": {"type": "LineString", "coordinates": [[3.7491757, 50.7844929], [3.7492266, 50.7845183]]}, "properties": {"role": "edge", "from": "8224533330", "to": "8224533331", "length": 4.56, "culvert": false, "unmapped": false}}, {"type": "Feature", "geometry": {"type": "LineString", "coordinates": [[3.7492266, 50.7845183], [3.7492669, 50.7845607]]}, "properties": {"role": "edge", "from": "8224533331", "to": "8224533332", "length": 5.5, "culvert": false, "unmapped": false}}, {"type": "Feature", "geometry": {"type": "LineString", "coordinates": [[3.7492669, 50.7845607], [3.7493276, 50.7846253]]}, "properties": {"role": "edge", "from": "8224533332", "to": "3894363005", "length": 8.36, "culvert": false, "unmapped": false}}, {"type": "Feature", "geometry": {"type": "LineString", "coordinates": [[3.7493276, 50.7846253], [3.7494452, 50.7846964]]}, "properties": {"role": "edge", "from": "3894363005", "to": "8224533326", "length": 11.44, "culvert": false, "unmapped": false}}, {"type": "Feature", "geometry": {"type": "LineString", "coordinates": [[3.7494452, 50.7846964], [3.7494814, 50.7847066]]}, "properties": {"role": "edge", "from": "8224533326", "to": "8224533324", "length": 2.79, "culvert": false, "unmapped": false}}, {"type": "Feature", "geometry": {"type": "LineString", "coordinates": [[3.7494814, 50.7847066], [3.7495244, 50.7847329]]}, "properties": {"role": "edge", "from": "8224533324", "to": "8224533323", "length": 4.21, "culvert": false, "unmapped": false}}, {"type": "Feature", "geometry": {"type": "LineString", "coordinates": [[3.7495244, 50.7847329], [3.7495632, 50.7847736]]}, "properties": {"role": "edge", "from": "8224533323", "to": "8224533325", "length": 5.28, "culvert": false, "unmapped": false}}, {"type": "Feature", "geometry": {"type": "LineString", "coordinates": [[3.7495632, 50.7847736], [3.7497556, 50.784903]]}, "properties": {"role": "edge", "from": "8224533325", "to": "3894363006", "length": 19.75, "culvert": false, "unmapped": false}}, {"type": "Feature", "geometry": {"type": "LineString", "coordinates": [[3.7497556, 50.784903], [3.7499213, 50.7850084]]}, "properties": {"role": "edge", "from": "3894363006", "to": "8224533333", "length": 16.52, "culvert": false, "unmapped": false}}, {"type": "Feature", "geometry": {"type": "LineString", "coordinates": [[3.7499213, 50.7850084], [3.7499106, 50.7850389]]}, "properties": {"role": "edge", "from": "8224533333", "to": "8224533334", "length": 3.47, "culvert": false, "unmapped": false}}, {"type": "Feature", "geometry": {"type": "LineString", "coordinates": [[3.7499106, 50.7850389], [3.749924, 50.7851]]}, "properties": {"role": "edge", "from": "8224533334", "to": "8224533336", "length": 6.86, "culvert": false, "unmapped": false}}, {"type": "Feature", "geometry": {"type": "LineString", "coordinates": [[3.749924, 50.7851], [3.7500206, 50.785122]]}, "properties": {"role": "edge", "from": "8224533336", "to": "8224533335", "length": 7.22, "culvert": false, "unmapped": false}}, {"type": "Feature", "geometry": {"type": "LineString", "coordinates": [[3.7500206, 50.785122], [3.7501234, 50.7851723]]}, "properties": {"role": "edge", "from": "8224533335", "to": "3894363007", "length": 9.14, "culvert": false, "unmapped": false}}, {"type": "Feature", "geometry": {"type": "LineString", "coordinates": [[3.7501234, 50.7851723], [3.750207, 50.7852373]]}, "properties": {"role": "edge", "from": "3894363007", "to": "8224519428", "length": 9.32, "culvert": false, "unmapped": false}}, {"type": "Feature", "geometry": {"type": "LineString", "coordinates": [[3.750207, 50.7852373], [3.7502177, 50.7852696]]}, "properties": {"role": "edge", "from": "8224519428", "to": "8224519427", "length": 3.67, "culvert": false, "unmapped": false}}, {"type": "Feature", "geometry": {"type": "LineString", "coordinates": [[3.7502177, 50.7852696], [3.7503102, 50.7853247]]}, "properties": {"role": "edge", "from": "8224519427", "to": "8224519426", "length": 8.93, "culvert": false, "unmapped": false}}, {"type": "Feature", "geometry": {"type": "LineString", "coordinates": [[3.7503102, 50.7853247], [3.7503599, 50.7853544]]}, "properties": {"role": "edge", "from": "8224519426", "to": "8224519425", "length": 4.81, "culvert": false, "unmapped": false}}, {"type": "Feature", "geometry": {"type": "LineString", "coordinates": [[3.7503599, 50.7853544], [3.7505068, 50.785392]]}, "properties": {"role": "edge", "from": "8224519425", "to": "3894363008", "length": 11.14, "culvert": false, "unmapped": false}}, {"type": "Feature", "geometry": {"type": "LineString", "coordinates": [[3.7505068, 50.785392], [3.7505597, 50.7854629]]}, "properties": {"role": "edge", "from": "3894363008", "to": "8224519424", "length": 8.72, "culvert": false, "unmapped": false}}, {"type": "Feature", "geometry": {"type": "LineString", "coordinates": [[3.7505597, 50.7854629], [3.7505718, 50.7855256]]}, "properties": {"role": "edge", "from": "8224519424", "to": "8224519423", "length": 7.02, "culvert": false, "unmapped": false}}, {"type": "Feature", "geometry": {"type": "LineString", "coordinates": [[3.7505718, 50.7855256], [3.7506227, 50.7855943]]}, "properties": {"role": "edge", "from": "8224519423", "to": "8224519422", "length": 8.44, "culvert": false, "unmapped": false}}, {"type": "Feature", "geometry": {"type": "LineString", "coordinates": [[3.7506227, 50.7855943], [3.7506656, 50.7856325]]}, "properties": {"role": "edge", "from": "8224519422", "to": "8224519421", "length": 5.21, "culvert": false, "unmapped": false}}, {"type": "Feature", "geometry": {"type": "LineString", "coordinates": [[3.7506656, 50.7856325], [3.7506927, 50.7856658]]}, "properties": {"role": "edge", "from": "8224519421", "to": "3894363009", "length": 4.16, "culvert": false, "unmapped": false}}, {"type": "Feature", "geometry": {"type": "LineString", "coordinates": [[3.7506927, 50.7856658], [3.750726, 50.785741]]}, "properties": {"role": "edge", "from": "3894363009", "to": "8224519420", "length": 8.68, "culvert": false, "unmapped": false}}, {"type": "Feature", "geometry": {"type": "LineString", "coordinates": [[3.750726, 50.785741], [3.7507622, 50.7858105]]}, "properties": {"role": "edge", "from": "8224519420", "to": "8224519419", "length": 8.14, "culvert": false, "unmapped": false}}, {"type": "Feature", "geometry": {"type": "LineString", "coordinates": [[3.7507622, 50.7858105], [3.7508375, 50.7859202]]}, "properties": {"role": "edge", "from": "8224519419", "to": "3894363010", "length": 13.3, "culvert": false, "unmapped": false}}, {"type": "Feature", "geometry": {"type": "LineString", "coordinates": [[3.7508375, 50.7859202], [3.7508078, 50.7859377]]}, "properties": {"role": "edge", "from": "3894363010", "to": "8224519418", "length": 2.85, "culvert": false, "unmapped": false}}, {"type": "Feature", "geometry": {"type": "LineString", "coordinates": [[3.7508078, 50.7859377], [3.7507434, 50.7859462]]}, "properties": {"role": "edge", "from": "8224519418", "to": "8224519417", "length": 4.62, "culvert": false, "unmapped": false}}, {"type": "Feature", "geometry": {"type": "LineString", "coordinates": [[3.7507434, 50.7859462], [3.7506764, 50.7859513]]}, "properties": {"role": "edge", "from": "8224519417", "to": "8224516116", "length": 4.74, "culvert": false, "unmapped": false}}, {"type": "Feature", "geometry": {"type": "LineString", "coordinates": [[3.7506764, 50.7859513], [3.7506308, 50.7859826]]}, "properties": {"role": "edge", "from": "8224516116", "to": "8224516115", "length": 4.73, "culvert": false, "unmapped": false}}, {"type": "Feature", "geometry": {"type": "LineString", "coordinates": [[3.7506308, 50.7859826], [3.7506118, 50.786022]]}, "properties": {"role": "edge", "from": "8224516115", "to": "3894363011", "length": 4.58, "culvert": false, "unmapped": false}}, {"type": "Feature", "geometry": {"type": "LineString", "coordinates": [[3.7506118, 50.786022], [3.7506227, 50.7860606]]}, "properties": {"role": "edge", "from": "3894363011", "to": "8224516114", "length": 4.36, "culvert": false, "unmapped": false}}, {"type": "Feature", "geometry": {"type": "LineString", "coordinates": [[3.7506227, 50.7860606], [3.7507011, 50.7860867]]}, "properties": {"role": "edge", "from": "8224516114", "to": "3894363013", "length": 6.23, "culvert": false, "unmapped": false}}, {"type": "Feature", "geometry": {"type": "LineString", "coordinates": [[3.7507011, 50.7860867], [3.7507944, 50.7860657]]}, "properties": {"role": "edge", "from": "3894363013", "to": "8224516113", "length": 6.96, "culvert": false, "unmapped": false}}, {"type": "Feature", "geometry": {"type": "LineString", "coordinates": [[3.7507944, 50.7860657], [3.7509393, 50.7860703]]}, "properties": {"role": "edge", "from": "8224516113", "to": "3894363012", "length": 10.2, "culvert": false, "unmapped": false}}, {"type": "Feature", "geometry": {"type": "LineString", "coordinates": [[3.7509393, 50.7860703], [3.7509915, 50.7861013]]}, "properties": {"role": "edge", "from": "3894363012", "to": "8224516112", "length": 5.03, "culvert": false, "unmapped": false}}, {"type": "Feature", "geometry": {"type": "LineString", "coordinates": [[3.7509915, 50.7861013], [3.7510232, 50.7861946]]}, "properties": {"role": "edge", "from": "8224516112", "to": "3894363014", "length": 10.61, "culvert": false, "unmapped": false}}, {"type": "Feature", "geometry": {"type": "LineString", "coordinates": [[3.7510232, 50.7861946], [3.7510157, 50.7862404]]}, "properties": {"role": "edge", "from": "3894363014", "to": "8224516111", "length": 5.12, "culvert": false, "unmapped": false}}, {"type": "Feature", "geometry": {"type": "LineString", "coordinates": [[3.7510157, 50.7862404], [3.7509459, 50.7862794]]}, "properties": {"role": "edge", "from": "8224516111", "to": "8224516110", "length": 6.55, "culvert": false, "unmapped": false}}, {"type": "Feature", "geometry": {"type": "LineString", "coordinates": [[3.7509459, 50.7862794], [3.7508413, 50.7863082]]}, "properties": {"role": "edge", "from": "8224516110", "to": "8224516109", "length": 8.02, "culvert": false, "unmapped": false}}, {"type": "Feature", "geometry": {"type": "LineString", "coordinates": [[3.7508413, 50.7863082], [3.7507702, 50.7863455]]}, "properties": {"role": "edge", "from": "8224516109", "to": "8224516108", "length": 6.49, "culvert": false, "unmapped": false}}, {"type": "Feature", "geometry": {"type": "LineString", "coordinates": [[3.7507702, 50.7863455], [3.7507555, 50.7863693]]}, "properties": {"role": "edge", "from": "8224516108", "to": "8224516107", "length": 2.84, "culvert": false, "unmapped": false}}, {"type": "Feature", "geometry": {"type": "LineString", "coordinates": [[3.7507555, 50.7863693], [3.7507662, 50.7863879]]}, "properties": {"role": "edge", "from": "8224516107", "to": "8224516106", "length": 2.2, "culvert": false, "unmapped": false}}, {"type": "Feature", "geometry": {"type": "LineString", "coordinates": [[3.7507662, 50.7863879], [3.7508207, 50.7864002]]}, "properties": {"role": "edge", "from": "8224516106", "to": "3894363015", "length": 4.07, "culvert": false, "unmapped": false}}, {"type": "Feature", "geometry": {"type": "LineString", "coordinates": [[3.7508207, 50.7864002], [3.7508588, 50.7864439]]}, "properties": {"role": "edge", "from": "3894363015", "to": "8224516105", "length": 5.55, "culvert": false, "unmapped": false}}, {"type": "Feature", "geometry": {"type": "LineString", "coordinates": [[3.7508588, 50.7864439], [3.7508601, 50.7864981]]}, "properties": {"role": "edge", "from": "8224516105", "to": "8224516104", "length": 6.03, "culvert": false, "unmapped": false}}, {"type": "Feature", "geometry": {"type": "LineString", "coordinates": [[3.7508601, 50.7864981], [3.7508294, 50.7865616]]}, "properties": {"role": "edge", "from": "8224516104", "to": "3894363016", "length": 7.38, "culvert": false, "unmapped": false}}, {"type": "Feature", "geometry": {"type": "LineString", "coordinates": [[3.7508294, 50.7865616], [3.7508507, 50.7865787]]}, "properties": {"role": "edge", "from": "3894363016", "to": "8224516103", "length": 2.42, "culvert": false, "unmapped": false}}, {"type": "Feature", "geometry": {"type": "LineString", "coordinates": [[3.7508507, 50.7865787], [3.7509003, 50.7865744]]}, "properties": {"role": "edge", "from": "8224516103", "to": "8224516102", "length": 3.52, "culvert": false, "unmapped": false}}, {"type": "Feature", "geometry": {"type": "LineString", "coordinates": [[3.7509003, 50.7865744], [3.7509634, 50.7865812]]}, "properties": {"role": "edge", "from": "8224516102", "to": "8224516101", "length": 4.5, "culvert": false, "unmapped": false}}, {"type": "Feature", "geometry": {"type": "LineString", "coordinates": [[3.7509634, 50.7865812], [3.7509942, 50.7865965]]}, "properties": {"role": "edge", "from": "8224516101", "to": "8224516100", "length": 2.75, "culvert": false, "unmapped": false}}, {"type": "Feature", "geometry": {"type": "LineString", "coordinates": [[3.7509942, 50.7865965], [3.7509912, 50.7866397]]}, "properties": {"role": "edge", "from": "8224516100", "to": "3894363017", "length": 4.81, "culvert": false, "unmapped": false}}, {"type": "Feature", "geometry": {"type": "LineString", "coordinates": [[3.7509912, 50.7866397], [3.7509821, 50.7866592]]}, "properties": {"role": "edge", "from": "3894363017", "to": "8224516099", "length": 2.26, "culvert": false, "unmapped": false}}, {"type": "Feature", "geometry": {"type": "LineString", "coordinates": [[3.7509821, 50.7866592], [3.7509567, 50.7866804]]}, "properties": {"role": "edge", "from": "8224516099", "to": "8224516098", "length": 2.96, "culvert": false, "unmapped": false}}, {"type": "Feature", "geometry": {"type": "LineString", "coordinates": [[3.7509567, 50.7866804], [3.750899, 50.7866813]]}, "properties": {"role": "edge", "from": "8224516098", "to": "8224516097", "length": 4.06, "culvert": false, "unmapped": false}}, {"type": "Feature", "geometry": {"type": "LineString", "coordinates": [[3.750899, 50.7866813], [3.7508333, 50.7866779]]}, "properties": {"role": "edge", "from": "8224516097", "to": "8224516096", "length": 4.63, "culvert": false, "unmapped": false}}, {"type": "Feature", "geometry": {"type": "LineString", "coordinates": [[3.7508333, 50.7866779], [3.7507917, 50.7866838]]}, "properties": {"role": "edge", "from": "8224516096", "to": "8224516095", "length": 3.0, "culvert": false, "unmapped": false}}, {"type": "Feature", "geometry": {"type": "LineString", "coordinates": [[3.7507917, 50.7866838], [3.7507582, 50.7866965]]}, "properties": {"role": "edge", "from": "8224516095", "to": "8224516094", "length": 2.75, "culvert": false, "unmapped": false}}, {"type": "Feature", "geometry": {"type": "LineString", "coordinates": [[3.7507582, 50.7866965], [3.7507689, 50.786722]]}, "properties": {"role": "edge", "from": "8224516094", "to": "8224516093", "length": 2.93, "culvert": false, "unmapped": false}}, {"type": "Feature", "geometry": {"type": "LineString", "coordinates": [[3.7507689, 50.786722], [3.7508373, 50.786761]]}, "properties": {"role": "edge", "from": "8224516093", "to": "8224516092", "length": 6.48, "culvert": false, "unmapped": false}}, {"type": "Feature", "geometry": {"type": "LineString", "coordinates": [[3.7508373, 50.786761], [3.7509513, 50.7868339]]}, "properties": {"role": "edge", "from": "8224516092", "to": "8224516091", "length": 11.4, "culvert": false, "unmapped": false}}, {"type": "Feature", "geometry": {"type": "LineString", "coordinates": [[3.7509513, 50.7868339], [3.7509647, 50.7868559]]}, "properties": {"role": "edge", "from": "8224516091", "to": "8224516090", "length": 2.62, "culvert": false, "unmapped": false}}, {"type": "Feature", "geometry": {"type": "LineString", "coordinates": [[3.7509647, 50.7868559], [3.7509325, 50.7868729]]}, "properties": {"role": "edge", "from": "8224516090", "to": "8224516089", "length": 2.95, "culvert": false, "unmapped": false}}, {"type": "Feature", "geometry": {"type": "LineString", "coordinates": [[3.7509325, 50.7868729], [3.7508909, 50.7868898]]}, "properties": {"role": "edge", "from": "8224516089", "to": "8224516088", "length": 3.48, "culvert": false, "unmapped": false}}, {"type": "Feature", "geometry": {"type": "LineString", "coordinates": [[3.7508909, 50.7868898], [3.7509021, 50.7869198]]}, "properties": {"role": "edge", "from": "8224516088", "to": "3894363018", "length": 3.43, "culvert": false, "unmapped": false}}, {"type": "Feature", "geometry": {"type": "LineString", "coordinates": [[3.7509021, 50.7869198], [3.7510195, 50.7870645]]}, "properties": {"role": "edge", "from": "3894363018", "to": "3894363019", "length": 18.08, "culvert": false, "unmapped": false}}, {"type": "Feature", "geometry": {"type": "LineString", "coordinates": [[3.7510195, 50.7870645], [3.7511169, 50.7872309]]}, "properties": {"role": "edge", "from": "3894363019", "to": "3894363020", "length": 19.73, "culvert": false, "unmapped": false}}, {"type": "Feature", "geometry": {"type": "LineString", "coordinates": [[3.7511169, 50.7872309], [3.7511577, 50.7873174]]}, "properties": {"role": "edge", "from": "3894363020", "to": "3894363021", "length": 10.04, "culvert": false, "unmapped": false}}, {"type": "Feature", "geometry": {"type": "LineString", "coordinates": [[3.7511577, 50.7873174], [3.7511538, 50.7873579]]}, "properties": {"role": "edge", "from": "3894363021", "to": "8224516087", "length": 4.51, "culvert": true, "unmapped": false}}, {"type": "Feature", "geometry": {"type": "LineString", "coordinates": [[3.7524211, 50.7890768], [3.7524919, 50.789042]]}, "properties": {"role": "edge", "from": "4228739728", "to": "4228739727", "length": 6.3, "culvert": true, "unmapped": false}}, {"type": "Feature", "geometry": {"type": "LineString", "coordinates": [[3.7524919, 50.789042], [3.7525341, 50.7890426]]}, "properties": {"role": "edge", "from": "4228739727", "to": "3894363038", "length": 2.97, "culvert": false, "unmapped": false}}, {"type": "Feature", "geometry": {"type": "LineString", "coordinates": [[3.7529857, 50.7893587], [3.7530077, 50.7894572]]}, "properties": {"role": "edge", "from": "8222509604", "to": "3894363045", "length": 11.06, "culvert": false, "unmapped": false}}, {"type": "Feature", "geometry": {"type": "LineString", "coordinates": [[3.7530077, 50.7894572], [3.7530583, 50.7895964]]}, "properties": {"role": "edge", "from": "3894363045", "to": "3894363046", "length": 15.88, "culvert": false, "unmapped": false}}, {"type": "Feature", "geometry": {"type": "LineString", "coordinates": [[3.7530583, 50.7895964], [3.7531038, 50.7896928]]}, "properties": {"role": "edge", "from": "3894363046", "to": "11367407015", "length": 11.19, "culvert": false, "unmapped": false}}, {"type": "Feature", "geometry": {"type": "LineString", "coordinates": [[3.7531038, 50.7896928], [3.7531319, 50.7897157]]}, "properties": {"role": "edge", "from": "11367407015", "to": "8222509605", "length": 3.22, "culvert": false, "unmapped": false}}, {"type": "Feature", "geometry": {"type": "LineString", "coordinates": [[3.7531319, 50.7897157], [3.753195, 50.7897326]]}, "properties": {"role": "edge", "from": "8222509605", "to": "8222509606", "length": 4.82, "culvert": false, "unmapped": false}}, {"type": "Feature", "geometry": {"type": "LineString", "coordinates": [[3.753195, 50.7897326], [3.7532325, 50.7897665]]}, "properties": {"role": "edge", "from": "8222509606", "to": "3894363047", "length": 4.6, "culvert": false, "unmapped": false}}, {"type": "Feature", "geometry": {"type": "LineString", "coordinates": [[3.7532325, 50.7897665], [3.7532392, 50.7897937]]}, "properties": {"role": "edge", "from": "3894363047", "to": "11367407014", "length": 3.06, "culvert": false, "unmapped": false}}, {"type": "Feature", "geometry": {"type": "LineString", "coordinates": [[3.7532392, 50.7897937], [3.7533411, 50.7898708]]}, "properties": {"role": "edge", "from": "11367407014", "to": "11367407013", "length": 11.17, "culvert": false, "unmapped": false}}, {"type": "Feature", "geometry": {"type": "LineString", "coordinates": [[3.7533411, 50.7898708], [3.7534206, 50.7899827]]}, "properties": {"role": "edge", "from": "11367407013", "to": "3894363048", "length": 13.64, "culvert": false, "unmapped": false}}, {"type": "Feature", "geometry": {"type": "LineString", "coordinates": [[3.7534206, 50.7899827], [3.7535731, 50.7900453]]}, "properties": {"role": "edge", "from": "3894363048", "to": "3894363049", "length": 12.78, "culvert": false, "unmapped": false}}, {"type": "Feature", "geometry": {"type": "LineString", "coordinates": [[3.7535731, 50.7900453], [3.7537034, 50.7901288]]}, "properties": {"role": "edge", "from": "3894363049", "to": "3894363050", "length": 13.04, "culvert": false, "unmapped": false}}, {"type": "Feature", "geometry": {"type": "LineString", "coordinates": [[3.7537034, 50.7901288], [3.7537313, 50.7902253]]}, "properties": {"role": "edge", "from": "3894363050", "to": "3894363054", "length": 10.91, "culvert": false, "unmapped": false}}, {"type": "Feature", "geometry": {"type": "LineString", "coordinates": [[3.7537313, 50.7902253], [3.7538616, 50.7902994]]}, "properties": {"role": "edge", "from": "3894363054", "to": "3894363061", "length": 12.32, "culvert": false, "unmapped": false}}, {"type": "Feature", "geometry": {"type": "LineString", "coordinates": [[3.7538616, 50.7902994], [3.7539937, 50.7904406]]}, "properties": {"role": "edge", "from": "3894363061", "to": "3894363068", "length": 18.24, "culvert": false, "unmapped": false}}, {"type": "Feature", "geometry": {"type": "LineString", "coordinates": [[3.7539937, 50.7904406], [3.7539974, 50.7904736]]}, "properties": {"role": "edge", "from": "3894363068", "to": "3894363074", "length": 3.68, "culvert": false, "unmapped": false}}, {"type": "Feature", "geometry": {"type": "LineString", "coordinates": [[3.7539974, 50.7904736], [3.7540905, 50.7904477]]}, "properties": {"role": "edge", "from": "3894363074", "to": "3894363069", "length": 7.15, "culvert": false, "unmapped": false}}, {"type": "Feature", "geometry": {"type": "LineString", "coordinates": [[3.7540905, 50.7904477], [3.7542357, 50.7904489]]}, "properties": {"role": "edge", "from": "3894363069", "to": "3894363070", "length": 10.21, "culvert": false, "unmapped": false}}, {"type": "Feature", "geometry": {"type": "LineString", "coordinates": [[3.7542357, 50.7904489], [3.7543604, 50.7904712]]}, "properties": {"role": "edge", "from": "3894363070", "to": "3894363072", "length": 9.11, "culvert": false, "unmapped": false}}, {"type": "Feature", "geometry": {"type": "LineString", "coordinates": [[3.7543604, 50.7904712], [3.7544385, 50.7904524]]}, "properties": {"role": "edge", "from": "3894363072", "to": "3894363071", "length": 5.87, "culvert": false, "unmapped": false}}, {"type": "Feature", "geometry": {"type": "LineString", "coordinates": [[3.7544385, 50.7904524], [3.7544702, 50.79037]]}, "properties": {"role": "edge", "from": "3894363071", "to": "3894363064", "length": 9.43, "culvert": false, "unmapped": false}}, {"type": "Feature", "geometry": {"type": "LineString", "coordinates": [[3.7544702, 50.79037], [3.7545018, 50.7903194]]}, "properties": {"role": "edge", "from": "3894363064", "to": "3894363062", "length": 6.05, "culvert": false, "unmapped": false}}, {"type": "Feature", "geometry": {"type": "LineString", "coordinates": [[3.7545018, 50.7903194], [3.7546042, 50.7902865]]}, "properties": {"role": "edge", "from": "3894363062", "to": "3894363060", "length": 8.07, "culvert": false, "unmapped": false}}, {"type": "Feature", "geometry": {"type": "LineString", "coordinates": [[3.7546042, 50.7902865], [3.7547661, 50.79025]]}, "properties": {"role": "edge", "from": "3894363060", "to": "3894363058", "length": 12.08, "culvert": false, "unmapped": false}}, {"type": "Feature", "geometry": {"type": "LineString", "coordinates": [[3.7547661, 50.79025], [3.754805, 50.7902464]]}, "properties": {"role": "edge", "from": "3894363058", "to": "3894363057", "length": 2.76, "culvert": false, "unmapped": false}}, {"type": "Feature", "geometry": {"type": "LineString", "coordinates": [[3.754805, 50.7902464], [3.7548439, 50.790189]]}, "properties": {"role": "edge", "from": "3894363057", "to": "3894363052", "length": 6.94, "culvert": false, "unmapped": false}}, {"type": "Feature", "geometry": {"type": "LineString", "coordinates": [[3.7548439, 50.790189], [3.7548873, 50.7901827]]}, "properties": {"role": "edge", "from": "3894363052", "to": "3894363051", "length": 3.13, "culvert": false, "unmapped": false}}, {"type": "Feature", "geometry": {"type": "LineString", "coordinates": [[3.7548873, 50.7901827], [3.7549893, 50.7902023]]}, "properties": {"role": "edge", "from": "3894363051", "to": "3894363053", "length": 7.49, "culvert": false, "unmapped": false}}, {"type": "Feature", "geometry": {"type": "LineString", "coordinates": [[3.7549893, 50.7902023], [3.7550492, 50.7902297]]}, "properties": {"role": "edge", "from": "3894363053", "to": "3894363055", "length": 5.2, "culvert": false, "unmapped": false}}, {"type": "Feature", "geometry": {"type": "LineString", "coordinates": [[3.7550492, 50.7902297], [3.7551063, 50.7902156]]}, "properties": {"role": "edge", "from": "3894363055", "to": "3894363056", "length": 4.31, "culvert": false, "unmapped": false}}, {"type": "Feature", "geometry": {"type": "LineString", "coordinates": [[3.7551063, 50.7902156], [3.7551731, 50.7902082]]}, "properties": {"role": "edge", "from": "3894363056", "to": "8224526483", "length": 4.77, "culvert": false, "unmapped": false}}, {"type": "Feature", "geometry": {"type": "LineString", "coordinates": [[3.7551731, 50.7902082], [3.755216, 50.7902243]]}, "properties": {"role": "edge", "from": "8224526483", "to": "8224526484", "length": 3.51, "culvert": false, "unmapped": false}}, {"type": "Feature", "geometry": {"type": "LineString", "coordinates": [[3.755216, 50.7902243], [3.7552193, 50.7902528]]}, "properties": {"role": "edge", "from": "8224526484", "to": "3894363059", "length": 3.18, "culvert": false, "unmapped": false}}, {"type": "Feature", "geometry": {"type": "LineString", "coordinates": [[3.7552193, 50.7902528], [3.7551463, 50.7902922]]}, "properties": {"role": "edge", "from": "3894363059", "to": "8224526485", "length": 6.75, "culvert": false, "unmapped": false}}, {"type": "Feature", "geometry": {"type": "LineString", "coordinates": [[3.7551463, 50.7902922], [3.7551181, 50.7903184]]}, "properties": {"role": "edge", "from": "8224526485", "to": "8224526486", "length": 3.52, "culvert": false, "unmapped": false}}, {"type": "Feature", "geometry": {"type": "LineString", "coordinates": [[3.7551181, 50.7903184], [3.7551622, 50.7903493]]}, "properties": {"role": "edge", "from": "8224526486", "to": "3894363063", "length": 4.63, "culvert": false, "unmapped": false}}, {"type": "Feature", "geometry": {"type": "LineString", "coordinates": [[3.7551622, 50.7903493], [3.7552774, 50.7903784]]}, "properties": {"role": "edge", "from": "3894363063", "to": "3894363065", "length": 8.72, "culvert": false, "unmapped": false}}, {"type": "Feature", "geometry": {"type": "LineString", "coordinates": [[3.7552774, 50.7903784], [3.7553447, 50.7903786]]}, "properties": {"role": "edge", "from": "3894363065", "to": "8224526487", "length": 4.73, "culvert": false, "unmapped": false}}, {"type": "Feature", "geometry": {"type": "LineString", "coordinates": [[3.7553447, 50.7903786], [3.7554109, 50.7904078]]}, "properties": {"role": "edge", "from": "8224526487", "to": "3894363066", "length": 5.67, "culvert": false, "unmapped": false}}, {"type": "Feature", "geometry": {"type": "LineString", "coordinates": [[3.7554109, 50.7904078], [3.7554884, 50.7904362]]}, "properties": {"role": "edge", "from": "3894363066", "to": "3894363067", "length": 6.3, "culvert": false, "unmapped": false}}, {"type": "Feature", "geometry": {"type": "LineString", "coordinates": [[3.7554884, 50.7904362], [3.7554976, 50.7904473]]}, "properties": {"role": "edge", "from": "3894363067", "to": "8224526488", "length": 1.39, "culvert": false, "unmapped": false}}, {"type": "Feature", "geometry": {"type": "LineString", "coordinates": [[3.7554976, 50.7904473], [3.7555027, 50.7904754]]}, "properties": {"role": "edge", "from": "8224526488", "to": "3894363073", "length": 3.15, "culvert": false, "unmapped": false}}, {"type": "Feature", "geometry": {"type": "LineString", "coordinates": [[3.7555027, 50.7904754], [3.755562, 50.7904999]]}, "properties": {"role": "edge", "from": "3894363073", "to": "8224526489", "length": 4.98, "culvert": false, "unmapped": false}}, {"type": "Feature", "geometry": {"type": "LineString", "coordinates": [[3.755562, 50.7904999], [3.7556255, 50.7905014]]}, "properties": {"role": "edge", "from": "8224526489", "to": "3894363076", "length": 4.47, "culvert": false, "unmapped": false}}, {"type": "Feature", "geometry": {"type": "LineString", "coordinates": [[3.7556255, 50.7905014], [3.7557173, 50.790487]]}, "properties": {"role": "edge", "from": "3894363076", "to": "3894363075", "length": 6.65, "culvert": false, "unmapped": false}}, {"type": "Feature", "geometry": {"type": "LineString", "coordinates": [[3.7557173, 50.790487], [3.7557565, 50.7904999]]}, "properties": {"role": "edge", "from": "3894363075", "to": "8224526490", "length": 3.11, "culvert": false, "unmapped": false}}, {"type": "Feature", "geometry": {"type": "LineString", "coordinates": [[3.7557565, 50.7904999], [3.7557632, 50.7905304]]}, "properties": {"role": "edge", "from": "8224526490", "to": "8224526491", "length": 3.42, "culvert": false, "unmapped": false}}, {"type": "Feature", "geometry": {"type": "LineString", "coordinates": [[3.7557632, 50.7905304], [3.7557699, 50.7905677]]}, "properties": {"role": "edge", "from": "8224526491", "to": "8224526492", "length": 4.17, "culvert": false, "unmapped": false}}, {"type": "Feature", "geometry": {"type": "LineString", "coordinates": [[3.7557699, 50.7905677], [3.7558088, 50.7905783]]}, "properties": {"role": "edge", "from": "8224526492", "to": "3894363077", "length": 2.98, "culvert": false, "unmapped": false}}, {"type": "Feature", "geometry": {"type": "LineString", "coordinates": [[3.7558088, 50.7905783], [3.7558866, 50.7905813]]}, "properties": {"role": "edge", "from": "3894363077", "to": "8224526496", "length": 5.48, "culvert": true, "unmapped": false}}, {"type": "Feature", "geometry": {"type": "LineString", "coordinates": [[3.7519661, 50.7885748], [3.7520182, 50.7886121]]}, "properties": {"role": "edge", "from": "3894363035", "to": "5302045686", "length": 5.53, "culvert": false, "unmapped": false}}, {"type": "Feature", "geometry": {"type": "LineString", "coordinates": [[3.7520182, 50.7886121], [3.7520481, 50.7886498]]}, "properties": {"role": "edge", "from": "5302045686", "to": "5302045687", "length": 4.69, "culvert": false, "unmapped": false}}, {"type": "Feature", "geometry": {"type": "LineString", "coordinates": [[3.7520481, 50.7886498], [3.752067, 50.788672]]}, "properties": {"role": "edge", "from": "5302045687", "to": "3894363036", "length": 2.8, "culvert": false, "unmapped": false}}, {"type": "Feature", "geometry": {"type": "LineString", "coordinates": [[3.752067, 50.788672], [3.7520794, 50.788688]]}, "properties": {"role": "edge", "from": "3894363036", "to": "5302045684", "length": 1.98, "culvert": false, "unmapped": false}}, {"type": "Feature", "geometry": {"type": "LineString", "coordinates": [[3.7520794, 50.788688], [3.7520957, 50.7887124]]}, "properties": {"role": "edge", "from": "5302045684", "to": "5302045685", "length": 2.95, "culvert": false, "unmapped": false}}, {"type": "Feature", "geometry": {"type": "LineString", "coordinates": [[3.7520957, 50.7887124], [3.7522513, 50.7889619]]}, "properties": {"role": "edge", "from": "5302045685", "to": "3894363037", "length": 29.82, "culvert": false, "unmapped": false}}, {"type": "Feature", "geometry": {"type": "LineString", "coordinates": [[3.7522513, 50.7889619], [3.7523019, 50.7890458]]}, "properties": {"role": "edge", "from": "3894363037", "to": "3894363039", "length": 9.98, "culvert": false, "unmapped": false}}, {"type": "Feature", "geometry": {"type": "LineString", "coordinates": [[3.7523019, 50.7890458], [3.7523396, 50.7890682]]}, "properties": {"role": "edge", "from": "3894363039", "to": "3894363041", "length": 3.64, "culvert": false, "unmapped": false}}, {"type": "Feature", "geometry": {"type": "LineString", "coordinates": [[3.7523396, 50.7890682], [3.7523665, 50.789074]]}, "properties": {"role": "edge", "from": "3894363041", "to": "13073340811", "length": 2.0, "culvert": false, "unmapped": false}}, {"type": "Feature", "geometry": {"type": "LineString", "coordinates": [[3.7523665, 50.789074], [3.7523925, 50.7890768]]}, "properties": {"role": "edge", "from": "13073340811", "to": "13073340812", "length": 1.85, "culvert": false, "unmapped": false}}, {"type": "Feature", "geometry": {"type": "LineString", "coordinates": [[3.7523925, 50.7890768], [3.7524211, 50.7890768]]}, "properties": {"role": "edge", "from": "13073340812", "to": "4228739728", "length": 2.01, "culvert": false, "unmapped": false}}, {"type": "Feature", "geometry": {"type": "LineString", "coordinates": [[3.7667855, 50.8020012], [3.7668412, 50.8020455]]}, "properties": {"role": "edge", "from": "4783743235", "to": "3894363125", "length": 6.29, "culvert": false, "unmapped": false}}, {"type": "Feature", "geometry": {"type": "LineString", "coordinates": [[3.7668412, 50.8020455], [3.766857, 50.8020754]]}, "properties": {"role": "edge", "from": "3894363125", "to": "4783743234", "length": 3.51, "culvert": false, "unmapped": false}}, {"type": "Feature", "geometry": {"type": "LineString", "coordinates": [[3.766857, 50.8020754], [3.7668602, 50.8021098]]}, "properties": {"role": "edge", "from": "4783743234", "to": "4783743233", "length": 3.83, "culvert": false, "unmapped": false}}, {"type": "Feature", "geometry": {"type": "LineString", "coordinates": [[3.7668602, 50.8021098], [3.7668732, 50.8021449]]}, "properties": {"role": "edge", "from": "4783743233", "to": "3894363126", "length": 4.01, "culvert": false, "unmapped": false}}, {"type": "Feature", "geometry": {"type": "LineString", "coordinates": [[3.7668732, 50.8021449], [3.7669207, 50.8021835]]}, "properties": {"role": "edge", "from": "3894363126", "to": "3894363127", "length": 5.44, "culvert": false, "unmapped": false}}, {"type": "Feature", "geometry": {"type": "LineString", "coordinates": [[3.7669207, 50.8021835], [3.7669584, 50.8022135]]}, "properties": {"role": "edge", "from": "3894363127", "to": "4783743228", "length": 4.26, "culvert": false, "unmapped": false}}, {"type": "Feature", "geometry": {"type": "LineString", "coordinates": [[3.7669584, 50.8022135], [3.7669936, 50.8022574]]}, "properties": {"role": "edge", "from": "4783743228", "to": "3894363128", "length": 5.47, "culvert": false, "unmapped": false}}, {"type": "Feature", "geometry": {"type": "LineString", "coordinates": [[3.7669936, 50.8022574], [3.7670208, 50.8022816]]}, "properties": {"role": "edge", "from": "3894363128", "to": "4783743232", "length": 3.3, "culvert": false, "unmapped": false}}, {"type": "Feature", "geometry": {"type": "LineString", "coordinates": [[3.7670208, 50.8022816], [3.7670453, 50.8023278]]}, "properties": {"role": "edge", "from": "4783743232", "to": "4783743231", "length": 5.42, "culvert": false, "unmapped": false}}, {"type": "Feature", "geometry": {"type": "LineString", "coordinates": [[3.7670453, 50.8023278], [3.7670857, 50.8023657]]}, "properties": {"role": "edge", "from": "4783743231", "to": "3894363129", "length": 5.08, "culvert": false, "unmapped": false}}, {"type": "Feature", "geometry": {"type": "LineString", "coordinates": [[3.7670857, 50.8023657], [3.7671311, 50.8024035]]}, "properties": {"role": "edge", "from": "3894363129", "to": "4783743230", "length": 5.28, "culvert": false, "unmapped": false}}, {"type": "Feature", "geometry": {"type": "LineString", "coordinates": [[3.7671311, 50.8024035], [3.767181, 50.8024426]]}, "properties": {"role": "edge", "from": "4783743230", "to": "4783743229", "length": 5.59, "culvert": false, "unmapped": false}}, {"type": "Feature", "geometry": {"type": "LineString", "coordinates": [[3.767181, 50.8024426], [3.7672245, 50.8024762]]}, "properties": {"role": "edge", "from": "4783743229", "to": "3894363130", "length": 4.83, "culvert": false, "unmapped": false}}, {"type": "Feature", "geometry": {"type": "LineString", "coordinates": [[3.7672245, 50.8024762], [3.7673095, 50.8025235]]}, "properties": {"role": "edge", "from": "3894363130", "to": "3894363131", "length": 7.96, "culvert": false, "unmapped": false}}, {"type": "Feature", "geometry": {"type": "LineString", "coordinates": [[3.7673095, 50.8025235], [3.767376, 50.8025467]]}, "properties": {"role": "edge", "from": "3894363131", "to": "4783743227", "length": 5.34, "culvert": false, "unmapped": false}}, {"type": "Feature", "geometry": {"type": "LineString", "coordinates": [[3.767376, 50.8025467], [3.767417, 50.802572]]}, "properties": {"role": "edge", "from": "4783743227", "to": "4783743226", "length": 4.03, "culvert": false, "unmapped": false}}, {"type": "Feature", "geometry": {"type": "LineString", "coordinates": [[3.767417, 50.802572], [3.7674874, 50.8025855]]}, "properties": {"role": "edge", "from": "4783743226", "to": "4783743224", "length": 5.17, "culvert": false, "unmapped": false}}, {"type": "Feature", "geometry": {"type": "LineString", "coordinates": [[3.7674874, 50.8025855], [3.767545, 50.8025983]]}, "properties": {"role": "edge", "from": "4783743224", "to": "4783743225", "length": 4.29, "culvert": false, "unmapped": false}}, {"type": "Feature", "geometry": {"type": "LineString", "coordinates": [[3.767545, 50.8025983], [3.767608, 50.8026275]]}, "properties": {"role": "edge", "from": "4783743225", "to": "3894363132", "length": 5.49, "culvert": false, "unmapped": false}}, {"type": "Feature", "geometry": {"type": "LineString", "coordinates": [[3.767608, 50.8026275], [3.7676454, 50.8026446]]}, "properties": {"role": "edge", "from": "3894363132", "to": "8222518966", "length": 3.24, "culvert": true, "unmapped": false}}, {"type": "Feature", "geometry": {"type": "LineString", "coordinates": [[3.7809128, 50.8144088], [3.7809483, 50.8144624]]}, "properties": {"role": "edge", "from": "4783691764", "to": "4783691763", "length": 6.46, "culvert": false, "unmapped": false}}, {"type": "Feature", "geometry": {"type": "LineString", "coordinates": [[3.7809483, 50.8144624], [3.7809957, 50.8145256]]}, "properties": {"role": "edge", "from": "4783691763", "to": "304873480", "length": 7.78, "culvert": false, "unmapped": false}}, {"type": "Feature", "geometry": {"type": "LineString", "coordinates": [[3.7809957, 50.8145256], [3.7809798, 50.8145934]]}, "properties": {"role": "edge", "from": "304873480", "to": "4783691760", "length": 7.62, "culvert": false, "unmapped": false}}, {"type": "Feature", "geometry": {"type": "LineString", "coordinates": [[3.7809798, 50.8145934], [3.7808818, 50.8147469]]}, "properties": {"role": "edge", "from": "4783691760", "to": "4783691761", "length": 18.4, "culvert": false, "unmapped": false}}, {"type": "Feature", "geometry": {"type": "LineString", "coordinates": [[3.7808818, 50.8147469], [3.7808307, 50.8148428]]}, "properties": {"role": "edge", "from": "4783691761", "to": "4783691762", "length": 11.25, "culvert": false, "unmapped": false}}, {"type": "Feature", "geometry": {"type": "LineString", "coordinates": [[3.7808307, 50.8148428], [3.7808131, 50.8149335]]}, "properties": {"role": "edge", "from": "4783691762", "to": "304873481", "length": 10.16, "culvert": false, "unmapped": false}}, {"type": "Feature", "geometry": {"type": "LineString", "coordinates": [[3.7808131, 50.8149335], [3.7808263, 50.8150221]]}, "properties": {"role": "edge", "from": "304873481", "to": "4783691759", "length": 9.9, "culvert": false, "unmapped": false}}, {"type": "Feature", "geometry": {"type": "LineString", "coordinates": [[3.7808263, 50.8150221], [3.7808714, 50.8150921]]}, "properties": {"role": "edge", "from": "4783691759", "to": "4783691758", "length": 8.4, "culvert": false, "unmapped": false}}, {"type": "Feature", "geometry": {"type": "LineString", "coordinates": [[3.7808714, 50.8150921], [3.7809421, 50.8152373]]}, "properties": {"role": "edge", "from": "4783691758", "to": "304873483", "length": 16.89, "culvert": false, "unmapped": false}}, {"type": "Feature", "geometry": {"type": "LineString", "coordinates": [[3.7809421, 50.8152373], [3.7809869, 50.8153379]]}, "properties": {"role": "edge", "from": "304873483", "to": "4783691757", "length": 11.62, "culvert": false, "unmapped": false}}, {"type": "Feature", "geometry": {"type": "LineString", "coordinates": [[3.7809869, 50.8153379], [3.7809982, 50.8154611]]}, "properties": {"role": "edge", "from": "4783691757", "to": "4783691756", "length": 13.72, "culvert": false, "unmapped": false}}, {"type": "Feature", "geometry": {"type": "LineString", "coordinates": [[3.7809982, 50.8154611], [3.7809943, 50.8156024]]}, "properties": {"role": "edge", "from": "4783691756", "to": "4783691755", "length": 15.71, "culvert": false, "unmapped": false}}, {"type": "Feature", "geometry": {"type": "LineString", "coordinates": [[3.7809943, 50.8156024], [3.7810031, 50.815684]]}, "properties": {"role": "edge", "from": "4783691755", "to": "304873485", "length": 9.09, "culvert": false, "unmapped": false}}, {"type": "Feature", "geometry": {"type": "LineString", "coordinates": [[3.7810031, 50.815684], [3.7810777, 50.8157726]]}, "properties": {"role": "edge", "from": "304873485", "to": "4783691754", "length": 11.16, "culvert": false, "unmapped": false}}, {"type": "Feature", "geometry": {"type": "LineString", "coordinates": [[3.7810777, 50.8157726], [3.7811076, 50.8158146]]}, "properties": {"role": "edge", "from": "4783691754", "to": "8223027540", "length": 5.12, "culvert": false, "unmapped": false}}, {"type": "Feature", "geometry": {"type": "LineString", "coordinates": [[3.7811076, 50.8158146], [3.7811309, 50.8158473]]}, "properties": {"role": "edge", "from": "8223027540", "to": "4783691753", "length": 3.99, "culvert": false, "unmapped": false}}, {"type": "Feature", "geometry": {"type": "LineString", "coordinates": [[3.7811309, 50.8158473], [3.7811439, 50.8159712]]}, "properties": {"role": "edge", "from": "4783691753", "to": "4783691752", "length": 13.81, "culvert": false, "unmapped": false}}, {"type": "Feature", "geometry": {"type": "LineString", "coordinates": [[3.7811439, 50.8159712], [3.781135, 50.8160364]]}, "properties": {"role": "edge", "from": "4783691752", "to": "304873487", "length": 7.28, "culvert": false, "unmapped": false}}, {"type": "Feature", "geometry": {"type": "LineString", "coordinates": [[3.781135, 50.8160364], [3.7811816, 50.8160995]]}, "properties": {"role": "edge", "from": "304873487", "to": "304873489", "length": 7.74, "culvert": false, "unmapped": false}}, {"type": "Feature", "geometry": {"type": "LineString", "coordinates": [[3.7811816, 50.8160995], [3.7811633, 50.8161311]]}, "properties": {"role": "edge", "from": "304873489", "to": "4783691751", "length": 3.74, "culvert": false, "unmapped": false}}, {"type": "Feature", "geometry": {"type": "LineString", "coordinates": [[3.7811633, 50.8161311], [3.7810944, 50.8161543]]}, "properties": {"role": "edge", "from": "4783691751", "to": "4783691749", "length": 5.49, "culvert": false, "unmapped": false}}, {"type": "Feature", "geometry": {"type": "LineString", "coordinates": [[3.7810944, 50.8161543], [3.7809847, 50.8161493]]}, "properties": {"role": "edge", "from": "4783691749", "to": "304873490", "length": 7.73, "culvert": false, "unmapped": false}}, {"type": "Feature", "geometry": {"type": "LineString", "coordinates": [[3.7809847, 50.8161493], [3.7809451, 50.8162044]]}, "properties": {"role": "edge", "from": "304873490", "to": "4783691750", "length": 6.73, "culvert": false, "unmapped": false}}, {"type": "Feature", "geometry": {"type": "LineString", "coordinates": [[3.7809451, 50.8162044], [3.780922, 50.816535]]}, "properties": {"role": "edge", "from": "4783691750", "to": "304873492", "length": 36.8, "culvert": false, "unmapped": false}}, {"type": "Feature", "geometry": {"type": "LineString", "coordinates": [[3.780922, 50.816535], [3.7807181, 50.8168513]]}, "properties": {"role": "edge", "from": "304873492", "to": "304873494", "length": 37.98, "culvert": false, "unmapped": false}}, {"type": "Feature", "geometry": {"type": "LineString", "coordinates": [[3.7807181, 50.8168513], [3.780671, 50.8170082]]}, "properties": {"role": "edge", "from": "304873494", "to": "11162945770", "length": 17.76, "culvert": false, "unmapped": false}}, {"type": "Feature", "geometry": {"type": "LineString", "coordinates": [[3.780671, 50.8170082], [3.7806065, 50.817223]]}, "properties": {"role": "edge", "from": "11162945770", "to": "304873496", "length": 24.31, "culvert": false, "unmapped": false}}, {"type": "Feature", "geometry": {"type": "LineString", "coordinates": [[3.7806065, 50.817223], [3.7806027, 50.8172842]]}, "properties": {"role": "edge", "from": "304873496", "to": "5095248446", "length": 6.81, "culvert": false, "unmapped": false}}, {"type": "Feature", "geometry": {"type": "LineString", "coordinates": [[3.7806027, 50.8172842], [3.7805524, 50.8173601]]}, "properties": {"role": "edge", "from": "5095248446", "to": "5095248447", "length": 9.15, "culvert": false, "unmapped": false}}, {"type": "Feature", "geometry": {"type": "LineString", "coordinates": [[3.7805524, 50.8173601], [3.7805072, 50.8173796]]}, "properties": {"role": "edge", "from": "5095248447", "to": "5095248448", "length": 3.85, "culvert": false, "unmapped": false}}, {"type": "Feature", "geometry": {"type": "LineString", "coordinates": [[3.7805072, 50.8173796], [3.7804802, 50.8174173]]}, "properties": {"role": "edge", "from": "5095248448", "to": "304873497", "length": 4.6, "culvert": false, "unmapped": false}}, {"type": "Feature", "geometry": {"type": "LineString", "coordinates": [[3.7804802, 50.8174173], [3.7804885, 50.817558]]}, "properties": {"role": "edge", "from": "304873497", "to": "313568282", "length": 15.66, "culvert": false, "unmapped": false}}, {"type": "Feature", "geometry": {"type": "LineString", "coordinates": [[3.7804885, 50.817558], [3.7803955, 50.8176284]]}, "properties": {"role": "edge", "from": "313568282", "to": "1989592369", "length": 10.2, "culvert": false, "unmapped": false}}, {"type": "Feature", "geometry": {"type": "LineString", "coordinates": [[3.7803955, 50.8176284], [3.7802183, 50.8176723]]}, "properties": {"role": "edge", "from": "1989592369", "to": "313568283", "length": 13.37, "culvert": false, "unmapped": false}}, {"type": "Feature", "geometry": {"type": "LineString", "coordinates": [[3.7802183, 50.8176723], [3.7800611, 50.8177311]]}, "properties": {"role": "edge", "from": "313568283", "to": "1989592371", "length": 12.83, "culvert": false, "unmapped": false}}, {"type": "Feature", "geometry": {"type": "LineString", "coordinates": [[3.7800611, 50.8177311], [3.779961, 50.817791]]}, "properties": {"role": "edge", "from": "1989592371", "to": "313568285", "length": 9.69, "culvert": false, "unmapped": false}}, {"type": "Feature", "geometry": {"type": "LineString", "coordinates": [[3.779961, 50.817791], [3.7799225, 50.8178537]]}, "properties": {"role": "edge", "from": "313568285", "to": "1989592373", "length": 7.48, "culvert": false, "unmapped": false}}, {"type": "Feature", "geometry": {"type": "LineString", "coordinates": [[3.7799225, 50.8178537], [3.7799423, 50.8178931]]}, "properties": {"role": "edge", "from": "1989592373", "to": "5095248453", "length": 4.6, "culvert": false, "unmapped": false}}, {"type": "Feature", "geometry": {"type": "LineString", "coordinates": [[3.7799423, 50.8178931], [3.7799742, 50.8179189]]}, "properties": {"role": "edge", "from": "5095248453", "to": "313568286", "length": 3.64, "culvert": false, "unmapped": false}}, {"type": "Feature", "geometry": {"type": "LineString", "coordinates": [[3.7799742, 50.8179189], [3.7800761, 50.8179929]]}, "properties": {"role": "edge", "from": "313568286", "to": "5095248452", "length": 10.91, "culvert": false, "unmapped": false}}, {"type": "Feature", "geometry": {"type": "LineString", "coordinates": [[3.7800761, 50.8179929], [3.7801678, 50.8180762]]}, "properties": {"role": "edge", "from": "5095248452", "to": "5095248451", "length": 11.28, "culvert": false, "unmapped": false}}, {"type": "Feature", "geometry": {"type": "LineString", "coordinates": [[3.7801678, 50.8180762], [3.780254, 50.8181569]]}, "properties": {"role": "edge", "from": "5095248451", "to": "1989592378", "length": 10.83, "culvert": false, "unmapped": false}}, {"type": "Feature", "geometry": {"type": "LineString", "coordinates": [[3.780254, 50.8181569], [3.7802422, 50.8181899]]}, "properties": {"role": "edge", "from": "1989592378", "to": "1989592379", "length": 3.76, "culvert": false, "unmapped": false}}, {"type": "Feature", "geometry": {"type": "LineString", "coordinates": [[3.7802422, 50.8181899], [3.7801649, 50.8183835]]}, "properties": {"role": "edge", "from": "1989592379", "to": "313568287", "length": 22.2, "culvert": false, "unmapped": false}}, {"type": "Feature", "geometry": {"type": "LineString", "coordinates": [[3.7801649, 50.8183835], [3.7800759, 50.8185506]]}, "properties": {"role": "edge", "from": "313568287", "to": "1989592389", "length": 19.6, "culvert": false, "unmapped": false}}, {"type": "Feature", "geometry": {"type": "LineString", "coordinates": [[3.7800759, 50.8185506], [3.7798726, 50.8185938]]}, "properties": {"role": "edge", "from": "1989592389", "to": "1989592390", "length": 15.07, "culvert": false, "unmapped": false}}, {"type": "Feature", "geometry": {"type": "LineString", "coordinates": [[3.7798726, 50.8185938], [3.7795585, 50.8188342]]}, "properties": {"role": "edge", "from": "1989592390", "to": "1989592405", "length": 34.66, "culvert": false, "unmapped": false}}, {"type": "Feature", "geometry": {"type": "LineString", "coordinates": [[3.7795585, 50.8188342], [3.7794423, 50.8188563]]}, "properties": {"role": "edge", "from": "1989592405", "to": "313568288", "length": 8.52, "culvert": false, "unmapped": false}}, {"type": "Feature", "geometry": {"type": "LineString", "coordinates": [[3.7794423, 50.8188563], [3.779191, 50.8188537]]}, "properties": {"role": "edge", "from": "313568288", "to": "313568289", "length": 17.66, "culvert": false, "unmapped": false}}, {"type": "Feature", "geometry": {"type": "LineString", "coordinates": [[3.779191, 50.8188537], [3.7791151, 50.8188879]]}, "properties": {"role": "edge", "from": "313568289", "to": "1989592408", "length": 6.55, "culvert": false, "unmapped": false}}, {"type": "Feature", "geometry": {"type": "LineString", "coordinates": [[3.7791151, 50.8188879], [3.7790744, 50.819091]]}, "properties": {"role": "edge", "from": "1989592408", "to": "1989592418", "length": 22.76, "culvert": false, "unmapped": false}}, {"type": "Feature", "geometry": {"type": "LineString", "coordinates": [[3.7790744, 50.819091], [3.7790496, 50.819315]]}, "properties": {"role": "edge", "from": "1989592418", "to": "313568290", "length": 24.97, "culvert": false, "unmapped": false}}, {"type": "Feature", "geometry": {"type": "LineString", "coordinates": [[3.7790496, 50.819315], [3.7788819, 50.8194216]]}, "properties": {"role": "edge", "from": "313568290", "to": "313568291", "length": 16.71, "culvert": false, "unmapped": false}}, {"type": "Feature", "geometry": {"type": "LineString", "coordinates": [[3.7788819, 50.8194216], [3.7788327, 50.8194486]]}, "properties": {"role": "edge", "from": "313568291", "to": "5095248485", "length": 4.58, "culvert": false, "unmapped": false}}, {"type": "Feature", "geometry": {"type": "LineString", "coordinates": [[3.7788327, 50.8194486], [3.7787309, 50.8195214]]}, "properties": {"role": "edge", "from": "5095248485", "to": "5095248484", "length": 10.8, "culvert": false, "unmapped": false}}, {"type": "Feature", "geometry": {"type": "LineString", "coordinates": [[3.7787309, 50.8195214], [3.778566, 50.8196345]]}, "properties": {"role": "edge", "from": "5095248484", "to": "5095248483", "length": 17.1, "culvert": false, "unmapped": false}}, {"type": "Feature", "geometry": {"type": "LineString", "coordinates": [[3.778566, 50.8196345], [3.7784311, 50.8196982]]}, "properties": {"role": "edge", "from": "5095248483", "to": "5095248480", "length": 11.83, "culvert": false, "unmapped": false}}, {"type": "Feature", "geometry": {"type": "LineString", "coordinates": [[3.7784311, 50.8196982], [3.7782687, 50.8197517]]}, "properties": {"role": "edge", "from": "5095248480", "to": "5095248481", "length": 12.87, "culvert": false, "unmapped": false}}, {"type": "Feature", "geometry": {"type": "LineString", "coordinates": [[3.7782687, 50.8197517], [3.7781261, 50.819823]]}, "properties": {"role": "edge", "from": "5095248481", "to": "5095248482", "length": 12.78, "culvert": false, "unmapped": false}}, {"type": "Feature", "geometry": {"type": "LineString", "coordinates": [[3.7781261, 50.819823], [3.778035, 50.819885]]}, "properties": {"role": "edge", "from": "5095248482", "to": "313568292", "length": 9.41, "culvert": false, "unmapped": false}}, {"type": "Feature", "geometry": {"type": "LineString", "coordinates": [[3.778035, 50.819885], [3.777749, 50.820064]]}, "properties": {"role": "edge", "from": "313568292", "to": "313568293", "length": 28.28, "culvert": false, "unmapped": false}}, {"type": "Feature", "geometry": {"type": "LineString", "coordinates": [[3.777749, 50.820064], [3.777297, 50.8199]]}, "properties": {"role": "edge", "from": "313568293", "to": "313568294", "length": 36.62, "culvert": false, "unmapped": false}}, {"type": "Feature", "geometry": {"type": "LineString", "coordinates": [[3.777297, 50.8199], [3.776589, 50.819805]]}, "properties": {"role": "edge", "from": "313568294", "to": "313568295", "length": 50.85, "culvert": false, "unmapped": false}}, {"type": "Feature", "geometry": {"type": "LineString", "coordinates": [[3.776589, 50.819805], [3.7755467, 50.8203928]]}, "properties": {"role": "edge", "from": "313568295", "to": "4583540474", "length": 98.15, "culvert": false, "unmapped": false}}, {"type": "Feature", "geometry": {"type": "LineString", "coordinates": [[3.7755467, 50.8203928], [3.775447, 50.820449]]}, "properties": {"role": "edge", "from": "4583540474", "to": "313568297", "length": 9.39, "culvert": false, "unmapped": false}}, {"type": "Feature", "geometry": {"type": "LineString", "coordinates": [[3.775447, 50.820449], [3.775189, 50.820697]]}, "properties": {"role": "edge", "from": "313568297", "to": "14162077330", "length": 33.0, "culvert": false, "unmapped": false}}, {"type": "Feature", "geometry": {"type": "LineString", "coordinates": [[3.775189, 50.820697], [3.775134, 50.8208477]]}, "properties": {"role": "edge", "from": "14162077330", "to": "14162077327", "length": 17.2, "culvert": false, "unmapped": false}}, {"type": "Feature", "geometry": {"type": "LineString", "coordinates": [[3.775134, 50.8208477], [3.7749416, 50.821375]]}, "properties": {"role": "edge", "from": "14162077327", "to": "14162077324", "length": 60.17, "culvert": false, "unmapped": false}}, {"type": "Feature", "geometry": {"type": "LineString", "coordinates": [[3.7749416, 50.821375], [3.774664, 50.822025]]}, "properties": {"role": "edge", "from": "14162077324", "to": "14162077321", "length": 74.86, "culvert": false, "unmapped": false}}, {"type": "Feature", "geometry": {"type": "LineString", "coordinates": [[3.774664, 50.822025], [3.7744717, 50.8226349]]}, "properties": {"role": "edge", "from": "14162077321", "to": "14162077318", "length": 69.15, "culvert": false, "unmapped": false}}, {"type": "Feature", "geometry": {"type": "LineString", "coordinates": [[3.7744717, 50.8226349], [3.7743494, 50.8229658]]}, "properties": {"role": "edge", "from": "14162077318", "to": "14162077315", "length": 37.78, "culvert": false, "unmapped": false}}, {"type": "Feature", "geometry": {"type": "LineString", "coordinates": [[3.7743494, 50.8229658], [3.7742301, 50.8232484]]}, "properties": {"role": "edge", "from": "14162077315", "to": "14162077311", "length": 32.52, "culvert": false, "unmapped": false}}, {"type": "Feature", "geometry": {"type": "LineString", "coordinates": [[3.7742301, 50.8232484], [3.7741589, 50.8235128]]}, "properties": {"role": "edge", "from": "14162077311", "to": "8176931943", "length": 29.82, "culvert": false, "unmapped": false}}, {"type": "Feature", "geometry": {"type": "LineString", "coordinates": [[3.7776988, 50.8121751], [3.777882, 50.812236]]}, "properties": {"role": "edge", "from": "1989697459", "to": "304873466", "length": 14.54, "culvert": false, "unmapped": false}}, {"type": "Feature", "geometry": {"type": "LineString", "coordinates": [[3.777882, 50.812236], [3.7780737, 50.8123488]]}, "properties": {"role": "edge", "from": "304873466", "to": "304873469", "length": 18.4, "culvert": false, "unmapped": false}}, {"type": "Feature", "geometry": {"type": "LineString", "coordinates": [[3.7780737, 50.8123488], [3.779151, 50.8129]]}, "properties": {"role": "edge", "from": "304873469", "to": "304873471", "length": 97.39, "culvert": false, "unmapped": false}}, {"type": "Feature", "geometry": {"type": "LineString", "coordinates": [[3.779151, 50.8129], [3.7793155, 50.8129869]]}, "properties": {"role": "edge", "from": "304873471", "to": "3894056173", "length": 15.06, "culvert": false, "unmapped": false}}, {"type": "Feature", "geometry": {"type": "LineString", "coordinates": [[3.7793155, 50.8129869], [3.7793591, 50.8130265]]}, "properties": {"role": "edge", "from": "3894056173", "to": "4783691786", "length": 5.36, "culvert": false, "unmapped": false}}, {"type": "Feature", "geometry": {"type": "LineString", "coordinates": [[3.7793591, 50.8130265], [3.7794123, 50.8130736]]}, "properties": {"role": "edge", "from": "4783691786", "to": "4783691785", "length": 6.43, "culvert": false, "unmapped": false}}, {"type": "Feature", "geometry": {"type": "LineString", "coordinates": [[3.7794123, 50.8130736], [3.779475, 50.8130998]]}, "properties": {"role": "edge", "from": "4783691785", "to": "4783691784", "length": 5.28, "culvert": false, "unmapped": false}}, {"type": "Feature", "geometry": {"type": "LineString", "coordinates": [[3.779475, 50.8130998], [3.7796045, 50.8132021]]}, "properties": {"role": "edge", "from": "4783691784", "to": "3894056174", "length": 14.57, "culvert": false, "unmapped": false}}, {"type": "Feature", "geometry": {"type": "LineString", "coordinates": [[3.7796045, 50.8132021], [3.7796858, 50.8132721]]}, "properties": {"role": "edge", "from": "3894056174", "to": "4783691783", "length": 9.65, "culvert": false, "unmapped": false}}, {"type": "Feature", "geometry": {"type": "LineString", "coordinates": [[3.7796858, 50.8132721], [3.7797612, 50.8133284]]}, "properties": {"role": "edge", "from": "4783691783", "to": "304873473", "length": 8.2, "culvert": false, "unmapped": false}}, {"type": "Feature", "geometry": {"type": "LineString", "coordinates": [[3.7797612, 50.8133284], [3.7798194, 50.8134093]]}, "properties": {"role": "edge", "from": "304873473", "to": "4783691782", "length": 9.88, "culvert": false, "unmapped": false}}, {"type": "Feature", "geometry": {"type": "LineString", "coordinates": [[3.7798194, 50.8134093], [3.779874, 50.8134712]]}, "properties": {"role": "edge", "from": "4783691782", "to": "4783691781", "length": 7.88, "culvert": false, "unmapped": false}}, {"type": "Feature", "geometry": {"type": "LineString", "coordinates": [[3.779874, 50.8134712], [3.7799191, 50.8135106]]}, "properties": {"role": "edge", "from": "4783691781", "to": "4783691780", "length": 5.41, "culvert": false, "unmapped": false}}, {"type": "Feature", "geometry": {"type": "LineString", "coordinates": [[3.7799191, 50.8135106], [3.7799903, 50.8135498]]}, "properties": {"role": "edge", "from": "4783691780", "to": "4783691779", "length": 6.64, "culvert": false, "unmapped": false}}, {"type": "Feature", "geometry": {"type": "LineString", "coordinates": [[3.7799903, 50.8135498], [3.7800604, 50.8135822]]}, "properties": {"role": "edge", "from": "4783691779", "to": "4783691778", "length": 6.1, "culvert": false, "unmapped": false}}, {"type": "Feature", "geometry": {"type": "LineString", "coordinates": [[3.7800604, 50.8135822], [3.7801023, 50.8136271]]}, "properties": {"role": "edge", "from": "4783691778", "to": "4783691777", "length": 5.8, "culvert": false, "unmapped": false}}, {"type": "Feature", "geometry": {"type": "LineString", "coordinates": [[3.7801023, 50.8136271], [3.7801454, 50.8136905]]}, "properties": {"role": "edge", "from": "4783691777", "to": "4783691776", "length": 7.67, "culvert": false, "unmapped": false}}, {"type": "Feature", "geometry": {"type": "LineString", "coordinates": [[3.7801454, 50.8136905], [3.7801926, 50.8137337]]}, "properties": {"role": "edge", "from": "4783691776", "to": "4783691775", "length": 5.84, "culvert": false, "unmapped": false}}, {"type": "Feature", "geometry": {"type": "LineString", "coordinates": [[3.7801926, 50.8137337], [3.780246, 50.813781]]}, "properties": {"role": "edge", "from": "4783691775", "to": "304873476", "length": 6.46, "culvert": false, "unmapped": false}}, {"type": "Feature", "geometry": {"type": "LineString", "coordinates": [[3.780246, 50.813781], [3.7802901, 50.8138131]]}, "properties": {"role": "edge", "from": "304873476", "to": "4783691774", "length": 4.73, "culvert": false, "unmapped": false}}, {"type": "Feature", "geometry": {"type": "LineString", "coordinates": [[3.7802901, 50.8138131], [3.7803912, 50.8138599]]}, "properties": {"role": "edge", "from": "4783691774", "to": "4783691773", "length": 8.81, "culvert": false, "unmapped": false}}, {"type": "Feature", "geometry": {"type": "LineString", "coordinates": [[3.7803912, 50.8138599], [3.780481, 50.813896]]}, "properties": {"role": "edge", "from": "4783691773", "to": "304873477", "length": 7.48, "culvert": false, "unmapped": false}}, {"type": "Feature", "geometry": {"type": "LineString", "coordinates": [[3.780481, 50.813896], [3.7805283, 50.813938]]}, "properties": {"role": "edge", "from": "304873477", "to": "4783691772", "length": 5.73, "culvert": false, "unmapped": false}}, {"type": "Feature", "geometry": {"type": "LineString", "coordinates": [[3.7805283, 50.813938], [3.7805759, 50.8139992]]}, "properties": {"role": "edge", "from": "4783691772", "to": "4783691771", "length": 7.58, "culvert": false, "unmapped": false}}, {"type": "Feature", "geometry": {"type": "LineString", "coordinates": [[3.7805759, 50.8139992], [3.7806072, 50.8140729]]}, "properties": {"role": "edge", "from": "4783691771", "to": "4783691770", "length": 8.48, "culvert": false, "unmapped": false}}, {"type": "Feature", "geometry": {"type": "LineString", "coordinates": [[3.7806072, 50.8140729], [3.7806381, 50.8141493]]}, "properties": {"role": "edge", "from": "4783691770", "to": "4783691769", "length": 8.77, "culvert": false, "unmapped": false}}, {"type": "Feature", "geometry": {"type": "LineString", "coordinates": [[3.7806381, 50.8141493], [3.780677, 50.8142033]]}, "properties": {"role": "edge", "from": "4783691769", "to": "4783691768", "length": 6.6, "culvert": false, "unmapped": false}}, {"type": "Feature", "geometry": {"type": "LineString", "coordinates": [[3.780677, 50.8142033], [3.7807157, 50.8142361]]}, "properties": {"role": "edge", "from": "4783691768", "to": "4783691767", "length": 4.55, "culvert": false, "unmapped": false}}, {"type": "Feature", "geometry": {"type": "LineString", "coordinates": [[3.7807157, 50.8142361], [3.7807588, 50.8142847]]}, "properties": {"role": "edge", "from": "4783691767", "to": "4783691766", "length": 6.19, "culvert": false, "unmapped": false}}, {"type": "Feature", "geometry": {"type": "LineString", "coordinates": [[3.771799, 50.8066122], [3.7720908, 50.8068244]]}, "properties": {"role": "edge", "from": "3894363146", "to": "3894363147", "length": 31.26, "culvert": false, "unmapped": false}}, {"type": "Feature", "geometry": {"type": "LineString", "coordinates": [[3.7720908, 50.8068244], [3.7726069, 50.8072091]]}, "properties": {"role": "edge", "from": "3894363147", "to": "3894363148", "length": 56.08, "culvert": false, "unmapped": false}}, {"type": "Feature", "geometry": {"type": "LineString", "coordinates": [[3.7731789, 50.8085367], [3.7732186, 50.8086289]]}, "properties": {"role": "edge", "from": "7475441681", "to": "304873709", "length": 10.62, "culvert": false, "unmapped": false}}, {"type": "Feature", "geometry": {"type": "LineString", "coordinates": [[3.7582791, 50.7929152], [3.7582147, 50.792927]]}, "properties": {"role": "edge", "from": "8222518955", "to": "8222518956", "length": 4.71, "culvert": true, "unmapped": false}}, {"type": "Feature", "geometry": {"type": "LineString", "coordinates": [[3.7582147, 50.792927], [3.757976, 50.7930983]]}, "properties": {"role": "edge", "from": "8222518956", "to": "8222518957", "length": 25.38, "culvert": true, "unmapped": false}}, {"type": "Feature", "geometry": {"type": "LineString", "coordinates": [[3.757976, 50.7930983], [3.758212, 50.7933679]]}, "properties": {"role": "edge", "from": "8222518957", "to": "8222518958", "length": 34.26, "culvert": true, "unmapped": false}}, {"type": "Feature", "geometry": {"type": "LineString", "coordinates": [[3.758212, 50.7933679], [3.7583005, 50.7934645]]}, "properties": {"role": "edge", "from": "8222518958", "to": "8222518959", "length": 12.41, "culvert": true, "unmapped": false}}, {"type": "Feature", "geometry": {"type": "LineString", "coordinates": [[3.7583005, 50.7934645], [3.7589523, 50.7945225]]}, "properties": {"role": "edge", "from": "8222518959", "to": "8222518960", "length": 126.25, "culvert": true, "unmapped": false}}, {"type": "Feature", "geometry": {"type": "LineString", "coordinates": [[3.7589523, 50.7945225], [3.7590247, 50.7946581]]}, "properties": {"role": "edge", "from": "8222518960", "to": "8222518961", "length": 15.91, "culvert": true, "unmapped": false}}, {"type": "Feature", "geometry": {"type": "LineString", "coordinates": [[3.7590247, 50.7946581], [3.7604879, 50.7957966]]}, "properties": {"role": "edge", "from": "8222518961", "to": "8222518962", "length": 163.1, "culvert": true, "unmapped": false}}, {"type": "Feature", "geometry": {"type": "LineString", "coordinates": [[3.7604879, 50.7957966], [3.7609948, 50.7961924]]}, "properties": {"role": "edge", "from": "8222518962", "to": "8222518963", "length": 56.62, "culvert": true, "unmapped": false}}, {"type": "Feature", "geometry": {"type": "LineString", "coordinates": [[3.7609948, 50.7961924], [3.7614454, 50.7965434]]}, "properties": {"role": "edge", "from": "8222518963", "to": "8222518964", "length": 50.26, "culvert": true, "unmapped": false}}, {"type": "Feature", "geometry": {"type": "LineString", "coordinates": [[3.7614454, 50.7965434], [3.7615044, 50.7966773]]}, "properties": {"role": "edge", "from": "8222518964", "to": "8222518965", "length": 15.46, "culvert": true, "unmapped": false}}, {"type": "Feature", "geometry": {"type": "LineString", "coordinates": [[3.7615044, 50.7966773], [3.7616452, 50.7968423]]}, "properties": {"role": "edge", "from": "8222518965", "to": "3894363088", "length": 20.85, "culvert": true, "unmapped": false}}, {"type": "Feature", "geometry": {"type": "LineString", "coordinates": [[3.7588772, 50.7927812], [3.7588316, 50.7928134]]}, "properties": {"role": "edge", "from": "8222518953", "to": "8222518954", "length": 4.81, "culvert": false, "unmapped": false}}, {"type": "Feature", "geometry": {"type": "LineString", "coordinates": [[3.7588316, 50.7928134], [3.7582791, 50.7929152]]}, "properties": {"role": "edge", "from": "8222518954", "to": "8222518955", "length": 40.45, "culvert": false, "unmapped": false}}, {"type": "Feature", "geometry": {"type": "LineString", "coordinates": [[3.7676454, 50.8026446], [3.7678964, 50.8027845]]}, "properties": {"role": "edge", "from": "8222518966", "to": "4783743222", "length": 23.52, "culvert": false, "unmapped": false}}, {"type": "Feature", "geometry": {"type": "LineString", "coordinates": [[3.7678964, 50.8027845], [3.7679573, 50.8028049]]}, "properties": {"role": "edge", "from": "4783743222", "to": "4783743223", "length": 4.84, "culvert": false, "unmapped": false}}, {"type": "Feature", "geometry": {"type": "LineString", "coordinates": [[3.7679573, 50.8028049], [3.7680346, 50.8028597]]}, "properties": {"role": "edge", "from": "4783743223", "to": "3894363133", "length": 8.16, "culvert": false, "unmapped": false}}, {"type": "Feature", "geometry": {"type": "LineString", "coordinates": [[3.7680346, 50.8028597], [3.7680423, 50.8029006]]}, "properties": {"role": "edge", "from": "3894363133", "to": "3894363134", "length": 4.58, "culvert": false, "unmapped": false}}, {"type": "Feature", "geometry": {"type": "LineString", "coordinates": [[3.7680423, 50.8029006], [3.7682963, 50.8032072]]}, "properties": {"role": "edge", "from": "3894363134", "to": "3894363135", "length": 38.48, "culvert": false, "unmapped": false}}, {"type": "Feature", "geometry": {"type": "LineString", "coordinates": [[3.7706897, 50.8055188], [3.770746, 50.8055635]]}, "properties": {"role": "edge", "from": "8222518971", "to": "8222518972", "length": 6.35, "culvert": true, "unmapped": false}}, {"type": "Feature", "geometry": {"type": "LineString", "coordinates": [[3.770746, 50.8055635], [3.7708718, 50.8056548]]}, "properties": {"role": "edge", "from": "8222518972", "to": "3894363139", "length": 13.46, "culvert": false, "unmapped": false}}, {"type": "Feature", "geometry": {"type": "LineString", "coordinates": [[3.770686, 50.8055158], [3.7706897, 50.8055188]]}, "properties": {"role": "edge", "from": "8222518970", "to": "8222518971", "length": 0.42, "culvert": false, "unmapped": false}}, {"type": "Feature", "geometry": {"type": "LineString", "coordinates": [[3.7708718, 50.8056548], [3.7710955, 50.8057896]]}, "properties": {"role": "edge", "from": "3894363139", "to": "3894363140", "length": 21.72, "culvert": true, "unmapped": false}}, {"type": "Feature", "geometry": {"type": "LineString", "coordinates": [[3.7710955, 50.8057896], [3.7711806, 50.8058388]]}, "properties": {"role": "edge", "from": "3894363140", "to": "3894363141", "length": 8.1, "culvert": false, "unmapped": false}}, {"type": "Feature", "geometry": {"type": "LineString", "coordinates": [[3.7711806, 50.8058388], [3.7711932, 50.805863]]}, "properties": {"role": "edge", "from": "3894363141", "to": "3894363142", "length": 2.83, "culvert": false, "unmapped": false}}, {"type": "Feature", "geometry": {"type": "LineString", "coordinates": [[3.7711932, 50.805863], [3.7711845, 50.8059242]]}, "properties": {"role": "edge", "from": "3894363142", "to": "3894363143", "length": 6.83, "culvert": false, "unmapped": false}}, {"type": "Feature", "geometry": {"type": "LineString", "coordinates": [[3.7529617, 50.7892935], [3.7529857, 50.7893587]]}, "properties": {"role": "edge", "from": "3894363044", "to": "8222509604", "length": 7.44, "culvert": true, "unmapped": false}}, {"type": "Feature", "geometry": {"type": "LineString", "coordinates": [[3.7525341, 50.7890426], [3.7526044, 50.7890482]]}, "properties": {"role": "edge", "from": "3894363038", "to": "3894363040", "length": 4.98, "culvert": false, "unmapped": false}}, {"type": "Feature", "geometry": {"type": "LineString", "coordinates": [[3.7526044, 50.7890482], [3.7527123, 50.7890958]]}, "properties": {"role": "edge", "from": "3894363040", "to": "3894363042", "length": 9.25, "culvert": false, "unmapped": false}}, {"type": "Feature", "geometry": {"type": "LineString", "coordinates": [[3.7527123, 50.7890958], [3.7529077, 50.789227]]}, "properties": {"role": "edge", "from": "3894363042", "to": "3894363043", "length": 20.04, "culvert": false, "unmapped": false}}, {"type": "Feature", "geometry": {"type": "LineString", "coordinates": [[3.7529077, 50.789227], [3.7529617, 50.7892935]]}, "properties": {"role": "edge", "from": "3894363043", "to": "3894363044", "length": 8.31, "culvert": false, "unmapped": false}}, {"type": "Feature", "geometry": {"type": "LineString", "coordinates": [[3.7511538, 50.7873579], [3.7511653, 50.7874069]]}, "properties": {"role": "edge", "from": "8224516087", "to": "3894363022", "length": 5.51, "culvert": false, "unmapped": false}}, {"type": "Feature", "geometry": {"type": "LineString", "coordinates": [[3.7511653, 50.7874069], [3.7512329, 50.7874554]]}, "properties": {"role": "edge", "from": "3894363022", "to": "8224516086", "length": 7.19, "culvert": false, "unmapped": false}}, {"type": "Feature", "geometry": {"type": "LineString", "coordinates": [[3.7512329, 50.7874554], [3.7512195, 50.7875296]]}, "properties": {"role": "edge", "from": "8224516086", "to": "3894363023", "length": 8.3, "culvert": false, "unmapped": false}}, {"type": "Feature", "geometry": {"type": "LineString", "coordinates": [[3.7512195, 50.7875296], [3.7512116, 50.7876011]]}, "properties": {"role": "edge", "from": "3894363023", "to": "3894363024", "length": 7.97, "culvert": false, "unmapped": false}}, {"type": "Feature", "geometry": {"type": "LineString", "coordinates": [[3.7512116, 50.7876011], [3.7512432, 50.7876669]]}, "properties": {"role": "edge", "from": "3894363024", "to": "3894363025", "length": 7.65, "culvert": false, "unmapped": false}}, {"type": "Feature", "geometry": {"type": "LineString", "coordinates": [[3.7512432, 50.7876669], [3.7511906, 50.7877243]]}, "properties": {"role": "edge", "from": "3894363025", "to": "3894363026", "length": 7.38, "culvert": false, "unmapped": false}}, {"type": "Feature", "geometry": {"type": "LineString", "coordinates": [[3.7511906, 50.7877243], [3.7510939, 50.787782]]}, "properties": {"role": "edge", "from": "3894363026", "to": "3894363027", "length": 9.35, "culvert": false, "unmapped": false}}, {"type": "Feature", "geometry": {"type": "LineString", "coordinates": [[3.7510939, 50.787782], [3.7510963, 50.7878188]]}, "properties": {"role": "edge", "from": "3894363027", "to": "3894363028", "length": 4.1, "culvert": false, "unmapped": false}}, {"type": "Feature", "geometry": {"type": "LineString", "coordinates": [[3.7510963, 50.7878188], [3.7511451, 50.7878693]]}, "properties": {"role": "edge", "from": "3894363028", "to": "3894363029", "length": 6.58, "culvert": false, "unmapped": false}}, {"type": "Feature", "geometry": {"type": "LineString", "coordinates": [[3.7511451, 50.7878693], [3.7511551, 50.7879403]]}, "properties": {"role": "edge", "from": "3894363029", "to": "8224516085", "length": 7.93, "culvert": false, "unmapped": false}}, {"type": "Feature", "geometry": {"type": "LineString", "coordinates": [[3.7511551, 50.7879403], [3.7511717, 50.7880252]]}, "properties": {"role": "edge", "from": "8224516085", "to": "3894363030", "length": 9.51, "culvert": false, "unmapped": false}}, {"type": "Feature", "geometry": {"type": "LineString", "coordinates": [[3.7511717, 50.7880252], [3.7512284, 50.7880739]]}, "properties": {"role": "edge", "from": "3894363030", "to": "5302045696", "length": 6.72, "culvert": false, "unmapped": false}}, {"type": "Feature", "geometry": {"type": "LineString", "coordinates": [[3.7512284, 50.7880739], [3.7512626, 50.7881102]]}, "properties": {"role": "edge", "from": "5302045696", "to": "5302045697", "length": 4.7, "culvert": false, "unmapped": false}}, {"type": "Feature", "geometry": {"type": "LineString", "coordinates": [[3.7512626, 50.7881102], [3.7512911, 50.7881392]]}, "properties": {"role": "edge", "from": "5302045697", "to": "5302045698", "length": 3.8, "culvert": false, "unmapped": false}}, {"type": "Feature", "geometry": {"type": "LineString", "coordinates": [[3.7512911, 50.7881392], [3.7512962, 50.7881891]]}, "properties": {"role": "edge", "from": "5302045698", "to": "3894363031", "length": 5.56, "culvert": false, "unmapped": false}}, {"type": "Feature", "geometry": {"type": "LineString", "coordinates": [[3.7512962, 50.7881891], [3.7513368, 50.7882332]]}, "properties": {"role": "edge", "from": "3894363031", "to": "5302045695", "length": 5.67, "culvert": false, "unmapped": false}}, {"type": "Feature", "geometry": {"type": "LineString", "coordinates": [[3.7513368, 50.7882332], [3.7513656, 50.7882609]]}, "properties": {"role": "edge", "from": "5302045695", "to": "3894363032", "length": 3.69, "culvert": false, "unmapped": false}}, {"type": "Feature", "geometry": {"type": "LineString", "coordinates": [[3.7513656, 50.7882609], [3.7514094, 50.7882927]]}, "properties": {"role": "edge", "from": "3894363032", "to": "5302045694", "length": 4.69, "culvert": false, "unmapped": false}}, {"type": "Feature", "geometry": {"type": "LineString", "coordinates": [[3.7514094, 50.7882927], [3.7514582, 50.7883158]]}, "properties": {"role": "edge", "from": "5302045694", "to": "5302045693", "length": 4.29, "culvert": false, "unmapped": false}}, {"type": "Feature", "geometry": {"type": "LineString", "coordinates": [[3.7514582, 50.7883158], [3.7514824, 50.7883367]]}, "properties": {"role": "edge", "from": "5302045693", "to": "5302045692", "length": 2.88, "culvert": false, "unmapped": false}}, {"type": "Feature", "geometry": {"type": "LineString", "coordinates": [[3.7514824, 50.7883367], [3.751485, 50.7883601]]}, "properties": {"role": "edge", "from": "5302045692", "to": "5302045691", "length": 2.61, "culvert": false, "unmapped": false}}, {"type": "Feature", "geometry": {"type": "LineString", "coordinates": [[3.751485, 50.7883601], [3.7515055, 50.7883788]]}, "properties": {"role": "edge", "from": "5302045691", "to": "5302045690", "length": 2.53, "culvert": false, "unmapped": false}}, {"type": "Feature", "geometry": {"type": "LineString", "coordinates": [[3.7515055, 50.7883788], [3.7515439, 50.7883957]]}, "properties": {"role": "edge", "from": "5302045690", "to": "3894363033", "length": 3.29, "culvert": false, "unmapped": false}}, {"type": "Feature", "geometry": {"type": "LineString", "coordinates": [[3.7515439, 50.7883957], [3.7515621, 50.7884093]]}, "properties": {"role": "edge", "from": "3894363033", "to": "5302045700", "length": 1.98, "culvert": false, "unmapped": false}}, {"type": "Feature", "geometry": {"type": "LineString", "coordinates": [[3.7515621, 50.7884093], [3.7516249, 50.7884294]]}, "properties": {"role": "edge", "from": "5302045700", "to": "5302045689", "length": 4.95, "culvert": false, "unmapped": false}}, {"type": "Feature", "geometry": {"type": "LineString", "coordinates": [[3.7516249, 50.7884294], [3.7516732, 50.7884456]]}, "properties": {"role": "edge", "from": "5302045689", "to": "5302045699", "length": 3.84, "culvert": false, "unmapped": false}}, {"type": "Feature", "geometry": {"type": "LineString", "coordinates": [[3.7516732, 50.7884456], [3.7517471, 50.7884748]]}, "properties": {"role": "edge", "from": "5302045699", "to": "5302045688", "length": 6.13, "culvert": false, "unmapped": false}}, {"type": "Feature", "geometry": {"type": "LineString", "coordinates": [[3.7517471, 50.7884748], [3.751871, 50.7885157]]}, "properties": {"role": "edge", "from": "5302045688", "to": "3894363034", "length": 9.83, "culvert": false, "unmapped": false}}, {"type": "Feature", "geometry": {"type": "LineString", "coordinates": [[3.7483107, 50.7826436], [3.7483107, 50.7826826]]}, "properties": {"role": "edge", "from": "8224478190", "to": "8224478191", "length": 4.34, "culvert": true, "unmapped": false}}, {"type": "Feature", "geometry": {"type": "LineString", "coordinates": [[3.7463044, 50.7812055], [3.74635, 50.7812436]]}, "properties": {"role": "edge", "from": "8225129178", "to": "8225129177", "length": 5.31, "culvert": false, "unmapped": false}}, {"type": "Feature", "geometry": {"type": "LineString", "coordinates": [[3.74635, 50.7812436], [3.7463795, 50.7812623]]}, "properties": {"role": "edge", "from": "8225129177", "to": "8225129176", "length": 2.94, "culvert": false, "unmapped": false}}, {"type": "Feature", "geometry": {"type": "LineString", "coordinates": [[3.7463795, 50.7812623], [3.746409, 50.7812564]]}, "properties": {"role": "edge", "from": "8225129176", "to": "8225129175", "length": 2.18, "culvert": false, "unmapped": false}}, {"type": "Feature", "geometry": {"type": "LineString", "coordinates": [[3.746409, 50.7812564], [3.7464599, 50.7812097]]}, "properties": {"role": "edge", "from": "8225129175", "to": "8225129174", "length": 6.31, "culvert": false, "unmapped": false}}, {"type": "Feature", "geometry": {"type": "LineString", "coordinates": [[3.7464599, 50.7812097], [3.7465612, 50.78122]]}, "properties": {"role": "edge", "from": "8225129174", "to": "3894362994", "length": 7.21, "culvert": false, "unmapped": false}}, {"type": "Feature", "geometry": {"type": "LineString", "coordinates": [[3.7465612, 50.78122], [3.7466477, 50.7812224]]}, "properties": {"role": "edge", "from": "3894362994", "to": "8225129173", "length": 6.09, "culvert": false, "unmapped": false}}, {"type": "Feature", "geometry": {"type": "LineString", "coordinates": [[3.7466477, 50.7812224], [3.7466933, 50.7812123]]}, "properties": {"role": "edge", "from": "8225129173", "to": "8225129172", "length": 3.4, "culvert": false, "unmapped": false}}, {"type": "Feature", "geometry": {"type": "LineString", "coordinates": [[3.7466933, 50.7812123], [3.7467952, 50.7812174]]}, "properties": {"role": "edge", "from": "8225129172", "to": "8225129171", "length": 7.19, "culvert": false, "unmapped": false}}, {"type": "Feature", "geometry": {"type": "LineString", "coordinates": [[3.7467952, 50.7812174], [3.746843, 50.7812448]]}, "properties": {"role": "edge", "from": "8225129171", "to": "3894362995", "length": 4.54, "culvert": false, "unmapped": false}}, {"type": "Feature", "geometry": {"type": "LineString", "coordinates": [[3.746843, 50.7812448], [3.7468475, 50.7812852]]}, "properties": {"role": "edge", "from": "3894362995", "to": "8225129170", "length": 4.5, "culvert": false, "unmapped": false}}, {"type": "Feature", "geometry": {"type": "LineString", "coordinates": [[3.7468475, 50.7812852], [3.7469441, 50.7813361]]}, "properties": {"role": "edge", "from": "8225129170", "to": "8225129169", "length": 8.84, "culvert": false, "unmapped": false}}, {"type": "Feature", "geometry": {"type": "LineString", "coordinates": [[3.7469441, 50.7813361], [3.7472696, 50.7815531]]}, "properties": {"role": "edge", "from": "8225129169", "to": "3894362996", "length": 33.26, "culvert": false, "unmapped": false}}, {"type": "Feature", "geometry": {"type": "LineString", "coordinates": [[3.7472696, 50.7815531], [3.7473947, 50.7816456]]}, "properties": {"role": "edge", "from": "3894362996", "to": "8225129168", "length": 13.53, "culvert": false, "unmapped": false}}, {"type": "Feature", "geometry": {"type": "LineString", "coordinates": [[3.7473947, 50.7816456], [3.7474564, 50.7816846]]}, "properties": {"role": "edge", "from": "8225129168", "to": "8225129167", "length": 6.13, "culvert": false, "unmapped": false}}, {"type": "Feature", "geometry": {"type": "LineString", "coordinates": [[3.7474564, 50.7816846], [3.7475484, 50.7817122]]}, "properties": {"role": "edge", "from": "8225129167", "to": "3894362997", "length": 7.16, "culvert": false, "unmapped": false}}, {"type": "Feature", "geometry": {"type": "LineString", "coordinates": [[3.7475484, 50.7817122], [3.7475932, 50.7817609]]}, "properties": {"role": "edge", "from": "3894362997", "to": "8225129166", "length": 6.26, "culvert": false, "unmapped": false}}, {"type": "Feature", "geometry": {"type": "LineString", "coordinates": [[3.7475932, 50.7817609], [3.7476951, 50.7818067]]}, "properties": {"role": "edge", "from": "8225129166", "to": "8225129165", "length": 8.79, "culvert": false, "unmapped": false}}, {"type": "Feature", "geometry": {"type": "LineString", "coordinates": [[3.7476951, 50.7818067], [3.7477353, 50.7818508]]}, "properties": {"role": "edge", "from": "8225129165", "to": "8225129164", "length": 5.66, "culvert": false, "unmapped": false}}, {"type": "Feature", "geometry": {"type": "LineString", "coordinates": [[3.7477353, 50.7818508], [3.7478185, 50.7818609]]}, "properties": {"role": "edge", "from": "8225129164", "to": "8225129163", "length": 5.96, "culvert": false, "unmapped": false}}, {"type": "Feature", "geometry": {"type": "LineString", "coordinates": [[3.7478185, 50.7818609], [3.747915, 50.7819288]]}, "properties": {"role": "edge", "from": "8225129163", "to": "8225129162", "length": 10.15, "culvert": false, "unmapped": false}}, {"type": "Feature", "geometry": {"type": "LineString", "coordinates": [[3.747915, 50.7819288], [3.7480506, 50.782088]]}, "properties": {"role": "edge", "from": "8225129162", "to": "3894362998", "length": 20.11, "culvert": false, "unmapped": false}}, {"type": "Feature", "geometry": {"type": "LineString", "coordinates": [[3.7480506, 50.782088], [3.7481752, 50.7821967]]}, "properties": {"role": "edge", "from": "3894362998", "to": "8224478189", "length": 14.93, "culvert": false, "unmapped": false}}, {"type": "Feature", "geometry": {"type": "LineString", "coordinates": [[3.7481752, 50.7821967], [3.7482804, 50.7823187]]}, "properties": {"role": "edge", "from": "8224478189", "to": "3894362999", "length": 15.45, "culvert": false, "unmapped": false}}, {"type": "Feature", "geometry": {"type": "LineString", "coordinates": [[3.7482804, 50.7823187], [3.7483107, 50.7826436]]}, "properties": {"role": "edge", "from": "3894362999", "to": "8224478190", "length": 36.19, "culvert": false, "unmapped": false}}, {"type": "Feature", "geometry": {"type": "LineString", "coordinates": [[3.7558866, 50.7905813], [3.7560073, 50.7906135]]}, "properties": {"role": "edge", "from": "8224526496", "to": "8224526495", "length": 9.21, "culvert": false, "unmapped": false}}, {"type": "Feature", "geometry": {"type": "LineString", "coordinates": [[3.7560073, 50.7906135], [3.7560488, 50.7906347]]}, "properties": {"role": "edge", "from": "8224526495", "to": "8224526494", "length": 3.75, "culvert": false, "unmapped": false}}, {"type": "Feature", "geometry": {"type": "LineString", "coordinates": [[3.7560488, 50.7906347], [3.7561199, 50.7906525]]}, "properties": {"role": "edge", "from": "8224526494", "to": "8224526493", "length": 5.38, "culvert": false, "unmapped": false}}, {"type": "Feature", "geometry": {"type": "LineString", "coordinates": [[3.7561199, 50.7906525], [3.7562311, 50.7906745]]}, "properties": {"role": "edge", "from": "8224526493", "to": "3894363078", "length": 8.19, "culvert": false, "unmapped": false}}, {"type": "Feature", "geometry": {"type": "LineString", "coordinates": [[3.7562311, 50.7906745], [3.7563144, 50.7906957]]}, "properties": {"role": "edge", "from": "3894363078", "to": "8224526481", "length": 6.31, "culvert": false, "unmapped": false}}, {"type": "Feature", "geometry": {"type": "LineString", "coordinates": [[3.7563144, 50.7906957], [3.7564123, 50.7907042]]}, "properties": {"role": "edge", "from": "8224526481", "to": "8224526482", "length": 6.95, "culvert": false, "unmapped": false}}, {"type": "Feature", "geometry": {"type": "LineString", "coordinates": [[3.7564123, 50.7907042], [3.7565115, 50.7907322]]}, "properties": {"role": "edge", "from": "8224526482", "to": "8224526480", "length": 7.64, "culvert": false, "unmapped": false}}, {"type": "Feature", "geometry": {"type": "LineString", "coordinates": [[3.7565115, 50.7907322], [3.7565678, 50.7907262]]}, "properties": {"role": "edge", "from": "8224526480", "to": "8224526479", "length": 4.01, "culvert": false, "unmapped": false}}, {"type": "Feature", "geometry": {"type": "LineString", "coordinates": [[3.7565678, 50.7907262], [3.7566362, 50.7907627]]}, "properties": {"role": "edge", "from": "8224526479", "to": "8224526478", "length": 6.29, "culvert": false, "unmapped": false}}, {"type": "Feature", "geometry": {"type": "LineString", "coordinates": [[3.7566362, 50.7907627], [3.7567408, 50.7908059]]}, "properties": {"role": "edge", "from": "8224526478", "to": "8224526477", "length": 8.78, "culvert": false, "unmapped": false}}, {"type": "Feature", "geometry": {"type": "LineString", "coordinates": [[3.7567408, 50.7908059], [3.756828, 50.7908424]]}, "properties": {"role": "edge", "from": "8224526477", "to": "8224526476", "length": 7.35, "culvert": false, "unmapped": false}}, {"type": "Feature", "geometry": {"type": "LineString", "coordinates": [[3.756828, 50.7908424], [3.7568535, 50.7908678]]}, "properties": {"role": "edge", "from": "8224526476", "to": "8224526475", "length": 3.35, "culvert": false, "unmapped": false}}, {"type": "Feature", "geometry": {"type": "LineString", "coordinates": [[3.7568535, 50.7908678], [3.7568954, 50.7909087]]}, "properties": {"role": "edge", "from": "8224526475", "to": "3894363079", "length": 5.42, "culvert": false, "unmapped": false}}, {"type": "Feature", "geometry": {"type": "LineString", "coordinates": [[3.7568954, 50.7909087], [3.7569474, 50.7909297]]}, "properties": {"role": "edge", "from": "3894363079", "to": "8224526474", "length": 4.34, "culvert": false, "unmapped": false}}, {"type": "Feature", "geometry": {"type": "LineString", "coordinates": [[3.7569474, 50.7909297], [3.7570171, 50.7909382]]}, "properties": {"role": "edge", "from": "8224526474", "to": "8224526473", "length": 4.99, "culvert": false, "unmapped": false}}, {"type": "Feature", "geometry": {"type": "LineString", "coordinates": [[3.7570171, 50.7909382], [3.7570895, 50.7909704]]}, "properties": {"role": "edge", "from": "8224526473", "to": "8224526472", "length": 6.22, "culvert": false, "unmapped": false}}, {"type": "Feature", "geometry": {"type": "LineString", "coordinates": [[3.7570895, 50.7909704], [3.7571472, 50.7909865]]}, "properties": {"role": "edge", "from": "8224526472", "to": "8224526471", "length": 4.43, "culvert": false, "unmapped": false}}, {"type": "Feature", "geometry": {"type": "LineString", "coordinates": [[3.7571472, 50.7909865], [3.7571901, 50.7909899]]}, "properties": {"role": "edge", "from": "8224526471", "to": "8224526470", "length": 3.04, "culvert": false, "unmapped": false}}, {"type": "Feature", "geometry": {"type": "LineString", "coordinates": [[3.7571901, 50.7909899], [3.7572397, 50.791006]]}, "properties": {"role": "edge", "from": "8224526470", "to": "8224526469", "length": 3.92, "culvert": false, "unmapped": false}}, {"type": "Feature", "geometry": {"type": "LineString", "coordinates": [[3.7572397, 50.791006], [3.7572653, 50.7910415]]}, "properties": {"role": "edge", "from": "8224526469", "to": "3894363080", "length": 4.34, "culvert": false, "unmapped": false}}, {"type": "Feature", "geometry": {"type": "LineString", "coordinates": [[3.7572653, 50.7910415], [3.7573095, 50.7910603]]}, "properties": {"role": "edge", "from": "3894363080", "to": "8224526468", "length": 3.74, "culvert": false, "unmapped": false}}, {"type": "Feature", "geometry": {"type": "LineString", "coordinates": [[3.7573095, 50.7910603], [3.7573658, 50.7911264]]}, "properties": {"role": "edge", "from": "8224526468", "to": "8224526467", "length": 8.35, "culvert": false, "unmapped": false}}, {"type": "Feature", "geometry": {"type": "LineString", "coordinates": [[3.7573658, 50.7911264], [3.7574558, 50.7912469]]}, "properties": {"role": "edge", "from": "8224526467", "to": "3894363081", "length": 14.82, "culvert": false, "unmapped": false}}, {"type": "Feature", "geometry": {"type": "LineString", "coordinates": [[3.7574558, 50.7912469], [3.757512, 50.7913239]]}, "properties": {"role": "edge", "from": "3894363081", "to": "8224526466", "length": 9.43, "culvert": false, "unmapped": false}}, {"type": "Feature", "geometry": {"type": "LineString", "coordinates": [[3.757512, 50.7913239], [3.7575289, 50.7914097]]}, "properties": {"role": "edge", "from": "8224526466", "to": "3894363082", "length": 9.61, "culvert": false, "unmapped": false}}, {"type": "Feature", "geometry": {"type": "LineString", "coordinates": [[3.7575289, 50.7914097], [3.7578593, 50.7916935]]}, "properties": {"role": "edge", "from": "3894363082", "to": "8224526465", "length": 39.18, "culvert": false, "unmapped": false}}, {"type": "Feature", "geometry": {"type": "LineString", "coordinates": [[3.7578593, 50.7916935], [3.7581877, 50.7919917]]}, "properties": {"role": "edge", "from": "8224526465", "to": "3894363083", "length": 40.4, "culvert": false, "unmapped": false}}, {"type": "Feature", "geometry": {"type": "LineString", "coordinates": [[3.7581877, 50.7919917], [3.7584185, 50.792195]]}, "properties": {"role": "edge", "from": "3894363083", "to": "8222474483", "length": 27.82, "culvert": false, "unmapped": false}}, {"type": "Feature", "geometry": {"type": "LineString", "coordinates": [[3.7584185, 50.792195], [3.758484, 50.7922789]]}, "properties": {"role": "edge", "from": "8222474483", "to": "3894363084", "length": 10.4, "culvert": false, "unmapped": false}}, {"type": "Feature", "geometry": {"type": "LineString", "coordinates": [[3.758484, 50.7922789], [3.7587269, 50.7925318]]}, "properties": {"role": "edge", "from": "3894363084", "to": "3894363085", "length": 32.9, "culvert": false, "unmapped": false}}, {"type": "Feature", "geometry": {"type": "LineString", "coordinates": [[3.7587269, 50.7925318], [3.7587521, 50.7925498]]}, "properties": {"role": "edge", "from": "3894363085", "to": "4208878331", "length": 2.67, "culvert": false, "unmapped": false}}, {"type": "Feature", "geometry": {"type": "LineString", "coordinates": [[3.7453455, 50.7808332], [3.7454593, 50.7808875]]}, "properties": {"role": "edge", "from": "8225129180", "to": "3894362989", "length": 10.02, "culvert": false, "unmapped": false}}, {"type": "Feature", "geometry": {"type": "LineString", "coordinates": [[3.7454593, 50.7808875], [3.7456699, 50.7809739]]}, "properties": {"role": "edge", "from": "3894362989", "to": "3894362990", "length": 17.65, "culvert": false, "unmapped": false}}, {"type": "Feature", "geometry": {"type": "LineString", "coordinates": [[3.7456699, 50.7809739], [3.7459172, 50.7810749]]}, "properties": {"role": "edge", "from": "3894362990", "to": "3894362991", "length": 20.7, "culvert": false, "unmapped": false}}, {"type": "Feature", "geometry": {"type": "LineString", "coordinates": [[3.7459172, 50.7810749], [3.746157, 50.7811613]]}, "properties": {"role": "edge", "from": "3894362991", "to": "3894362992", "length": 19.4, "culvert": false, "unmapped": false}}, {"type": "Feature", "geometry": {"type": "LineString", "coordinates": [[3.7169362, 50.8831676], [3.716647, 50.8831452]]}, "properties": {"role": "edge", "from": "9167222097", "to": "9167222098", "length": 20.44, "culvert": false, "unmapped": false}}, {"type": "Feature", "geometry": {"type": "LineString", "coordinates": [[3.716647, 50.8831452], [3.7165746, 50.8831572]]}, "properties": {"role": "edge", "from": "9167222098", "to": "9167222099", "length": 5.25, "culvert": false, "unmapped": false}}, {"type": "Feature", "geometry": {"type": "LineString", "coordinates": [[3.7165746, 50.8831572], [3.7162879, 50.8833157]]}, "properties": {"role": "edge", "from": "9167222099", "to": "9167222100", "length": 26.74, "culvert": false, "unmapped": false}}, {"type": "Feature", "geometry": {"type": "LineString", "coordinates": [[3.7162879, 50.8833157], [3.7159758, 50.8835511]]}, "properties": {"role": "edge", "from": "9167222100", "to": "9167222101", "length": 34.13, "culvert": false, "unmapped": false}}, {"type": "Feature", "geometry": {"type": "LineString", "coordinates": [[3.7159758, 50.8835511], [3.7158667, 50.8835959]]}, "properties": {"role": "edge", "from": "9167222101", "to": "9167222102", "length": 9.13, "culvert": false, "unmapped": false}}, {"type": "Feature", "geometry": {"type": "LineString", "coordinates": [[3.7158667, 50.8835959], [3.71567, 50.8836335]]}, "properties": {"role": "edge", "from": "9167222102", "to": "9167222103", "length": 14.42, "culvert": false, "unmapped": false}}, {"type": "Feature", "geometry": {"type": "LineString", "coordinates": [[3.71567, 50.8836335], [3.7153706, 50.8836767]]}, "properties": {"role": "edge", "from": "9167222103", "to": "9167222104", "length": 21.55, "culvert": false, "unmapped": false}}, {"type": "Feature", "geometry": {"type": "LineString", "coordinates": [[3.7153706, 50.8836767], [3.7151917, 50.88372]]}, "properties": {"role": "edge", "from": "9167222104", "to": "9167222105", "length": 13.44, "culvert": false, "unmapped": false}}, {"type": "Feature", "geometry": {"type": "LineString", "coordinates": [[3.7151917, 50.88372], [3.7149595, 50.8837864]]}, "properties": {"role": "edge", "from": "9167222105", "to": "9167222106", "length": 17.88, "culvert": false, "unmapped": false}}, {"type": "Feature", "geometry": {"type": "LineString", "coordinates": [[3.7149595, 50.8837864], [3.7147908, 50.8838456]]}, "properties": {"role": "edge", "from": "9167222106", "to": "9167222107", "length": 13.54, "culvert": false, "unmapped": false}}, {"type": "Feature", "geometry": {"type": "LineString", "coordinates": [[3.7147908, 50.8838456], [3.7146766, 50.8838913]]}, "properties": {"role": "edge", "from": "9167222107", "to": "9167222108", "length": 9.49, "culvert": false, "unmapped": false}}, {"type": "Feature", "geometry": {"type": "LineString", "coordinates": [[3.7146766, 50.8838913], [3.7144454, 50.8839859]]}, "properties": {"role": "edge", "from": "9167222108", "to": "7858897903", "length": 19.33, "culvert": true, "unmapped": false}}, {"type": "Feature", "geometry": {"type": "LineString", "coordinates": [[3.6877517, 50.8854116], [3.6876691, 50.8854096]]}, "properties": {"role": "edge", "from": "7860472264", "to": "3118322046", "length": 5.8, "culvert": false, "unmapped": false}}, {"type": "Feature", "geometry": {"type": "LineString", "coordinates": [[3.6876691, 50.8854096], [3.6875258, 50.8853715]]}, "properties": {"role": "edge", "from": "3118322046", "to": "1442432360", "length": 10.91, "culvert": false, "unmapped": false}}, {"type": "Feature", "geometry": {"type": "LineString", "coordinates": [[3.6875258, 50.8853715], [3.6873319, 50.885294]]}, "properties": {"role": "edge", "from": "1442432360", "to": "7860472285", "length": 16.1, "culvert": false, "unmapped": false}}, {"type": "Feature", "geometry": {"type": "LineString", "coordinates": [[3.6873319, 50.885294], [3.6872711, 50.8852861]]}, "properties": {"role": "edge", "from": "7860472285", "to": "4864644434", "length": 4.35, "culvert": false, "unmapped": false}}, {"type": "Feature", "geometry": {"type": "LineString", "coordinates": [[3.6872711, 50.8852861], [3.687202, 50.8852876]]}, "properties": {"role": "edge", "from": "4864644434", "to": "1442431997", "length": 4.85, "culvert": false, "unmapped": false}}, {"type": "Feature", "geometry": {"type": "LineString", "coordinates": [[3.687202, 50.8852876], [3.6869743, 50.8853232]]}, "properties": {"role": "edge", "from": "1442431997", "to": "2409755484", "length": 16.46, "culvert": false, "unmapped": false}}, {"type": "Feature", "geometry": {"type": "LineString", "coordinates": [[3.6869743, 50.8853232], [3.6867556, 50.8853554]]}, "properties": {"role": "edge", "from": "2409755484", "to": "1442431747", "length": 15.75, "culvert": false, "unmapped": false}}, {"type": "Feature", "geometry": {"type": "LineString", "coordinates": [[3.6867556, 50.8853554], [3.6864817, 50.8853837]]}, "properties": {"role": "edge", "from": "1442431747", "to": "1442431771", "length": 19.47, "culvert": false, "unmapped": false}}, {"type": "Feature", "geometry": {"type": "LineString", "coordinates": [[3.6864817, 50.8853837], [3.6861813, 50.8853782]]}, "properties": {"role": "edge", "from": "1442431771", "to": "1442432414", "length": 21.08, "culvert": false, "unmapped": false}}, {"type": "Feature", "geometry": {"type": "LineString", "coordinates": [[3.6861813, 50.8853782], [3.6860767, 50.8853727]]}, "properties": {"role": "edge", "from": "1442432414", "to": "12084551171", "length": 7.36, "culvert": false, "unmapped": false}}, {"type": "Feature", "geometry": {"type": "LineString", "coordinates": [[3.6860767, 50.8853727], [3.6859898, 50.8853682]]}, "properties": {"role": "edge", "from": "12084551171", "to": "12084551173", "length": 6.12, "culvert": true, "unmapped": false}}, {"type": "Feature", "geometry": {"type": "LineString", "coordinates": [[3.6859898, 50.8853682], [3.6859164, 50.8853644]]}, "properties": {"role": "edge", "from": "12084551173", "to": "12084551172", "length": 5.17, "culvert": true, "unmapped": false}}, {"type": "Feature", "geometry": {"type": "Point", "coordinates": [3.777101, 50.8119478]}, "properties": {"role": "node", "id": "3819445265", "dist_to_outlet_m": 12117.530469361187, "observable": true, "access": false}}, {"type": "Feature", "geometry": {"type": "Point", "coordinates": [3.7772928, 50.8120403]}, "properties": {"role": "node", "id": "1293674225", "dist_to_outlet_m": 12100.57779139903, "observable": false, "access": false}}, {"type": "Feature", "geometry": {"type": "Point", "coordinates": [3.7775823, 50.8121364]}, "properties": {"role": "node", "id": "3819445266", "dist_to_outlet_m": 12077.60135172376, "observable": true, "access": false}}, {"type": "Feature", "geometry": {"type": "Point", "coordinates": [3.7623467, 50.8687011]}, "properties": {"role": "node", "id": "1442439176", "dist_to_outlet_m": 4085.7490624054617, "observable": true, "access": false}}, {"type": "Feature", "geometry": {"type": "Point", "coordinates": [3.7622126, 50.8687601]}, "properties": {"role": "node", "id": "651509011", "dist_to_outlet_m": 4074.2774821403827, "observable": true, "access": false}}, {"type": "Feature", "geometry": {"type": "Point", "coordinates": [3.7619138, 50.8689541]}, "properties": {"role": "node", "id": "1442439245", "dist_to_outlet_m": 4044.1940903348627, "observable": true, "access": false}}, {"type": "Feature", "geometry": {"type": "Point", "coordinates": [3.7617475, 50.8690658]}, "properties": {"role": "node", "id": "1442439246", "dist_to_outlet_m": 4027.15126340753, "observable": true, "access": false}}, {"type": "Feature", "geometry": {"type": "Point", "coordinates": [3.7615704, 50.8692097]}, "properties": {"role": "node", "id": "1442439361", "dist_to_outlet_m": 4006.8908870833307, "observable": true, "access": false}}, {"type": "Feature", "geometry": {"type": "Point", "coordinates": [3.7613531, 50.8693848]}, "properties": {"role": "node", "id": "1442439378", "dist_to_outlet_m": 3982.1599887311672, "observable": true, "access": true}}, {"type": "Feature", "geometry": {"type": "Point", "coordinates": [3.7611442, 50.8695196]}, "properties": {"role": "node", "id": "1442439201", "dist_to_outlet_m": 3961.1940977546574, "observable": true, "access": false}}, {"type": "Feature", "geometry": {"type": "Point", "coordinates": [3.7609026, 50.8696819]}, "properties": {"role": "node", "id": "651509012", "dist_to_outlet_m": 3936.4326543599345, "observable": true, "access": false}}, {"type": "Feature", "geometry": {"type": "Point", "coordinates": [3.7607475, 50.8698076]}, "properties": {"role": "node", "id": "1442439244", "dist_to_outlet_m": 3918.717640892014, "observable": true, "access": false}}, {"type": "Feature", "geometry": {"type": "Point", "coordinates": [3.7606733, 50.8698768]}, "properties": {"role": "node", "id": "651509013", "dist_to_outlet_m": 3909.426803270341, "observable": true, "access": false}}, {"type": "Feature", "geometry": {"type": "Point", "coordinates": [3.7605483, 50.8699465]}, "properties": {"role": "node", "id": "3895916782", "dist_to_outlet_m": 3897.721722923994, "observable": true, "access": false}}, {"type": "Feature", "geometry": {"type": "Point", "coordinates": [3.7604493, 50.8699814]}, "properties": {"role": "node", "id": "651509014", "dist_to_outlet_m": 3889.764168469426, "observable": true, "access": false}}, {"type": "Feature", "geometry": {"type": "Point", "coordinates": [3.7602067, 50.8700014]}, "properties": {"role": "node", "id": "1442439241", "dist_to_outlet_m": 3872.5955227312547, "observable": true, "access": true}}, {"type": "Feature", "geometry": {"type": "Point", "coordinates": [3.7599801, 50.869993]}, "properties": {"role": "node", "id": "1442439249", "dist_to_outlet_m": 3856.666883044653, "observable": true, "access": false}}, {"type": "Feature", "geometry": {"type": "Point", "coordinates": [3.7596546, 50.8700583]}, "properties": {"role": "node", "id": "651509015", "dist_to_outlet_m": 3832.6992109473526, "observable": true, "access": false}}, {"type": "Feature", "geometry": {"type": "Point", "coordinates": [3.7593971, 50.8701422]}, "properties": {"role": "node", "id": "3895916783", "dist_to_outlet_m": 3812.363447501446, "observable": true, "access": false}}, {"type": "Feature", "geometry": {"type": "Point", "coordinates": [3.7592315, 50.8702202]}, "properties": {"role": "node", "id": "1442439122", "dist_to_outlet_m": 3797.862986301152, "observable": true, "access": false}}, {"type": "Feature", "geometry": {"type": "Point", "coordinates": [3.7590629, 50.8703012]}, "properties": {"role": "node", "id": "2000124224", "dist_to_outlet_m": 3782.993631703354, "observable": true, "access": false}}, {"type": "Feature", "geometry": {"type": "Point", "coordinates": [3.7589332, 50.8703813]}, "properties": {"role": "node", "id": "651509016", "dist_to_outlet_m": 3770.2592372969666, "observable": true, "access": false}}, {"type": "Feature", "geometry": {"type": "Point", "coordinates": [3.7587112, 50.8705943]}, "properties": {"role": "node", "id": "651509017", "dist_to_outlet_m": 3741.9107106358842, "observable": true, "access": true}}, {"type": "Feature", "geometry": {"type": "Point", "coordinates": [3.7585476, 50.8706959]}, "properties": {"role": "node", "id": "651509018", "dist_to_outlet_m": 3725.804018970507, "observable": true, "access": false}}, {"type": "Feature", "geometry": {"type": "Point", "coordinates": [3.7583392, 50.8708157]}, "properties": {"role": "node", "id": "3895916784", "dist_to_outlet_m": 3706.0224658596003, "observable": true, "access": false}}, {"type": "Feature", "geometry": {"type": "Point", "coordinates": [3.7581292, 50.8709125]}, "properties": {"role": "node", "id": "1442439172", "dist_to_outlet_m": 3687.773939868743, "observable": true, "access": false}}, {"type": "Feature", "geometry": {"type": "Point", "coordinates": [3.7579705, 50.870985]}, "properties": {"role": "node", "id": "1442439110", "dist_to_outlet_m": 3674.0259970307134, "observable": true, "access": false}}, {"type": "Feature", "geometry": {"type": "Point", "coordinates": [3.757865, 50.871081]}, "properties": {"role": "node", "id": "1442439150", "dist_to_outlet_m": 3661.035408413779, "observable": true, "access": false}}, {"type": "Feature", "geometry": {"type": "Point", "coordinates": [3.7577178, 50.8711991]}, "properties": {"role": "node", "id": "1442439401", "dist_to_outlet_m": 3644.3277570973614, "observable": true, "access": false}}, {"type": "Feature", "geometry": {"type": "Point", "coordinates": [3.7575525, 50.871307]}, "properties": {"role": "node", "id": "651509019", "dist_to_outlet_m": 3627.639609423766, "observable": true, "access": true}}, {"type": "Feature", "geometry": {"type": "Point", "coordinates": [3.7572067, 50.871553]}, "properties": {"role": "node", "id": "1442439180", "dist_to_outlet_m": 3591.0741228165484, "observable": true, "access": false}}, {"type": "Feature", "geometry": {"type": "Point", "coordinates": [3.7570348, 50.8717165]}, "properties": {"role": "node", "id": "651509020", "dist_to_outlet_m": 3569.256106383025, "observable": true, "access": false}}, {"type": "Feature", "geometry": {"type": "Point", "coordinates": [3.7568712, 50.8719349]}, "properties": {"role": "node", "id": "1442439316", "dist_to_outlet_m": 3542.3944728754973, "observable": true, "access": false}}, {"type": "Feature", "geometry": {"type": "Point", "coordinates": [3.7567559, 50.8720754]}, "properties": {"role": "node", "id": "1442439221", "dist_to_outlet_m": 3524.8009336158816, "observable": true, "access": true}}, {"type": "Feature", "geometry": {"type": "Point", "coordinates": [3.7566285, 50.8722167]}, "properties": {"role": "node", "id": "651509021", "dist_to_outlet_m": 3506.7238969505393, "observable": true, "access": false}}, {"type": "Feature", "geometry": {"type": "Point", "coordinates": [3.7565034, 50.8723364]}, "properties": {"role": "node", "id": "1442439360", "dist_to_outlet_m": 3490.7797985278266, "observable": true, "access": false}}, {"type": "Feature", "geometry": {"type": "Point", "coordinates": [3.7564756, 50.8723549]}, "properties": {"role": "node", "id": "4654609070", "dist_to_outlet_m": 3487.9448429129006, "observable": true, "access": false}}, {"type": "Feature", "geometry": {"type": "Point", "coordinates": [3.7561708, 50.8725569]}, "properties": {"role": "node", "id": "651509022", "dist_to_outlet_m": 3456.9296117746826, "observable": true, "access": false}}, {"type": "Feature", "geometry": {"type": "Point", "coordinates": [3.7560109, 50.8726725]}, "properties": {"role": "node", "id": "3895916785", "dist_to_outlet_m": 3439.867421496693, "observable": true, "access": false}}, {"type": "Feature", "geometry": {"type": "Point", "coordinates": [3.7559108, 50.8727515]}, "properties": {"role": "node", "id": "651509023", "dist_to_outlet_m": 3428.620149175651, "observable": true, "access": false}}, {"type": "Feature", "geometry": {"type": "Point", "coordinates": [3.7558618, 50.8728798]}, "properties": {"role": "node", "id": "1442439103", "dist_to_outlet_m": 3413.9453642624035, "observable": true, "access": true}}, {"type": "Feature", "geometry": {"type": "Point", "coordinates": [3.7557711, 50.8729179]}, "properties": {"role": "node", "id": "1442439261", "dist_to_outlet_m": 3406.2999371991214, "observable": true, "access": false}}, {"type": "Feature", "geometry": {"type": "Point", "coordinates": [3.7556879, 50.8729247]}, "properties": {"role": "node", "id": "1442439386", "dist_to_outlet_m": 3400.413137329108, "observable": true, "access": false}}, {"type": "Feature", "geometry": {"type": "Point", "coordinates": [3.7555244, 50.8729478]}, "properties": {"role": "node", "id": "1442439240", "dist_to_outlet_m": 3388.6565273376086, "observable": true, "access": false}}, {"type": "Feature", "geometry": {"type": "Point", "coordinates": [3.7553821, 50.8729966]}, "properties": {"role": "node", "id": "1442439338", "dist_to_outlet_m": 3377.2923262961094, "observable": true, "access": false}}, {"type": "Feature", "geometry": {"type": "Point", "coordinates": [3.7553018, 50.873047]}, "properties": {"role": "node", "id": "1442439413", "dist_to_outlet_m": 3369.345293427288, "observable": true, "access": false}}, {"type": "Feature", "geometry": {"type": "Point", "coordinates": [3.7552108, 50.8731459]}, "properties": {"role": "node", "id": "651509024", "dist_to_outlet_m": 3356.628754255915, "observable": true, "access": false}}, {"type": "Feature", "geometry": {"type": "Point", "coordinates": [3.7548518, 50.8734351]}, "properties": {"role": "node", "id": "1442439095", "dist_to_outlet_m": 3315.7794657780983, "observable": true, "access": false}}, {"type": "Feature", "geometry": {"type": "Point", "coordinates": [3.7545738, 50.8736019]}, "properties": {"role": "node", "id": "651509025", "dist_to_outlet_m": 3288.8626966062966, "observable": true, "access": true}}, {"type": "Feature", "geometry": {"type": "Point", "coordinates": [3.7542596, 50.8738054]}, "properties": {"role": "node", "id": "1442439242", "dist_to_outlet_m": 3257.2701586926596, "observable": true, "access": false}}, {"type": "Feature", "geometry": {"type": "Point", "coordinates": [3.7540234, 50.8739639]}, "properties": {"role": "node", "id": "1442439183", "dist_to_outlet_m": 3233.0771726398525, "observable": true, "access": false}}, {"type": "Feature", "geometry": {"type": "Point", "coordinates": [3.7535937, 50.8742535]}, "properties": {"role": "node", "id": "651509026", "dist_to_outlet_m": 3188.9632431302125, "observable": true, "access": false}}, {"type": "Feature", "geometry": {"type": "Point", "coordinates": [3.7534057, 50.8743361]}, "properties": {"role": "node", "id": "1442439230", "dist_to_outlet_m": 3172.8893524912583, "observable": true, "access": true}}, {"type": "Feature", "geometry": {"type": "Point", "coordinates": [3.7530503, 50.8744474]}, "properties": {"role": "node", "id": "1442439243", "dist_to_outlet_m": 3145.0500257304616, "observable": true, "access": false}}, {"type": "Feature", "geometry": {"type": "Point", "coordinates": [3.7526977, 50.8745527]}, "properties": {"role": "node", "id": "3895916786", "dist_to_outlet_m": 3117.6785701174836, "observable": true, "access": false}}, {"type": "Feature", "geometry": {"type": "Point", "coordinates": [3.7523927, 50.874666]}, "properties": {"role": "node", "id": "1442439108", "dist_to_outlet_m": 3092.8449503065617, "observable": true, "access": false}}, {"type": "Feature", "geometry": {"type": "Point", "coordinates": [3.7519493, 50.8748901]}, "properties": {"role": "node", "id": "651509027", "dist_to_outlet_m": 3052.9842460891286, "observable": true, "access": true}}, {"type": "Feature", "geometry": {"type": "Point", "coordinates": [3.7517423, 50.8749721]}, "properties": {"role": "node", "id": "1442439145", "dist_to_outlet_m": 3035.835108625563, "observable": true, "access": false}}, {"type": "Feature", "geometry": {"type": "Point", "coordinates": [3.7515813, 50.8750098]}, "properties": {"role": "node", "id": "1442439116", "dist_to_outlet_m": 3023.7857157112867, "observable": true, "access": false}}, {"type": "Feature", "geometry": {"type": "Point", "coordinates": [3.7513725, 50.8750406]}, "properties": {"role": "node", "id": "1442439363", "dist_to_outlet_m": 3008.740170307363, "observable": true, "access": false}}, {"type": "Feature", "geometry": {"type": "Point", "coordinates": [3.7511635, 50.8750898]}, "properties": {"role": "node", "id": "1442439153", "dist_to_outlet_m": 2993.0883423872647, "observable": true, "access": false}}, {"type": "Feature", "geometry": {"type": "Point", "coordinates": [3.7509834, 50.8751352]}, "properties": {"role": "node", "id": "1442439101", "dist_to_outlet_m": 2979.4805002038856, "observable": true, "access": false}}, {"type": "Feature", "geometry": {"type": "Point", "coordinates": [3.7508657, 50.8751677]}, "properties": {"role": "node", "id": "1442439405", "dist_to_outlet_m": 2970.4659548426553, "observable": true, "access": false}}, {"type": "Feature", "geometry": {"type": "Point", "coordinates": [3.7506464, 50.8752455]}, "properties": {"role": "node", "id": "1442439342", "dist_to_outlet_m": 2952.813573473511, "observable": true, "access": false}}, {"type": "Feature", "geometry": {"type": "Point", "coordinates": [3.7504439, 50.8753326]}, "properties": {"role": "node", "id": "651509028", "dist_to_outlet_m": 2935.6182064485574, "observable": true, "access": true}}, {"type": "Feature", "geometry": {"type": "Point", "coordinates": [3.7502138, 50.8754326]}, "properties": {"role": "node", "id": "1442439228", "dist_to_outlet_m": 2916.014553570948, "observable": true, "access": false}}, {"type": "Feature", "geometry": {"type": "Point", "coordinates": [3.7500578, 50.8754951]}, "properties": {"role": "node", "id": "651509029", "dist_to_outlet_m": 2903.0489465278497, "observable": true, "access": false}}, {"type": "Feature", "geometry": {"type": "Point", "coordinates": [3.749884, 50.8755119]}, "properties": {"role": "node", "id": "1442439265", "dist_to_outlet_m": 2890.7120440786957, "observable": true, "access": false}}, {"type": "Feature", "geometry": {"type": "Point", "coordinates": [3.749761, 50.8754957]}, "properties": {"role": "node", "id": "1442439229", "dist_to_outlet_m": 2881.895778656765, "observable": true, "access": false}}, {"type": "Feature", "geometry": {"type": "Point", "coordinates": [3.7496422, 50.8754466]}, "properties": {"role": "node", "id": "1442439200", "dist_to_outlet_m": 2871.931339794822, "observable": true, "access": false}}, {"type": "Feature", "geometry": {"type": "Point", "coordinates": [3.7495457, 50.8753924]}, "properties": {"role": "node", "id": "1442439340", "dist_to_outlet_m": 2862.866725010989, "observable": true, "access": false}}, {"type": "Feature", "geometry": {"type": "Point", "coordinates": [3.7494548, 50.8752745]}, "properties": {"role": "node", "id": "1442439403", "dist_to_outlet_m": 2848.287699818525, "observable": true, "access": false}}, {"type": "Feature", "geometry": {"type": "Point", "coordinates": [3.7494045, 50.8752574]}, "properties": {"role": "node", "id": "1442432391", "dist_to_outlet_m": 2844.2787756900893, "observable": true, "access": false}}, {"type": "Feature", "geometry": {"type": "Point", "coordinates": [3.7493175, 50.8752862]}, "properties": {"role": "node", "id": "1442432205", "dist_to_outlet_m": 2837.3853873589587, "observable": true, "access": false}}, {"type": "Feature", "geometry": {"type": "Point", "coordinates": [3.7492262, 50.8753102]}, "properties": {"role": "node", "id": "1442432225", "dist_to_outlet_m": 2830.44566996488, "observable": true, "access": false}}, {"type": "Feature", "geometry": {"type": "Point", "coordinates": [3.7491658, 50.875376]}, "properties": {"role": "node", "id": "3895650276", "dist_to_outlet_m": 2821.9902920987643, "observable": true, "access": false}}, {"type": "Feature", "geometry": {"type": "Point", "coordinates": [3.7491485, 50.8754881]}, "properties": {"role": "node", "id": "1442431741", "dist_to_outlet_m": 2809.4663769455155, "observable": true, "access": false}}, {"type": "Feature", "geometry": {"type": "Point", "coordinates": [3.7491141, 50.8756186]}, "properties": {"role": "node", "id": "1442431568", "dist_to_outlet_m": 2794.756070628258, "observable": true, "access": false}}, {"type": "Feature", "geometry": {"type": "Point", "coordinates": [3.7490151, 50.8758057]}, "properties": {"role": "node", "id": "1442432442", "dist_to_outlet_m": 2772.822510049923, "observable": true, "access": true}}, {"type": "Feature", "geometry": {"type": "Point", "coordinates": [3.7488984, 50.8759222]}, "properties": {"role": "node", "id": "1442431893", "dist_to_outlet_m": 2757.4974420164917, "observable": true, "access": false}}, {"type": "Feature", "geometry": {"type": "Point", "coordinates": [3.7486598, 50.8760727]}, "properties": {"role": "node", "id": "1442431846", "dist_to_outlet_m": 2733.826342576398, "observable": true, "access": false}}, {"type": "Feature", "geometry": {"type": "Point", "coordinates": [3.7483568, 50.8762282]}, "properties": {"role": "node", "id": "1442432453", "dist_to_outlet_m": 2706.4229687985053, "observable": true, "access": false}}, {"type": "Feature", "geometry": {"type": "Point", "coordinates": [3.7480835, 50.8763488]}, "properties": {"role": "node", "id": "1442432362", "dist_to_outlet_m": 2683.023406606126, "observable": true, "access": false}}, {"type": "Feature", "geometry": {"type": "Point", "coordinates": [3.7478635, 50.8764292]}, "properties": {"role": "node", "id": "1442432329", "dist_to_outlet_m": 2665.185410952119, "observable": true, "access": true}}, {"type": "Feature", "geometry": {"type": "Point", "coordinates": [3.7476787, 50.8764957]}, "properties": {"role": "node", "id": "1442431493", "dist_to_outlet_m": 2650.2589145491647, "observable": true, "access": false}}, {"type": "Feature", "geometry": {"type": "Point", "coordinates": [3.7474757, 50.8766023]}, "properties": {"role": "node", "id": "1442432422", "dist_to_outlet_m": 2631.728676934172, "observable": true, "access": false}}, {"type": "Feature", "geometry": {"type": "Point", "coordinates": [3.7472429, 50.8767101]}, "properties": {"role": "node", "id": "1442431520", "dist_to_outlet_m": 2611.468314901648, "observable": true, "access": false}}, {"type": "Feature", "geometry": {"type": "Point", "coordinates": [3.7470871, 50.8767938]}, "properties": {"role": "node", "id": "1442431550", "dist_to_outlet_m": 2597.1115813912356, "observable": true, "access": false}}, {"type": "Feature", "geometry": {"type": "Point", "coordinates": [3.746869, 50.8769256]}, "properties": {"role": "node", "id": "1442432168", "dist_to_outlet_m": 2575.923138590186, "observable": true, "access": false}}, {"type": "Feature", "geometry": {"type": "Point", "coordinates": [3.7464717, 50.8771661]}, "properties": {"role": "node", "id": "1442432358", "dist_to_outlet_m": 2537.294106271476, "observable": true, "access": true}}, {"type": "Feature", "geometry": {"type": "Point", "coordinates": [3.7462244, 50.8773244]}, "properties": {"role": "node", "id": "1442431668", "dist_to_outlet_m": 2512.577772650904, "observable": true, "access": false}}, {"type": "Feature", "geometry": {"type": "Point", "coordinates": [3.7459991, 50.8774429]}, "properties": {"role": "node", "id": "1442431457", "dist_to_outlet_m": 2491.9986614690947, "observable": true, "access": false}}, {"type": "Feature", "geometry": {"type": "Point", "coordinates": [3.7457154, 50.8775825]}, "properties": {"role": "node", "id": "1442431501", "dist_to_outlet_m": 2466.75657405896, "observable": true, "access": false}}, {"type": "Feature", "geometry": {"type": "Point", "coordinates": [3.745441, 50.877713]}, "properties": {"role": "node", "id": "1442432321", "dist_to_outlet_m": 2442.648066646945, "observable": true, "access": false}}, {"type": "Feature", "geometry": {"type": "Point", "coordinates": [3.7450938, 50.8778887]}, "properties": {"role": "node", "id": "1442431394", "dist_to_outlet_m": 2411.4214200691763, "observable": true, "access": true}}, {"type": "Feature", "geometry": {"type": "Point", "coordinates": [3.7446407, 50.8781234]}, "properties": {"role": "node", "id": "1442432198", "dist_to_outlet_m": 2370.2913856296636, "observable": true, "access": false}}, {"type": "Feature", "geometry": {"type": "Point", "coordinates": [3.7444997, 50.8782006]}, "properties": {"role": "node", "id": "2597397049", "dist_to_outlet_m": 2357.193508236746, "observable": true, "access": false}}, {"type": "Feature", "geometry": {"type": "Point", "coordinates": [3.7442565, 50.8783353]}, "properties": {"role": "node", "id": "1442432221", "dist_to_outlet_m": 2334.4891527886443, "observable": true, "access": false}}, {"type": "Feature", "geometry": {"type": "Point", "coordinates": [3.7440689, 50.8784311]}, "properties": {"role": "node", "id": "1442432451", "dist_to_outlet_m": 2317.5564523055164, "observable": true, "access": false}}, {"type": "Feature", "geometry": {"type": "Point", "coordinates": [3.7438264, 50.8785553]}, "properties": {"role": "node", "id": "1442432452", "dist_to_outlet_m": 2295.6429955515173, "observable": true, "access": true}}, {"type": "Feature", "geometry": {"type": "Point", "coordinates": [3.7434831, 50.8787104]}, "properties": {"role": "node", "id": "1442432423", "dist_to_outlet_m": 2266.0191872487862, "observable": true, "access": false}}, {"type": "Feature", "geometry": {"type": "Point", "coordinates": [3.743239, 50.878823]}, "properties": {"role": "node", "id": "1442432397", "dist_to_outlet_m": 2244.80444464368, "observable": true, "access": false}}, {"type": "Feature", "geometry": {"type": "Point", "coordinates": [3.7429038, 50.8789364]}, "properties": {"role": "node", "id": "1442431367", "dist_to_outlet_m": 2218.1197158499235, "observable": true, "access": false}}, {"type": "Feature", "geometry": {"type": "Point", "coordinates": [3.7425618, 50.8790328]}, "properties": {"role": "node", "id": "1442432276", "dist_to_outlet_m": 2191.8396660258463, "observable": true, "access": true}}, {"type": "Feature", "geometry": {"type": "Point", "coordinates": [3.7424076, 50.8790731]}, "properties": {"role": "node", "id": "1442432243", "dist_to_outlet_m": 2180.1297245638325, "observable": true, "access": false}}, {"type": "Feature", "geometry": {"type": "Point", "coordinates": [3.7421091, 50.8791399]}, "properties": {"role": "node", "id": "1442431360", "dist_to_outlet_m": 2157.9089148931216, "observable": true, "access": false}}, {"type": "Feature", "geometry": {"type": "Point", "coordinates": [3.7419985, 50.8790866]}, "properties": {"role": "node", "id": "1442431642", "dist_to_outlet_m": 2148.1448221878222, "observable": true, "access": false}}, {"type": "Feature", "geometry": {"type": "Point", "coordinates": [3.7418319, 50.8790176]}, "properties": {"role": "node", "id": "1442432007", "dist_to_outlet_m": 2134.1630769593885, "observable": true, "access": false}}, {"type": "Feature", "geometry": {"type": "Point", "coordinates": [3.7416712, 50.8789767]}, "properties": {"role": "node", "id": "1442432132", "dist_to_outlet_m": 2122.005744023193, "observable": true, "access": false}}, {"type": "Feature", "geometry": {"type": "Point", "coordinates": [3.7415292, 50.8789639]}, "properties": {"role": "node", "id": "4942160470", "dist_to_outlet_m": 2111.9419237880256, "observable": true, "access": false}}, {"type": "Feature", "geometry": {"type": "Point", "coordinates": [3.7412105, 50.8790679]}, "properties": {"role": "node", "id": "4942160471", "dist_to_outlet_m": 2086.768620181041, "observable": true, "access": false}}, {"type": "Feature", "geometry": {"type": "Point", "coordinates": [3.7409474, 50.8791705]}, "properties": {"role": "node", "id": "1442431594", "dist_to_outlet_m": 2065.0686552309216, "observable": true, "access": true}}, {"type": "Feature", "geometry": {"type": "Point", "coordinates": [3.7407477, 50.879249]}, "properties": {"role": "node", "id": "1442431514", "dist_to_outlet_m": 2048.5612447577546, "observable": true, "access": false}}, {"type": "Feature", "geometry": {"type": "Point", "coordinates": [3.7405947, 50.879283]}, "properties": {"role": "node", "id": "4942160472", "dist_to_outlet_m": 2037.1805818625626, "observable": true, "access": false}}, {"type": "Feature", "geometry": {"type": "Point", "coordinates": [3.7405492, 50.8793768]}, "properties": {"role": "node", "id": "4942160469", "dist_to_outlet_m": 2026.2729222560997, "observable": true, "access": false}}, {"type": "Feature", "geometry": {"type": "Point", "coordinates": [3.7405204, 50.879436]}, "properties": {"role": "node", "id": "1442432395", "dist_to_outlet_m": 2019.3870528706054, "observable": true, "access": false}}, {"type": "Feature", "geometry": {"type": "Point", "coordinates": [3.7404975, 50.8794422]}, "properties": {"role": "node", "id": "8145646310", "dist_to_outlet_m": 2017.6387470333518, "observable": true, "access": false}}, {"type": "Feature", "geometry": {"type": "Point", "coordinates": [3.7404576, 50.879453]}, "properties": {"role": "node", "id": "8145655042", "dist_to_outlet_m": 2014.5926875757211, "observable": true, "access": false}}, {"type": "Feature", "geometry": {"type": "Point", "coordinates": [3.7404108, 50.8794657]}, "properties": {"role": "node", "id": "1442431503", "dist_to_outlet_m": 2011.0184478559024, "observable": true, "access": false}}, {"type": "Feature", "geometry": {"type": "Point", "coordinates": [3.740072, 50.8794678]}, "properties": {"role": "node", "id": "1442432215", "dist_to_outlet_m": 1987.2474755873106, "observable": true, "access": false}}, {"type": "Feature", "geometry": {"type": "Point", "coordinates": [3.7399003, 50.8794407]}, "properties": {"role": "node", "id": "1442431336", "dist_to_outlet_m": 1974.8300133978125, "observable": true, "access": false}}, {"type": "Feature", "geometry": {"type": "Point", "coordinates": [3.7397716, 50.8794475]}, "properties": {"role": "node", "id": "1442431418", "dist_to_outlet_m": 1965.7689587386997, "observable": true, "access": false}}, {"type": "Feature", "geometry": {"type": "Point", "coordinates": [3.7395105, 50.8795586]}, "properties": {"role": "node", "id": "1442432403", "dist_to_outlet_m": 1943.6741285178248, "observable": true, "access": true}}, {"type": "Feature", "geometry": {"type": "Point", "coordinates": [3.7393102, 50.8796201]}, "properties": {"role": "node", "id": "1442432070", "dist_to_outlet_m": 1928.045767175897, "observable": true, "access": false}}, {"type": "Feature", "geometry": {"type": "Point", "coordinates": [3.7391022, 50.8796823]}, "properties": {"role": "node", "id": "1442432419", "dist_to_outlet_m": 1911.8967479482035, "observable": true, "access": false}}, {"type": "Feature", "geometry": {"type": "Point", "coordinates": [3.7389091, 50.8797263]}, "properties": {"role": "node", "id": "1442432404", "dist_to_outlet_m": 1897.4927550147816, "observable": true, "access": false}}, {"type": "Feature", "geometry": {"type": "Point", "coordinates": [3.7388296, 50.8797233]}, "properties": {"role": "node", "id": "2070106807", "dist_to_outlet_m": 1891.905189092294, "observable": true, "access": false}}, {"type": "Feature", "geometry": {"type": "Point", "coordinates": [3.7387789, 50.8797123]}, "properties": {"role": "node", "id": "2070106799", "dist_to_outlet_m": 1888.1437287690717, "observable": true, "access": false}}, {"type": "Feature", "geometry": {"type": "Point", "coordinates": [3.7386327, 50.8796451]}, "properties": {"role": "node", "id": "1442432200", "dist_to_outlet_m": 1875.4533781319165, "observable": true, "access": false}}, {"type": "Feature", "geometry": {"type": "Point", "coordinates": [3.7384791, 50.8795969]}, "properties": {"role": "node", "id": "1442431430", "dist_to_outlet_m": 1863.4177914944214, "observable": true, "access": false}}, {"type": "Feature", "geometry": {"type": "Point", "coordinates": [3.7383133, 50.8795996]}, "properties": {"role": "node", "id": "1442432444", "dist_to_outlet_m": 1851.7816098635317, "observable": true, "access": false}}, {"type": "Feature", "geometry": {"type": "Point", "coordinates": [3.7381155, 50.8796233]}, "properties": {"role": "node", "id": "2070106762", "dist_to_outlet_m": 1837.6562204077682, "observable": true, "access": false}}, {"type": "Feature", "geometry": {"type": "Point", "coordinates": [3.7378999, 50.8797]}, "properties": {"role": "node", "id": "1442431541", "dist_to_outlet_m": 1820.2913280734097, "observable": true, "access": true}}, {"type": "Feature", "geometry": {"type": "Point", "coordinates": [3.7375351, 50.8798183]}, "properties": {"role": "node", "id": "1442431729", "dist_to_outlet_m": 1791.514956812796, "observable": true, "access": false}}, {"type": "Feature", "geometry": {"type": "Point", "coordinates": [3.737079, 50.8799068]}, "properties": {"role": "node", "id": "1442431689", "dist_to_outlet_m": 1758.036777668271, "observable": true, "access": false}}, {"type": "Feature", "geometry": {"type": "Point", "coordinates": [3.7368641, 50.8799417]}, "properties": {"role": "node", "id": "1442432054", "dist_to_outlet_m": 1742.4683615495587, "observable": true, "access": false}}, {"type": "Feature", "geometry": {"type": "Point", "coordinates": [3.7365851, 50.879962]}, "properties": {"role": "node", "id": "1442431922", "dist_to_outlet_m": 1722.764518633923, "observable": true, "access": false}}, {"type": "Feature", "geometry": {"type": "Point", "coordinates": [3.7364296, 50.8799518]}, "properties": {"role": "node", "id": "1442432431", "dist_to_outlet_m": 1711.7961309528919, "observable": true, "access": true}}, {"type": "Feature", "geometry": {"type": "Point", "coordinates": [3.7361882, 50.8799924]}, "properties": {"role": "node", "id": "1442431891", "dist_to_outlet_m": 1694.2685922805636, "observable": true, "access": false}}, {"type": "Feature", "geometry": {"type": "Point", "coordinates": [3.735731, 50.8800947]}, "properties": {"role": "node", "id": "1442431566", "dist_to_outlet_m": 1660.235061960563, "observable": true, "access": false}}, {"type": "Feature", "geometry": {"type": "Point", "coordinates": [3.7352696, 50.8801859]}, "properties": {"role": "node", "id": "1442432157", "dist_to_outlet_m": 1626.3129397592195, "observable": true, "access": false}}, {"type": "Feature", "geometry": {"type": "Point", "coordinates": [3.7349338, 50.8802181]}, "properties": {"role": "node", "id": "1442431635", "dist_to_outlet_m": 1602.4834368499025, "observable": true, "access": true}}, {"type": "Feature", "geometry": {"type": "Point", "coordinates": [3.7346807, 50.8802293]}, "properties": {"role": "node", "id": "1442431381", "dist_to_outlet_m": 1584.6828962338104, "observable": true, "access": false}}, {"type": "Feature", "geometry": {"type": "Point", "coordinates": [3.734397, 50.8802517]}, "properties": {"role": "node", "id": "1442432004", "dist_to_outlet_m": 1564.623912590334, "observable": true, "access": false}}, {"type": "Feature", "geometry": {"type": "Point", "coordinates": [3.7340721, 50.8803485]}, "properties": {"role": "node", "id": "1442432402", "dist_to_outlet_m": 1539.4161251323212, "observable": true, "access": false}}, {"type": "Feature", "geometry": {"type": "Point", "coordinates": [3.7336442, 50.8804613]}, "properties": {"role": "node", "id": "1442432377", "dist_to_outlet_m": 1506.880844052821, "observable": true, "access": false}}, {"type": "Feature", "geometry": {"type": "Point", "coordinates": [3.7333826, 50.880517]}, "properties": {"role": "node", "id": "1442431795", "dist_to_outlet_m": 1487.510801322505, "observable": true, "access": true}}, {"type": "Feature", "geometry": {"type": "Point", "coordinates": [3.7332944, 50.8805369]}, "properties": {"role": "node", "id": "2069790971", "dist_to_outlet_m": 1480.9391846395827, "observable": true, "access": false}}, {"type": "Feature", "geometry": {"type": "Point", "coordinates": [3.7332277, 50.8805642]}, "properties": {"role": "node", "id": "1442432426", "dist_to_outlet_m": 1475.3613172942496, "observable": true, "access": false}}, {"type": "Feature", "geometry": {"type": "Point", "coordinates": [3.7331243, 50.8806666]}, "properties": {"role": "node", "id": "1442432075", "dist_to_outlet_m": 1461.8604534426506, "observable": true, "access": false}}, {"type": "Feature", "geometry": {"type": "Point", "coordinates": [3.733016, 50.8807677]}, "properties": {"role": "node", "id": "1442431387", "dist_to_outlet_m": 1448.2918183757938, "observable": true, "access": false}}, {"type": "Feature", "geometry": {"type": "Point", "coordinates": [3.7329212, 50.880781]}, "properties": {"role": "node", "id": "1442431197", "dist_to_outlet_m": 1441.478504072422, "observable": true, "access": false}}, {"type": "Feature", "geometry": {"type": "Point", "coordinates": [3.7328247, 50.880781]}, "properties": {"role": "node", "id": "1442431622", "dist_to_outlet_m": 1434.7083640251049, "observable": true, "access": false}}, {"type": "Feature", "geometry": {"type": "Point", "coordinates": [3.7327358, 50.8807512]}, "properties": {"role": "node", "id": "1442431260", "dist_to_outlet_m": 1427.6458188395864, "observable": true, "access": false}}, {"type": "Feature", "geometry": {"type": "Point", "coordinates": [3.732592, 50.8807178]}, "properties": {"role": "node", "id": "1442431362", "dist_to_outlet_m": 1416.8953584659573, "observable": true, "access": false}}, {"type": "Feature", "geometry": {"type": "Point", "coordinates": [3.7324438, 50.8807133]}, "properties": {"role": "node", "id": "1442432424", "dist_to_outlet_m": 1406.486058941636, "observable": true, "access": false}}, {"type": "Feature", "geometry": {"type": "Point", "coordinates": [3.7322882, 50.880754]}, "properties": {"role": "node", "id": "1442431671", "dist_to_outlet_m": 1394.6687132408972, "observable": true, "access": false}}, {"type": "Feature", "geometry": {"type": "Point", "coordinates": [3.7321595, 50.8808187]}, "properties": {"role": "node", "id": "1442432319", "dist_to_outlet_m": 1383.1238264797917, "observable": true, "access": false}}, {"type": "Feature", "geometry": {"type": "Point", "coordinates": [3.731969, 50.8808413]}, "properties": {"role": "node", "id": "1442432407", "dist_to_outlet_m": 1369.5247438699748, "observable": true, "access": true}}, {"type": "Feature", "geometry": {"type": "Point", "coordinates": [3.7317554, 50.8808828]}, "properties": {"role": "node", "id": "1442431564", "dist_to_outlet_m": 1353.8448450693304, "observable": true, "access": false}}, {"type": "Feature", "geometry": {"type": "Point", "coordinates": [3.7315821, 50.8809713]}, "properties": {"role": "node", "id": "1442432273", "dist_to_outlet_m": 1338.2032012468392, "observable": true, "access": false}}, {"type": "Feature", "geometry": {"type": "Point", "coordinates": [3.7313937, 50.8811123]}, "properties": {"role": "node", "id": "1442432119", "dist_to_outlet_m": 1317.696695564397, "observable": true, "access": false}}, {"type": "Feature", "geometry": {"type": "Point", "coordinates": [3.7313072, 50.8811453]}, "properties": {"role": "node", "id": "1442432336", "dist_to_outlet_m": 1310.6050285363076, "observable": true, "access": false}}, {"type": "Feature", "geometry": {"type": "Point", "coordinates": [3.7312529, 50.88115]}, "properties": {"role": "node", "id": "1442431930", "dist_to_outlet_m": 1306.759858068336, "observable": true, "access": false}}, {"type": "Feature", "geometry": {"type": "Point", "coordinates": [3.7311617, 50.88115]}, "properties": {"role": "node", "id": "1442431187", "dist_to_outlet_m": 1300.3616002172728, "observable": true, "access": false}}, {"type": "Feature", "geometry": {"type": "Point", "coordinates": [3.7309257, 50.8810687]}, "properties": {"role": "node", "id": "1442431964", "dist_to_outlet_m": 1281.497466833687, "observable": true, "access": false}}, {"type": "Feature", "geometry": {"type": "Point", "coordinates": [3.7308076, 50.8810484]}, "properties": {"role": "node", "id": "1442432417", "dist_to_outlet_m": 1272.9100119926752, "observable": true, "access": false}}, {"type": "Feature", "geometry": {"type": "Point", "coordinates": [3.730723, 50.8810516]}, "properties": {"role": "node", "id": "2069791089", "dist_to_outlet_m": 1266.9641167850048, "observable": true, "access": false}}, {"type": "Feature", "geometry": {"type": "Point", "coordinates": [3.7306306, 50.8810755]}, "properties": {"role": "node", "id": "1442432002", "dist_to_outlet_m": 1259.9580570153482, "observable": true, "access": false}}, {"type": "Feature", "geometry": {"type": "Point", "coordinates": [3.7305394, 50.8811127]}, "properties": {"role": "node", "id": "1442432420", "dist_to_outlet_m": 1252.3391311805121, "observable": true, "access": true}}, {"type": "Feature", "geometry": {"type": "Point", "coordinates": [3.7303141, 50.8811669]}, "properties": {"role": "node", "id": "1442432103", "dist_to_outlet_m": 1235.4229059399593, "observable": true, "access": false}}, {"type": "Feature", "geometry": {"type": "Point", "coordinates": [3.7301693, 50.8812041]}, "properties": {"role": "node", "id": "1442431201", "dist_to_outlet_m": 1224.4544061783654, "observable": true, "access": false}}, {"type": "Feature", "geometry": {"type": "Point", "coordinates": [3.7300727, 50.8812244]}, "properties": {"role": "node", "id": "1442431675", "dist_to_outlet_m": 1217.3112839645737, "observable": true, "access": false}}, {"type": "Feature", "geometry": {"type": "Point", "coordinates": [3.7299601, 50.8812312]}, "properties": {"role": "node", "id": "1442431953", "dist_to_outlet_m": 1209.3755891657363, "observable": true, "access": false}}, {"type": "Feature", "geometry": {"type": "Point", "coordinates": [3.7297297, 50.8812684]}, "properties": {"role": "node", "id": "1442431339", "dist_to_outlet_m": 1192.6907263531232, "observable": true, "access": false}}, {"type": "Feature", "geometry": {"type": "Point", "coordinates": [3.7295526, 50.8812921]}, "properties": {"role": "node", "id": "1442432139", "dist_to_outlet_m": 1179.9896674512836, "observable": true, "access": false}}, {"type": "Feature", "geometry": {"type": "Point", "coordinates": [3.7294295, 50.881328]}, "properties": {"role": "node", "id": "1442432247", "dist_to_outlet_m": 1170.475495737007, "observable": true, "access": false}}, {"type": "Feature", "geometry": {"type": "Point", "coordinates": [3.7293059, 50.8813767]}, "properties": {"role": "node", "id": "1442432241", "dist_to_outlet_m": 1160.2522131747364, "observable": true, "access": false}}, {"type": "Feature", "geometry": {"type": "Point", "coordinates": [3.7291935, 50.8814261]}, "properties": {"role": "node", "id": "1442431649", "dist_to_outlet_m": 1150.6420649311112, "observable": true, "access": true}}, {"type": "Feature", "geometry": {"type": "Point", "coordinates": [3.7290537, 50.8814273]}, "properties": {"role": "node", "id": "1442431614", "dist_to_outlet_m": 1140.8333597560372, "observable": true, "access": false}}, {"type": "Feature", "geometry": {"type": "Point", "coordinates": [3.7289182, 50.8814214]}, "properties": {"role": "node", "id": "1442431615", "dist_to_outlet_m": 1131.304620962087, "observable": true, "access": false}}, {"type": "Feature", "geometry": {"type": "Point", "coordinates": [3.728765, 50.8814039]}, "properties": {"role": "node", "id": "1442431570", "dist_to_outlet_m": 1120.3819970960594, "observable": true, "access": false}}, {"type": "Feature", "geometry": {"type": "Point", "coordinates": [3.72863, 50.8813848]}, "properties": {"role": "node", "id": "1442432014", "dist_to_outlet_m": 1110.6757351641998, "observable": true, "access": false}}, {"type": "Feature", "geometry": {"type": "Point", "coordinates": [3.7284942, 50.8813642]}, "properties": {"role": "node", "id": "1442432043", "dist_to_outlet_m": 1100.8770533901993, "observable": true, "access": false}}, {"type": "Feature", "geometry": {"type": "Point", "coordinates": [3.7283585, 50.8813397]}, "properties": {"role": "node", "id": "7526199290", "dist_to_outlet_m": 1090.974761614038, "observable": true, "access": false}}, {"type": "Feature", "geometry": {"type": "Point", "coordinates": [3.7282895, 50.8813316]}, "properties": {"role": "node", "id": "1442431639", "dist_to_outlet_m": 1086.0509159245212, "observable": true, "access": false}}, {"type": "Feature", "geometry": {"type": "Point", "coordinates": [3.7281917, 50.8813309]}, "properties": {"role": "node", "id": "1442431574", "dist_to_outlet_m": 1079.1892114583882, "observable": true, "access": false}}, {"type": "Feature", "geometry": {"type": "Point", "coordinates": [3.7280273, 50.8813437]}, "properties": {"role": "node", "id": "1442431740", "dist_to_outlet_m": 1067.5680680910145, "observable": true, "access": false}}, {"type": "Feature", "geometry": {"type": "Point", "coordinates": [3.7278736, 50.8813711]}, "properties": {"role": "node", "id": "1442431551", "dist_to_outlet_m": 1056.3629216454788, "observable": true, "access": false}}, {"type": "Feature", "geometry": {"type": "Point", "coordinates": [3.7277684, 50.8814141]}, "properties": {"role": "node", "id": "1442431237", "dist_to_outlet_m": 1047.569058074706, "observable": true, "access": false}}, {"type": "Feature", "geometry": {"type": "Point", "coordinates": [3.7276991, 50.8814562]}, "properties": {"role": "node", "id": "7526199289", "dist_to_outlet_m": 1040.8198528520672, "observable": true, "access": true}}, {"type": "Feature", "geometry": {"type": "Point", "coordinates": [3.7276415, 50.8814937]}, "properties": {"role": "node", "id": "1442431605", "dist_to_outlet_m": 1035.0132353644024, "observable": true, "access": false}}, {"type": "Feature", "geometry": {"type": "Point", "coordinates": [3.7275254, 50.8815326]}, "properties": {"role": "node", "id": "1442431372", "dist_to_outlet_m": 1025.7908579813795, "observable": true, "access": false}}, {"type": "Feature", "geometry": {"type": "Point", "coordinates": [3.7272602, 50.8816015]}, "properties": {"role": "node", "id": "1442432275", "dist_to_outlet_m": 1005.6699002124573, "observable": true, "access": false}}, {"type": "Feature", "geometry": {"type": "Point", "coordinates": [3.7271811, 50.8816163]}, "properties": {"role": "node", "id": "7526199288", "dist_to_outlet_m": 999.8817107472227, "observable": true, "access": false}}, {"type": "Feature", "geometry": {"type": "Point", "coordinates": [3.7271162, 50.8816149]}, "properties": {"role": "node", "id": "7526199287", "dist_to_outlet_m": 995.3259495416821, "observable": true, "access": false}}, {"type": "Feature", "geometry": {"type": "Point", "coordinates": [3.7270472, 50.8816004]}, "properties": {"role": "node", "id": "1442431516", "dist_to_outlet_m": 990.2237581660065, "observable": true, "access": false}}, {"type": "Feature", "geometry": {"type": "Point", "coordinates": [3.7269635, 50.8815586]}, "properties": {"role": "node", "id": "1442432316", "dist_to_outlet_m": 982.7348216300735, "observable": true, "access": false}}, {"type": "Feature", "geometry": {"type": "Point", "coordinates": [3.726787, 50.8814282]}, "properties": {"role": "node", "id": "1442432270", "dist_to_outlet_m": 963.6672813621134, "observable": true, "access": false}}, {"type": "Feature", "geometry": {"type": "Point", "coordinates": [3.726728, 50.8813934]}, "properties": {"role": "node", "id": "7526199286", "dist_to_outlet_m": 958.0010076158534, "observable": true, "access": false}}, {"type": "Feature", "geometry": {"type": "Point", "coordinates": [3.7266629, 50.881371]}, "properties": {"role": "node", "id": "7526199285", "dist_to_outlet_m": 952.7988139181336, "observable": true, "access": false}}, {"type": "Feature", "geometry": {"type": "Point", "coordinates": [3.7265861, 50.8813598]}, "properties": {"role": "node", "id": "1442431207", "dist_to_outlet_m": 947.2687753922324, "observable": true, "access": false}}, {"type": "Feature", "geometry": {"type": "Point", "coordinates": [3.7264825, 50.8813682]}, "properties": {"role": "node", "id": "1442431256", "dist_to_outlet_m": 939.9408411836217, "observable": true, "access": false}}, {"type": "Feature", "geometry": {"type": "Point", "coordinates": [3.7263704, 50.8814039]}, "properties": {"role": "node", "id": "1442431548", "dist_to_outlet_m": 931.1312825816864, "observable": true, "access": false}}, {"type": "Feature", "geometry": {"type": "Point", "coordinates": [3.7262232, 50.8814871]}, "properties": {"role": "node", "id": "1442432371", "dist_to_outlet_m": 917.2664143486403, "observable": true, "access": true}}, {"type": "Feature", "geometry": {"type": "Point", "coordinates": [3.7260803, 50.8815787]}, "properties": {"role": "node", "id": "1442431572", "dist_to_outlet_m": 902.9748329787071, "observable": true, "access": false}}, {"type": "Feature", "geometry": {"type": "Point", "coordinates": [3.7258673, 50.8816812]}, "properties": {"role": "node", "id": "1442432018", "dist_to_outlet_m": 884.1812129929815, "observable": true, "access": false}}, {"type": "Feature", "geometry": {"type": "Point", "coordinates": [3.72575, 50.8817244]}, "properties": {"role": "node", "id": "7860539268", "dist_to_outlet_m": 874.6525628390035, "observable": true, "access": false}}, {"type": "Feature", "geometry": {"type": "Point", "coordinates": [3.7256959, 50.8817443]}, "properties": {"role": "node", "id": "1442432304", "dist_to_outlet_m": 870.2592122346534, "observable": true, "access": false}}, {"type": "Feature", "geometry": {"type": "Point", "coordinates": [3.7254998, 50.8817741]}, "properties": {"role": "node", "id": "1442432450", "dist_to_outlet_m": 856.1083043442657, "observable": true, "access": false}}, {"type": "Feature", "geometry": {"type": "Point", "coordinates": [3.7253048, 50.8818058]}, "properties": {"role": "node", "id": "1442431344", "dist_to_outlet_m": 841.9811915198396, "observable": true, "access": false}}, {"type": "Feature", "geometry": {"type": "Point", "coordinates": [3.7251645, 50.8818402]}, "properties": {"role": "node", "id": "1442432448", "dist_to_outlet_m": 831.4212681310484, "observable": true, "access": false}}, {"type": "Feature", "geometry": {"type": "Point", "coordinates": [3.725053, 50.8818753]}, "properties": {"role": "node", "id": "1442432295", "dist_to_outlet_m": 822.6793272184382, "observable": true, "access": false}}, {"type": "Feature", "geometry": {"type": "Point", "coordinates": [3.7249084, 50.881922]}, "properties": {"role": "node", "id": "1442432415", "dist_to_outlet_m": 811.2830588992998, "observable": true, "access": true}}, {"type": "Feature", "geometry": {"type": "Point", "coordinates": [3.7246925, 50.8819689]}, "properties": {"role": "node", "id": "1442431334", "dist_to_outlet_m": 795.2639154893365, "observable": true, "access": false}}, {"type": "Feature", "geometry": {"type": "Point", "coordinates": [3.724512, 50.8820156]}, "properties": {"role": "node", "id": "1442432439", "dist_to_outlet_m": 781.5775531745588, "observable": true, "access": false}}, {"type": "Feature", "geometry": {"type": "Point", "coordinates": [3.7243193, 50.8820573]}, "properties": {"role": "node", "id": "1442431332", "dist_to_outlet_m": 767.285597723548, "observable": true, "access": false}}, {"type": "Feature", "geometry": {"type": "Point", "coordinates": [3.7240596, 50.8821339]}, "properties": {"role": "node", "id": "1442432142", "dist_to_outlet_m": 747.173693064114, "observable": true, "access": false}}, {"type": "Feature", "geometry": {"type": "Point", "coordinates": [3.7238237, 50.882208]}, "properties": {"role": "node", "id": "1442431330", "dist_to_outlet_m": 728.6864920616583, "observable": true, "access": false}}, {"type": "Feature", "geometry": {"type": "Point", "coordinates": [3.7236571, 50.8822735]}, "properties": {"role": "node", "id": "1442432325", "dist_to_outlet_m": 714.9151449184483, "observable": true, "access": false}}, {"type": "Feature", "geometry": {"type": "Point", "coordinates": [3.7235338, 50.8823175]}, "properties": {"role": "node", "id": "1442431469", "dist_to_outlet_m": 704.9772926695128, "observable": true, "access": true}}, {"type": "Feature", "geometry": {"type": "Point", "coordinates": [3.7231961, 50.882411]}, "properties": {"role": "node", "id": "1442431491", "dist_to_outlet_m": 679.1052269410046, "observable": true, "access": false}}, {"type": "Feature", "geometry": {"type": "Point", "coordinates": [3.7229332, 50.8824787]}, "properties": {"role": "node", "id": "1442432052", "dist_to_outlet_m": 659.1845047736092, "observable": true, "access": false}}, {"type": "Feature", "geometry": {"type": "Point", "coordinates": [3.7227569, 50.8825212]}, "properties": {"role": "node", "id": "5009077590", "dist_to_outlet_m": 645.9442064073838, "observable": true, "access": false}}, {"type": "Feature", "geometry": {"type": "Point", "coordinates": [3.7225452, 50.8825776]}, "properties": {"role": "node", "id": "1442432441", "dist_to_outlet_m": 629.8227332407048, "observable": true, "access": false}}, {"type": "Feature", "geometry": {"type": "Point", "coordinates": [3.7218258, 50.8827742]}, "properties": {"role": "node", "id": "1442431169", "dist_to_outlet_m": 574.8227218207697, "observable": true, "access": true}}, {"type": "Feature", "geometry": {"type": "Point", "coordinates": [3.7206051, 50.8831962]}, "properties": {"role": "node", "id": "1442431761", "dist_to_outlet_m": 477.17288590864126, "observable": true, "access": false}}, {"type": "Feature", "geometry": {"type": "Point", "coordinates": [3.7202722, 50.8832922]}, "properties": {"role": "node", "id": "1442431451", "dist_to_outlet_m": 451.49490781621745, "observable": true, "access": true}}, {"type": "Feature", "geometry": {"type": "Point", "coordinates": [3.7200583, 50.8833472]}, "properties": {"role": "node", "id": "1442431290", "dist_to_outlet_m": 435.2907626474895, "observable": true, "access": false}}, {"type": "Feature", "geometry": {"type": "Point", "coordinates": [3.7199298, 50.8833643]}, "properties": {"role": "node", "id": "2059655653", "dist_to_outlet_m": 426.07775082891834, "observable": true, "access": false}}, {"type": "Feature", "geometry": {"type": "Point", "coordinates": [3.7198189, 50.8833586]}, "properties": {"role": "node", "id": "1442431283", "dist_to_outlet_m": 418.2720077668211, "observable": true, "access": false}}, {"type": "Feature", "geometry": {"type": "Point", "coordinates": [3.7197571, 50.8833405]}, "properties": {"role": "node", "id": "7860492636", "dist_to_outlet_m": 413.49216899794527, "observable": true, "access": false}}, {"type": "Feature", "geometry": {"type": "Point", "coordinates": [3.7196606, 50.8832786]}, "properties": {"role": "node", "id": "1442432130", "dist_to_outlet_m": 403.8378931518759, "observable": true, "access": false}}, {"type": "Feature", "geometry": {"type": "Point", "coordinates": [3.7195373, 50.8832042]}, "properties": {"role": "node", "id": "1442431248", "dist_to_outlet_m": 391.86870444703595, "observable": true, "access": false}}, {"type": "Feature", "geometry": {"type": "Point", "coordinates": [3.7194088, 50.8831725]}, "properties": {"role": "node", "id": "1442432292", "dist_to_outlet_m": 382.1893710225418, "observable": true, "access": false}}, {"type": "Feature", "geometry": {"type": "Point", "coordinates": [3.7192637, 50.8831568]}, "properties": {"role": "node", "id": "1442432408", "dist_to_outlet_m": 371.86151103738325, "observable": true, "access": false}}, {"type": "Feature", "geometry": {"type": "Point", "coordinates": [3.7191349, 50.8831602]}, "properties": {"role": "node", "id": "1442431397", "dist_to_outlet_m": 362.81785870466325, "observable": true, "access": false}}, {"type": "Feature", "geometry": {"type": "Point", "coordinates": [3.718985, 50.8831928]}, "properties": {"role": "node", "id": "1442431252", "dist_to_outlet_m": 351.69463631482233, "observable": true, "access": false}}, {"type": "Feature", "geometry": {"type": "Point", "coordinates": [3.7188828, 50.8832008]}, "properties": {"role": "node", "id": "1442431164", "dist_to_outlet_m": 344.4699994755707, "observable": true, "access": false}}, {"type": "Feature", "geometry": {"type": "Point", "coordinates": [3.7187487, 50.8832008]}, "properties": {"role": "node", "id": "1442431358", "dist_to_outlet_m": 335.06244889406787, "observable": true, "access": true}}, {"type": "Feature", "geometry": {"type": "Point", "coordinates": [3.718518, 50.8832008]}, "properties": {"role": "node", "id": "1442431455", "dist_to_outlet_m": 318.87809453797, "observable": true, "access": false}}, {"type": "Feature", "geometry": {"type": "Point", "coordinates": [3.7181452, 50.8831457]}, "properties": {"role": "node", "id": "1442432396", "dist_to_outlet_m": 292.016872674802, "observable": true, "access": false}}, {"type": "Feature", "geometry": {"type": "Point", "coordinates": [3.7178921, 50.8831216]}, "properties": {"role": "node", "id": "1442431483", "dist_to_outlet_m": 274.05997425821033, "observable": true, "access": false}}, {"type": "Feature", "geometry": {"type": "Point", "coordinates": [3.7172712, 50.8830904]}, "properties": {"role": "node", "id": "9167222096", "dist_to_outlet_m": 230.36379336499544, "observable": true, "access": false}}, {"type": "Feature", "geometry": {"type": "Point", "coordinates": [3.7170794, 50.8830808]}, "properties": {"role": "node", "id": "1442432272", "dist_to_outlet_m": 4149.328918143419, "observable": true, "access": true}}, {"type": "Feature", "geometry": {"type": "Point", "coordinates": [3.7168577, 50.8830656]}, "properties": {"role": "node", "id": "1442432081", "dist_to_outlet_m": 4133.68433407391, "observable": true, "access": false}}, {"type": "Feature", "geometry": {"type": "Point", "coordinates": [3.7166461, 50.883027]}, "properties": {"role": "node", "id": "1442432150", "dist_to_outlet_m": 4118.23179985892, "observable": true, "access": false}}, {"type": "Feature", "geometry": {"type": "Point", "coordinates": [3.7165728, 50.8830038]}, "properties": {"role": "node", "id": "7860492635", "dist_to_outlet_m": 4112.4787364352815, "observable": true, "access": false}}, {"type": "Feature", "geometry": {"type": "Point", "coordinates": [3.7165015, 50.8830088]}, "properties": {"role": "node", "id": "1442431253", "dist_to_outlet_m": 4107.4459850652565, "observable": true, "access": false}}, {"type": "Feature", "geometry": {"type": "Point", "coordinates": [3.7163884, 50.8830316]}, "properties": {"role": "node", "id": "1442432343", "dist_to_outlet_m": 4099.116424331987, "observable": true, "access": false}}, {"type": "Feature", "geometry": {"type": "Point", "coordinates": [3.7162972, 50.8830823]}, "properties": {"role": "node", "id": "1442431383", "dist_to_outlet_m": 4090.5890160343806, "observable": true, "access": false}}, {"type": "Feature", "geometry": {"type": "Point", "coordinates": [3.7161952, 50.8830823]}, "properties": {"role": "node", "id": "1442432076", "dist_to_outlet_m": 4083.433366519864, "observable": true, "access": false}}, {"type": "Feature", "geometry": {"type": "Point", "coordinates": [3.7160611, 50.8831297]}, "properties": {"role": "node", "id": "1442432077", "dist_to_outlet_m": 4072.649952910105, "observable": true, "access": false}}, {"type": "Feature", "geometry": {"type": "Point", "coordinates": [3.7158797, 50.8833026]}, "properties": {"role": "node", "id": "1442432445", "dist_to_outlet_m": 4049.5941583508106, "observable": true, "access": false}}, {"type": "Feature", "geometry": {"type": "Point", "coordinates": [3.7158012, 50.8833961]}, "properties": {"role": "node", "id": "1442432421", "dist_to_outlet_m": 4037.8289940978884, "observable": true, "access": false}}, {"type": "Feature", "geometry": {"type": "Point", "coordinates": [3.7156874, 50.8834462]}, "properties": {"role": "node", "id": "4901146324", "dist_to_outlet_m": 4028.094044086878, "observable": true, "access": true}}, {"type": "Feature", "geometry": {"type": "Point", "coordinates": [3.7155911, 50.8834649]}, "properties": {"role": "node", "id": "1442432432", "dist_to_outlet_m": 4021.0255618938913, "observable": true, "access": false}}, {"type": "Feature", "geometry": {"type": "Point", "coordinates": [3.7154291, 50.8834615]}, "properties": {"role": "node", "id": "1442431481", "dist_to_outlet_m": 4009.654513073119, "observable": true, "access": false}}, {"type": "Feature", "geometry": {"type": "Point", "coordinates": [3.7152467, 50.8834198]}, "properties": {"role": "node", "id": "1442432411", "dist_to_outlet_m": 3996.044410511082, "observable": true, "access": false}}, {"type": "Feature", "geometry": {"type": "Point", "coordinates": [3.7150955, 50.8833869]}, "properties": {"role": "node", "id": "1442431497", "dist_to_outlet_m": 3984.8241451108756, "observable": true, "access": false}}, {"type": "Feature", "geometry": {"type": "Point", "coordinates": [3.7149277, 50.8833755]}, "properties": {"role": "node", "id": "1442431219", "dist_to_outlet_m": 3972.98442096087, "observable": true, "access": false}}, {"type": "Feature", "geometry": {"type": "Point", "coordinates": [3.7144895, 50.8833995]}, "properties": {"role": "node", "id": "1442431204", "dist_to_outlet_m": 3942.1277720936423, "observable": true, "access": false}}, {"type": "Feature", "geometry": {"type": "Point", "coordinates": [3.7143696, 50.8833941]}, "properties": {"role": "node", "id": "7860492634", "dist_to_outlet_m": 3933.695028274757, "observable": true, "access": false}}, {"type": "Feature", "geometry": {"type": "Point", "coordinates": [3.7142986, 50.8833955]}, "properties": {"role": "node", "id": "7858897932", "dist_to_outlet_m": 3928.7117362697827, "observable": true, "access": false}}, {"type": "Feature", "geometry": {"type": "Point", "coordinates": [3.7142219, 50.8834044]}, "properties": {"role": "node", "id": "1442432072", "dist_to_outlet_m": 3923.2407542108044, "observable": true, "access": true}}, {"type": "Feature", "geometry": {"type": "Point", "coordinates": [3.7139985, 50.8834546]}, "properties": {"role": "node", "id": "1442431403", "dist_to_outlet_m": 3906.6041945050288, "observable": true, "access": false}}, {"type": "Feature", "geometry": {"type": "Point", "coordinates": [3.7137974, 50.8834716]}, "properties": {"role": "node", "id": "1442432376", "dist_to_outlet_m": 3892.370376334789, "observable": true, "access": false}}, {"type": "Feature", "geometry": {"type": "Point", "coordinates": [3.7136315, 50.8834496]}, "properties": {"role": "node", "id": "1442432135", "dist_to_outlet_m": 3880.4777010045523, "observable": true, "access": false}}, {"type": "Feature", "geometry": {"type": "Point", "coordinates": [3.7135388, 50.883441]}, "properties": {"role": "node", "id": "7860492633", "dist_to_outlet_m": 3873.904595932747, "observable": true, "access": false}}, {"type": "Feature", "geometry": {"type": "Point", "coordinates": [3.7134379, 50.8834411]}, "properties": {"role": "node", "id": "1442431342", "dist_to_outlet_m": 3866.8261609579386, "observable": true, "access": false}}, {"type": "Feature", "geometry": {"type": "Point", "coordinates": [3.7132678, 50.8834738]}, "properties": {"role": "node", "id": "1442431328", "dist_to_outlet_m": 3854.351483952502, "observable": true, "access": false}}, {"type": "Feature", "geometry": {"type": "Point", "coordinates": [3.713112, 50.8835105]}, "properties": {"role": "node", "id": "1442432446", "dist_to_outlet_m": 3842.684690709738, "observable": true, "access": false}}, {"type": "Feature", "geometry": {"type": "Point", "coordinates": [3.7130785, 50.8835232]}, "properties": {"role": "node", "id": "4893837003", "dist_to_outlet_m": 3839.9429223303136, "observable": true, "access": false}}, {"type": "Feature", "geometry": {"type": "Point", "coordinates": [3.7129605, 50.8835122]}, "properties": {"role": "node", "id": "1442431523", "dist_to_outlet_m": 3831.5750186262476, "observable": true, "access": false}}, {"type": "Feature", "geometry": {"type": "Point", "coordinates": [3.7127255, 50.8834417]}, "properties": {"role": "node", "id": "1442431552", "dist_to_outlet_m": 3813.320179987334, "observable": true, "access": true}}, {"type": "Feature", "geometry": {"type": "Point", "coordinates": [3.7125155, 50.8834061]}, "properties": {"role": "node", "id": "1442431959", "dist_to_outlet_m": 3798.0655038023187, "observable": true, "access": false}}, {"type": "Feature", "geometry": {"type": "Point", "coordinates": [3.7124449, 50.8834011]}, "properties": {"role": "node", "id": "4891776045", "dist_to_outlet_m": 3793.081598358148, "observable": true, "access": false}}, {"type": "Feature", "geometry": {"type": "Point", "coordinates": [3.7123355, 50.8833945]}, "properties": {"role": "node", "id": "1442431399", "dist_to_outlet_m": 3785.371856825085, "observable": true, "access": false}}, {"type": "Feature", "geometry": {"type": "Point", "coordinates": [3.7122525, 50.8834004]}, "properties": {"role": "node", "id": "4891776046", "dist_to_outlet_m": 3779.512319384312, "observable": true, "access": false}}, {"type": "Feature", "geometry": {"type": "Point", "coordinates": [3.7121102, 50.8834165]}, "properties": {"role": "node", "id": "1442432434", "dist_to_outlet_m": 3769.370302580475, "observable": true, "access": false}}, {"type": "Feature", "geometry": {"type": "Point", "coordinates": [3.7119359, 50.8834479]}, "properties": {"role": "node", "id": "1442431307", "dist_to_outlet_m": 3756.6539292074945, "observable": true, "access": false}}, {"type": "Feature", "geometry": {"type": "Point", "coordinates": [3.7117964, 50.8834851]}, "properties": {"role": "node", "id": "1442432399", "dist_to_outlet_m": 3746.0293194025894, "observable": true, "access": false}}, {"type": "Feature", "geometry": {"type": "Point", "coordinates": [3.7116787, 50.8835279]}, "properties": {"role": "node", "id": "1442432160", "dist_to_outlet_m": 3736.498988283894, "observable": true, "access": false}}, {"type": "Feature", "geometry": {"type": "Point", "coordinates": [3.7115658, 50.8835576]}, "properties": {"role": "node", "id": "7860492632", "dist_to_outlet_m": 3727.917805717484, "observable": true, "access": false}}, {"type": "Feature", "geometry": {"type": "Point", "coordinates": [3.7114552, 50.8835658]}, "properties": {"role": "node", "id": "1442431619", "dist_to_outlet_m": 3720.1055245451907, "observable": true, "access": false}}, {"type": "Feature", "geometry": {"type": "Point", "coordinates": [3.7112707, 50.8835325]}, "properties": {"role": "node", "id": "1442431452", "dist_to_outlet_m": 3706.6431136981164, "observable": true, "access": true}}, {"type": "Feature", "geometry": {"type": "Point", "coordinates": [3.7110832, 50.8834873]}, "properties": {"role": "node", "id": "1442431577", "dist_to_outlet_m": 3692.5619487357053, "observable": true, "access": false}}, {"type": "Feature", "geometry": {"type": "Point", "coordinates": [3.710933, 50.8834388]}, "properties": {"role": "node", "id": "4891776061", "dist_to_outlet_m": 3680.7250805663243, "observable": true, "access": false}}, {"type": "Feature", "geometry": {"type": "Point", "coordinates": [3.7107866, 50.8834221]}, "properties": {"role": "node", "id": "1442432214", "dist_to_outlet_m": 3670.2881706260387, "observable": true, "access": false}}, {"type": "Feature", "geometry": {"type": "Point", "coordinates": [3.7106317, 50.8834089]}, "properties": {"role": "node", "id": "4891776062", "dist_to_outlet_m": 3659.322803909393, "observable": true, "access": false}}, {"type": "Feature", "geometry": {"type": "Point", "coordinates": [3.7104942, 50.8834111]}, "properties": {"role": "node", "id": "1442431281", "dist_to_outlet_m": 3649.673674130806, "observable": true, "access": false}}, {"type": "Feature", "geometry": {"type": "Point", "coordinates": [3.7102244, 50.8834429]}, "properties": {"role": "node", "id": "1442432274", "dist_to_outlet_m": 3630.4189539758554, "observable": true, "access": false}}, {"type": "Feature", "geometry": {"type": "Point", "coordinates": [3.7099892, 50.8834527]}, "properties": {"role": "node", "id": "1442432334", "dist_to_outlet_m": 3613.8830526412908, "observable": true, "access": false}}, {"type": "Feature", "geometry": {"type": "Point", "coordinates": [3.7098224, 50.8834376]}, "properties": {"role": "node", "id": "1442432278", "dist_to_outlet_m": 3602.0617033544913, "observable": true, "access": true}}, {"type": "Feature", "geometry": {"type": "Point", "coordinates": [3.7096506, 50.8834039]}, "properties": {"role": "node", "id": "1442431802", "dist_to_outlet_m": 3589.440322098429, "observable": true, "access": false}}, {"type": "Feature", "geometry": {"type": "Point", "coordinates": [3.7094468, 50.8833971]}, "properties": {"role": "node", "id": "1442432251", "dist_to_outlet_m": 3575.12317099379, "observable": true, "access": false}}, {"type": "Feature", "geometry": {"type": "Point", "coordinates": [3.7092796, 50.8833882]}, "properties": {"role": "node", "id": "1442432253", "dist_to_outlet_m": 3563.351922035357, "observable": true, "access": false}}, {"type": "Feature", "geometry": {"type": "Point", "coordinates": [3.7088374, 50.8834018]}, "properties": {"role": "node", "id": "1442432436", "dist_to_outlet_m": 3532.293447058832, "observable": true, "access": false}}, {"type": "Feature", "geometry": {"type": "Point", "coordinates": [3.7084181, 50.8834162]}, "properties": {"role": "node", "id": "1442431673", "dist_to_outlet_m": 3502.834773076484, "observable": true, "access": false}}, {"type": "Feature", "geometry": {"type": "Point", "coordinates": [3.7082622, 50.883414]}, "properties": {"role": "node", "id": "1442431255", "dist_to_outlet_m": 3491.895196475084, "observable": true, "access": true}}, {"type": "Feature", "geometry": {"type": "Point", "coordinates": [3.7081131, 50.8834103]}, "properties": {"role": "node", "id": "1442431244", "dist_to_outlet_m": 3481.4273064164563, "observable": true, "access": false}}, {"type": "Feature", "geometry": {"type": "Point", "coordinates": [3.7078767, 50.8834469]}, "properties": {"role": "node", "id": "1442432163", "dist_to_outlet_m": 3464.351104790786, "observable": true, "access": false}}, {"type": "Feature", "geometry": {"type": "Point", "coordinates": [3.7076446, 50.8835008]}, "properties": {"role": "node", "id": "1442432289", "dist_to_outlet_m": 3447.000604377595, "observable": true, "access": false}}, {"type": "Feature", "geometry": {"type": "Point", "coordinates": [3.7072742, 50.8835968]}, "properties": {"role": "node", "id": "1442431421", "dist_to_outlet_m": 3418.9088382367468, "observable": true, "access": false}}, {"type": "Feature", "geometry": {"type": "Point", "coordinates": [3.706947, 50.8836543]}, "properties": {"role": "node", "id": "1442431974", "dist_to_outlet_m": 3395.0810693389285, "observable": true, "access": false}}, {"type": "Feature", "geometry": {"type": "Point", "coordinates": [3.7066415, 50.8837242]}, "properties": {"role": "node", "id": "1442431487", "dist_to_outlet_m": 3372.2835845339932, "observable": true, "access": true}}, {"type": "Feature", "geometry": {"type": "Point", "coordinates": [3.7062013, 50.8837965]}, "properties": {"role": "node", "id": "1442431499", "dist_to_outlet_m": 3340.373186561266, "observable": true, "access": false}}, {"type": "Feature", "geometry": {"type": "Point", "coordinates": [3.7059224, 50.8838235]}, "properties": {"role": "node", "id": "1442432228", "dist_to_outlet_m": 3320.5786976851814, "observable": true, "access": false}}, {"type": "Feature", "geometry": {"type": "Point", "coordinates": [3.7056491, 50.8838731]}, "properties": {"role": "node", "id": "1442431413", "dist_to_outlet_m": 3300.6285748838445, "observable": true, "access": false}}, {"type": "Feature", "geometry": {"type": "Point", "coordinates": [3.7054184, 50.8839205]}, "properties": {"role": "node", "id": "1442431473", "dist_to_outlet_m": 3283.6078480743436, "observable": true, "access": false}}, {"type": "Feature", "geometry": {"type": "Point", "coordinates": [3.705225, 50.8839284]}, "properties": {"role": "node", "id": "1442431600", "dist_to_outlet_m": 3270.0120125090352, "observable": true, "access": true}}, {"type": "Feature", "geometry": {"type": "Point", "coordinates": [3.705048, 50.8839792]}, "properties": {"role": "node", "id": "1442432405", "dist_to_outlet_m": 3256.3706106376517, "observable": true, "access": false}}, {"type": "Feature", "geometry": {"type": "Point", "coordinates": [3.7048763, 50.8839826]}, "properties": {"role": "node", "id": "1442432401", "dist_to_outlet_m": 3244.319567895537, "observable": true, "access": false}}, {"type": "Feature", "geometry": {"type": "Point", "coordinates": [3.7047529, 50.8839724]}, "properties": {"role": "node", "id": "1442432393", "dist_to_outlet_m": 3235.5888182494655, "observable": true, "access": false}}, {"type": "Feature", "geometry": {"type": "Point", "coordinates": [3.7045384, 50.8839183]}, "properties": {"role": "node", "id": "1442431364", "dist_to_outlet_m": 3219.383288399642, "observable": true, "access": false}}, {"type": "Feature", "geometry": {"type": "Point", "coordinates": [3.704254, 50.8838506]}, "properties": {"role": "node", "id": "1442431441", "dist_to_outlet_m": 3198.0590477398614, "observable": true, "access": false}}, {"type": "Feature", "geometry": {"type": "Point", "coordinates": [3.7039805, 50.8838134]}, "properties": {"role": "node", "id": "1442431596", "dist_to_outlet_m": 3178.431569570391, "observable": true, "access": false}}, {"type": "Feature", "geometry": {"type": "Point", "coordinates": [3.7036586, 50.8838235]}, "properties": {"role": "node", "id": "1442432194", "dist_to_outlet_m": 3155.821628894419, "observable": true, "access": true}}, {"type": "Feature", "geometry": {"type": "Point", "coordinates": [3.7031168, 50.8838811]}, "properties": {"role": "node", "id": "1442431495", "dist_to_outlet_m": 3117.277267867183, "observable": true, "access": false}}, {"type": "Feature", "geometry": {"type": "Point", "coordinates": [3.7028164, 50.8839352]}, "properties": {"role": "node", "id": "1442431749", "dist_to_outlet_m": 3095.361759911732, "observable": true, "access": false}}, {"type": "Feature", "geometry": {"type": "Point", "coordinates": [3.7026018, 50.8839352]}, "properties": {"role": "node", "id": "1442431385", "dist_to_outlet_m": 3080.3071101587275, "observable": true, "access": false}}, {"type": "Feature", "geometry": {"type": "Point", "coordinates": [3.7022907, 50.8839589]}, "properties": {"role": "node", "id": "1442431479", "dist_to_outlet_m": 3058.3242506308998, "observable": true, "access": false}}, {"type": "Feature", "geometry": {"type": "Point", "coordinates": [3.7020332, 50.8840131]}, "properties": {"role": "node", "id": "1442431677", "dist_to_outlet_m": 3039.2812555022288, "observable": true, "access": true}}, {"type": "Feature", "geometry": {"type": "Point", "coordinates": [3.7016898, 50.8840469]}, "properties": {"role": "node", "id": "1442431194", "dist_to_outlet_m": 3014.8996423486624, "observable": true, "access": false}}, {"type": "Feature", "geometry": {"type": "Point", "coordinates": [3.7009335, 50.8840435]}, "properties": {"role": "node", "id": "1442431841", "dist_to_outlet_m": 2961.842355369438, "observable": true, "access": false}}, {"type": "Feature", "geometry": {"type": "Point", "coordinates": [3.7006921, 50.8840503]}, "properties": {"role": "node", "id": "1442431794", "dist_to_outlet_m": 2944.890796889479, "observable": true, "access": false}}, {"type": "Feature", "geometry": {"type": "Point", "coordinates": [3.7003125, 50.8840647]}, "properties": {"role": "node", "id": "1442431485", "dist_to_outlet_m": 2918.2130177752733, "observable": true, "access": true}}, {"type": "Feature", "geometry": {"type": "Point", "coordinates": [3.7000832, 50.8840673]}, "properties": {"role": "node", "id": "4864719929", "dist_to_outlet_m": 2902.124578877873, "observable": true, "access": false}}, {"type": "Feature", "geometry": {"type": "Point", "coordinates": [3.6998499, 50.8840807]}, "properties": {"role": "node", "id": "1442431432", "dist_to_outlet_m": 2885.690446946891, "observable": true, "access": false}}, {"type": "Feature", "geometry": {"type": "Point", "coordinates": [3.6994443, 50.8840847]}, "properties": {"role": "node", "id": "1442432394", "dist_to_outlet_m": 2857.233351954545, "observable": true, "access": false}}, {"type": "Feature", "geometry": {"type": "Point", "coordinates": [3.6990479, 50.8841112]}, "properties": {"role": "node", "id": "1442431602", "dist_to_outlet_m": 2829.2694556276224, "observable": true, "access": false}}, {"type": "Feature", "geometry": {"type": "Point", "coordinates": [3.6987045, 50.8841832]}, "properties": {"role": "node", "id": "1442431447", "dist_to_outlet_m": 2803.883805195947, "observable": true, "access": true}}, {"type": "Feature", "geometry": {"type": "Point", "coordinates": [3.6985329, 50.8842449]}, "properties": {"role": "node", "id": "1442432328", "dist_to_outlet_m": 2790.027980600375, "observable": true, "access": false}}, {"type": "Feature", "geometry": {"type": "Point", "coordinates": [3.6984229, 50.8843278]}, "properties": {"role": "node", "id": "1442432418", "dist_to_outlet_m": 2778.0063446431946, "observable": true, "access": false}}, {"type": "Feature", "geometry": {"type": "Point", "coordinates": [3.6982995, 50.8844479]}, "properties": {"role": "node", "id": "1442432351", "dist_to_outlet_m": 2762.091532610089, "observable": true, "access": false}}, {"type": "Feature", "geometry": {"type": "Point", "coordinates": [3.6982033, 50.8845923]}, "properties": {"role": "node", "id": "1442432400", "dist_to_outlet_m": 2744.674424345811, "observable": true, "access": false}}, {"type": "Feature", "geometry": {"type": "Point", "coordinates": [3.6981064, 50.8846832]}, "properties": {"role": "node", "id": "1442431531", "dist_to_outlet_m": 2732.493625143292, "observable": true, "access": false}}, {"type": "Feature", "geometry": {"type": "Point", "coordinates": [3.6979133, 50.8847491]}, "properties": {"role": "node", "id": "1442431288", "dist_to_outlet_m": 2717.0925186789927, "observable": true, "access": false}}, {"type": "Feature", "geometry": {"type": "Point", "coordinates": [3.6975458, 50.8847441]}, "properties": {"role": "node", "id": "4864719930", "dist_to_outlet_m": 2691.3060610530174, "observable": true, "access": true}}, {"type": "Feature", "geometry": {"type": "Point", "coordinates": [3.69735, 50.8847441]}, "properties": {"role": "node", "id": "1442432429", "dist_to_outlet_m": 2677.570510061621, "observable": true, "access": false}}, {"type": "Feature", "geometry": {"type": "Point", "coordinates": [3.6971301, 50.8847475]}, "properties": {"role": "node", "id": "1442432435", "dist_to_outlet_m": 2662.13969029795, "observable": true, "access": false}}, {"type": "Feature", "geometry": {"type": "Point", "coordinates": [3.6968716, 50.8848157]}, "properties": {"role": "node", "id": "1442431216", "dist_to_outlet_m": 2642.483868927954, "observable": true, "access": false}}, {"type": "Feature", "geometry": {"type": "Point", "coordinates": [3.6965829, 50.8848447]}, "properties": {"role": "node", "id": "1442431308", "dist_to_outlet_m": 2621.976223103804, "observable": true, "access": false}}, {"type": "Feature", "geometry": {"type": "Point", "coordinates": [3.6963349, 50.8847737]}, "properties": {"role": "node", "id": "1442432165", "dist_to_outlet_m": 2602.8712972010385, "observable": true, "access": false}}, {"type": "Feature", "geometry": {"type": "Point", "coordinates": [3.6960733, 50.8846561]}, "properties": {"role": "node", "id": "1442431624", "dist_to_outlet_m": 2580.337483265282, "observable": true, "access": true}}, {"type": "Feature", "geometry": {"type": "Point", "coordinates": [3.6958936, 50.8845707]}, "properties": {"role": "node", "id": "1442432303", "dist_to_outlet_m": 2564.554895243378, "observable": true, "access": false}}, {"type": "Feature", "geometry": {"type": "Point", "coordinates": [3.6957034, 50.8844992]}, "properties": {"role": "node", "id": "1442431369", "dist_to_outlet_m": 2549.0230296293353, "observable": true, "access": false}}, {"type": "Feature", "geometry": {"type": "Point", "coordinates": [3.6955369, 50.8844767]}, "properties": {"role": "node", "id": "1442432390", "dist_to_outlet_m": 2537.077890690193, "observable": true, "access": false}}, {"type": "Feature", "geometry": {"type": "Point", "coordinates": [3.6953491, 50.8844835]}, "properties": {"role": "node", "id": "1442431621", "dist_to_outlet_m": 2523.8817919477947, "observable": true, "access": false}}, {"type": "Feature", "geometry": {"type": "Point", "coordinates": [3.6948505, 50.8845838]}, "properties": {"role": "node", "id": "1442432041", "dist_to_outlet_m": 2487.169325110638, "observable": true, "access": false}}, {"type": "Feature", "geometry": {"type": "Point", "coordinates": [3.6945176, 50.8846798]}, "properties": {"role": "node", "id": "1442432406", "dist_to_outlet_m": 2461.4919796170693, "observable": true, "access": true}}, {"type": "Feature", "geometry": {"type": "Point", "coordinates": [3.6943542, 50.8847549]}, "properties": {"role": "node", "id": "4891869128", "dist_to_outlet_m": 2447.310033673932, "observable": true, "access": false}}, {"type": "Feature", "geometry": {"type": "Point", "coordinates": [3.6940824, 50.8848799]}, "properties": {"role": "node", "id": "1442431882", "dist_to_outlet_m": 2423.7146416320093, "observable": true, "access": false}}, {"type": "Feature", "geometry": {"type": "Point", "coordinates": [3.6938685, 50.8849607]}, "properties": {"role": "node", "id": "1442432341", "dist_to_outlet_m": 2406.225246374643, "observable": true, "access": false}}, {"type": "Feature", "geometry": {"type": "Point", "coordinates": [3.6937291, 50.8849776]}, "properties": {"role": "node", "id": "1442432330", "dist_to_outlet_m": 2396.267332529984, "observable": true, "access": false}}, {"type": "Feature", "geometry": {"type": "Point", "coordinates": [3.6932141, 50.8851176]}, "properties": {"role": "node", "id": "1442431603", "dist_to_outlet_m": 2356.9285972494513, "observable": true, "access": true}}, {"type": "Feature", "geometry": {"type": "Point", "coordinates": [3.6931067, 50.8851557]}, "properties": {"role": "node", "id": "1442432332", "dist_to_outlet_m": 2348.28501515776, "observable": true, "access": false}}, {"type": "Feature", "geometry": {"type": "Point", "coordinates": [3.6929298, 50.8852043]}, "properties": {"role": "node", "id": "1442431280", "dist_to_outlet_m": 2334.749811233035, "observable": true, "access": false}}, {"type": "Feature", "geometry": {"type": "Point", "coordinates": [3.692882, 50.8852176]}, "properties": {"role": "node", "id": "1442431454", "dist_to_outlet_m": 2331.084986118657, "observable": true, "access": false}}, {"type": "Feature", "geometry": {"type": "Point", "coordinates": [3.6928018, 50.8852418]}, "properties": {"role": "node", "id": "1442431278", "dist_to_outlet_m": 2324.848526915295, "observable": true, "access": false}}, {"type": "Feature", "geometry": {"type": "Point", "coordinates": [3.6927044, 50.8852526]}, "properties": {"role": "node", "id": "1442432353", "dist_to_outlet_m": 2317.9111675644776, "observable": true, "access": false}}, {"type": "Feature", "geometry": {"type": "Point", "coordinates": [3.6925761, 50.8852646]}, "properties": {"role": "node", "id": "1442432171", "dist_to_outlet_m": 2308.8125293936564, "observable": true, "access": false}}, {"type": "Feature", "geometry": {"type": "Point", "coordinates": [3.6925045, 50.8852254]}, "properties": {"role": "node", "id": "1442432354", "dist_to_outlet_m": 2302.1621508013586, "observable": true, "access": false}}, {"type": "Feature", "geometry": {"type": "Point", "coordinates": [3.6924673, 50.8851936]}, "properties": {"role": "node", "id": "4864719963", "dist_to_outlet_m": 2297.7674679044785, "observable": true, "access": false}}, {"type": "Feature", "geometry": {"type": "Point", "coordinates": [3.6924121, 50.8851392]}, "properties": {"role": "node", "id": "1442432301", "dist_to_outlet_m": 2290.585189350009, "observable": true, "access": false}}, {"type": "Feature", "geometry": {"type": "Point", "coordinates": [3.6923307, 50.8851147]}, "properties": {"role": "node", "id": "4864719964", "dist_to_outlet_m": 2284.258381327796, "observable": true, "access": false}}, {"type": "Feature", "geometry": {"type": "Point", "coordinates": [3.6922827, 50.8851105]}, "properties": {"role": "node", "id": "4864719965", "dist_to_outlet_m": 2280.8589311166097, "observable": true, "access": false}}, {"type": "Feature", "geometry": {"type": "Point", "coordinates": [3.6922257, 50.8851062]}, "properties": {"role": "node", "id": "1442431545", "dist_to_outlet_m": 2276.8318739314764, "observable": true, "access": false}}, {"type": "Feature", "geometry": {"type": "Point", "coordinates": [3.6921966, 50.8851091]}, "properties": {"role": "node", "id": "4864719931", "dist_to_outlet_m": 2274.765185830026, "observable": true, "access": false}}, {"type": "Feature", "geometry": {"type": "Point", "coordinates": [3.6920554, 50.8851231]}, "properties": {"role": "node", "id": "1442431415", "dist_to_outlet_m": 2264.738371044249, "observable": true, "access": false}}, {"type": "Feature", "geometry": {"type": "Point", "coordinates": [3.6918786, 50.8851422]}, "properties": {"role": "node", "id": "1442432216", "dist_to_outlet_m": 2252.1552627265273, "observable": true, "access": false}}, {"type": "Feature", "geometry": {"type": "Point", "coordinates": [3.6917174, 50.8851739]}, "properties": {"role": "node", "id": "1442432277", "dist_to_outlet_m": 2240.3103986204433, "observable": true, "access": true}}, {"type": "Feature", "geometry": {"type": "Point", "coordinates": [3.6914881, 50.8851993]}, "properties": {"role": "node", "id": "1442431424", "dist_to_outlet_m": 2223.978870971367, "observable": true, "access": false}}, {"type": "Feature", "geometry": {"type": "Point", "coordinates": [3.6912617, 50.8851557]}, "properties": {"role": "node", "id": "1442432179", "dist_to_outlet_m": 2207.373369779871, "observable": true, "access": false}}, {"type": "Feature", "geometry": {"type": "Point", "coordinates": [3.6911126, 50.8851198]}, "properties": {"role": "node", "id": "1442431427", "dist_to_outlet_m": 2196.1780761652503, "observable": true, "access": false}}, {"type": "Feature", "geometry": {"type": "Point", "coordinates": [3.6908645, 50.8850757]}, "properties": {"role": "node", "id": "1442431314", "dist_to_outlet_m": 2178.0961426160543, "observable": true, "access": false}}, {"type": "Feature", "geometry": {"type": "Point", "coordinates": [3.690446, 50.8850148]}, "properties": {"role": "node", "id": "1442431683", "dist_to_outlet_m": 2147.9672958529745, "observable": true, "access": false}}, {"type": "Feature", "geometry": {"type": "Point", "coordinates": [3.6901563, 50.884981]}, "properties": {"role": "node", "id": "1442431316", "dist_to_outlet_m": 2127.3000743196826, "observable": true, "access": true}}, {"type": "Feature", "geometry": {"type": "Point", "coordinates": [3.6900383, 50.8849471]}, "properties": {"role": "node", "id": "1442431312", "dist_to_outlet_m": 2118.2044343338875, "observable": true, "access": false}}, {"type": "Feature", "geometry": {"type": "Point", "coordinates": [3.6898927, 50.8849175]}, "properties": {"role": "node", "id": "7860472263", "dist_to_outlet_m": 2107.473285776376, "observable": true, "access": false}}, {"type": "Feature", "geometry": {"type": "Point", "coordinates": [3.6898084, 50.8849298]}, "properties": {"role": "node", "id": "1442431357", "dist_to_outlet_m": 2101.4034879228657, "observable": true, "access": false}}, {"type": "Feature", "geometry": {"type": "Point", "coordinates": [3.6897379, 50.8849674]}, "properties": {"role": "node", "id": "1442432384", "dist_to_outlet_m": 2094.927431154468, "observable": true, "access": false}}, {"type": "Feature", "geometry": {"type": "Point", "coordinates": [3.6896789, 50.8850656]}, "properties": {"role": "node", "id": "1442432440", "dist_to_outlet_m": 2083.250001826622, "observable": true, "access": false}}, {"type": "Feature", "geometry": {"type": "Point", "coordinates": [3.6896256, 50.8851191]}, "properties": {"role": "node", "id": "7860472260", "dist_to_outlet_m": 2076.223623368679, "observable": true, "access": false}}, {"type": "Feature", "geometry": {"type": "Point", "coordinates": [3.689591, 50.8851385]}, "properties": {"role": "node", "id": "1442431186", "dist_to_outlet_m": 2072.9763565773683, "observable": true, "access": false}}, {"type": "Feature", "geometry": {"type": "Point", "coordinates": [3.6895275, 50.885156]}, "properties": {"role": "node", "id": "1442431825", "dist_to_outlet_m": 2068.1153337471815, "observable": true, "access": false}}, {"type": "Feature", "geometry": {"type": "Point", "coordinates": [3.6894268, 50.8851502]}, "properties": {"role": "node", "id": "1442431800", "dist_to_outlet_m": 2061.0218188342533, "observable": true, "access": false}}, {"type": "Feature", "geometry": {"type": "Point", "coordinates": [3.6891966, 50.8850789]}, "properties": {"role": "node", "id": "7860472262", "dist_to_outlet_m": 2043.031986310188, "observable": true, "access": false}}, {"type": "Feature", "geometry": {"type": "Point", "coordinates": [3.6891186, 50.8850607]}, "properties": {"role": "node", "id": "1442431646", "dist_to_outlet_m": 2037.1979974592768, "observable": true, "access": false}}, {"type": "Feature", "geometry": {"type": "Point", "coordinates": [3.6889846, 50.8850521]}, "properties": {"role": "node", "id": "7860472261", "dist_to_outlet_m": 2027.749320909918, "observable": true, "access": false}}, {"type": "Feature", "geometry": {"type": "Point", "coordinates": [3.6888285, 50.8850708]}, "properties": {"role": "node", "id": "1442431617", "dist_to_outlet_m": 2016.6031650099383, "observable": true, "access": false}}, {"type": "Feature", "geometry": {"type": "Point", "coordinates": [3.6886117, 50.8851727]}, "properties": {"role": "node", "id": "1442432412", "dist_to_outlet_m": 1997.637732848623, "observable": true, "access": true}}, {"type": "Feature", "geometry": {"type": "Point", "coordinates": [3.6885578, 50.8852111]}, "properties": {"role": "node", "id": "1442432000", "dist_to_outlet_m": 1991.9343456802744, "observable": true, "access": false}}, {"type": "Feature", "geometry": {"type": "Point", "coordinates": [3.6884952, 50.8852372]}, "properties": {"role": "node", "id": "1442431528", "dist_to_outlet_m": 1986.6705913440965, "observable": true, "access": false}}, {"type": "Feature", "geometry": {"type": "Point", "coordinates": [3.7640995, 50.8661723]}, "properties": {"role": "node", "id": "3045964324", "dist_to_outlet_m": 4420.6754163607475, "observable": true, "access": false}}, {"type": "Feature", "geometry": {"type": "Point", "coordinates": [3.7641624, 50.8662372]}, "properties": {"role": "node", "id": "3045964326", "dist_to_outlet_m": 4412.215853890289, "observable": true, "access": false}}, {"type": "Feature", "geometry": {"type": "Point", "coordinates": [3.7641783, 50.8662903]}, "properties": {"role": "node", "id": "3045964327", "dist_to_outlet_m": 4406.206890542377, "observable": true, "access": false}}, {"type": "Feature", "geometry": {"type": "Point", "coordinates": [3.7641453, 50.8663422]}, "properties": {"role": "node", "id": "3045964328", "dist_to_outlet_m": 4399.988529966103, "observable": true, "access": false}}, {"type": "Feature", "geometry": {"type": "Point", "coordinates": [3.7640442, 50.8663951]}, "properties": {"role": "node", "id": "651509003", "dist_to_outlet_m": 4390.772227830101, "observable": true, "access": false}}, {"type": "Feature", "geometry": {"type": "Point", "coordinates": [3.7638941, 50.8664453]}, "properties": {"role": "node", "id": "3045964330", "dist_to_outlet_m": 4378.850844082255, "observable": true, "access": false}}, {"type": "Feature", "geometry": {"type": "Point", "coordinates": [3.7637077, 50.8665113]}, "properties": {"role": "node", "id": "651509004", "dist_to_outlet_m": 4363.851568688131, "observable": true, "access": false}}, {"type": "Feature", "geometry": {"type": "Point", "coordinates": [3.7636293, 50.8665985]}, "properties": {"role": "node", "id": "3045964332", "dist_to_outlet_m": 4352.703114717632, "observable": true, "access": false}}, {"type": "Feature", "geometry": {"type": "Point", "coordinates": [3.7635576, 50.8666706]}, "properties": {"role": "node", "id": "3045964433", "dist_to_outlet_m": 4343.23772865854, "observable": true, "access": false}}, {"type": "Feature", "geometry": {"type": "Point", "coordinates": [3.7634848, 50.8667395]}, "properties": {"role": "node", "id": "3045964434", "dist_to_outlet_m": 4334.029172736731, "observable": true, "access": false}}, {"type": "Feature", "geometry": {"type": "Point", "coordinates": [3.7634158, 50.8668128]}, "properties": {"role": "node", "id": "3045964437", "dist_to_outlet_m": 4324.548678766284, "observable": true, "access": false}}, {"type": "Feature", "geometry": {"type": "Point", "coordinates": [3.7633829, 50.8669386]}, "properties": {"role": "node", "id": "651509005", "dist_to_outlet_m": 4310.371093055489, "observable": true, "access": true}}, {"type": "Feature", "geometry": {"type": "Point", "coordinates": [3.7633791, 50.8670863]}, "properties": {"role": "node", "id": "3045964439", "dist_to_outlet_m": 4293.945437478102, "observable": true, "access": false}}, {"type": "Feature", "geometry": {"type": "Point", "coordinates": [3.7634112, 50.8671868]}, "properties": {"role": "node", "id": "3895916777", "dist_to_outlet_m": 4282.545556910623, "observable": true, "access": false}}, {"type": "Feature", "geometry": {"type": "Point", "coordinates": [3.7633523, 50.8673545]}, "properties": {"role": "node", "id": "651509006", "dist_to_outlet_m": 4263.445545351123, "observable": true, "access": false}}, {"type": "Feature", "geometry": {"type": "Point", "coordinates": [3.7633273, 50.8675725]}, "properties": {"role": "node", "id": "651509007", "dist_to_outlet_m": 4239.14164542221, "observable": true, "access": false}}, {"type": "Feature", "geometry": {"type": "Point", "coordinates": [3.763312, 50.867622]}, "properties": {"role": "node", "id": "3045964445", "dist_to_outlet_m": 4233.533749621431, "observable": true, "access": false}}, {"type": "Feature", "geometry": {"type": "Point", "coordinates": [3.7632529, 50.8676607]}, "properties": {"role": "node", "id": "3045964446", "dist_to_outlet_m": 4227.557197404013, "observable": true, "access": false}}, {"type": "Feature", "geometry": {"type": "Point", "coordinates": [3.7631006, 50.8677167]}, "properties": {"role": "node", "id": "3045964447", "dist_to_outlet_m": 4215.187653564582, "observable": true, "access": false}}, {"type": "Feature", "geometry": {"type": "Point", "coordinates": [3.7630079, 50.8677538]}, "properties": {"role": "node", "id": "3045964448", "dist_to_outlet_m": 4207.484528846457, "observable": true, "access": false}}, {"type": "Feature", "geometry": {"type": "Point", "coordinates": [3.7629391, 50.8678214]}, "properties": {"role": "node", "id": "651509008", "dist_to_outlet_m": 4198.5507237722495, "observable": true, "access": true}}, {"type": "Feature", "geometry": {"type": "Point", "coordinates": [3.7628868, 50.8679688]}, "properties": {"role": "node", "id": "5809151592", "dist_to_outlet_m": 4181.754684106381, "observable": true, "access": false}}, {"type": "Feature", "geometry": {"type": "Point", "coordinates": [3.762885, 50.8682042]}, "properties": {"role": "node", "id": "3895916779", "dist_to_outlet_m": 4155.57909358542, "observable": true, "access": false}}, {"type": "Feature", "geometry": {"type": "Point", "coordinates": [3.7628591, 50.8683089]}, "properties": {"role": "node", "id": "5809151597", "dist_to_outlet_m": 4143.795961889459, "observable": true, "access": false}}, {"type": "Feature", "geometry": {"type": "Point", "coordinates": [3.7627974, 50.8684281]}, "properties": {"role": "node", "id": "5809151596", "dist_to_outlet_m": 4129.8522353494445, "observable": true, "access": false}}, {"type": "Feature", "geometry": {"type": "Point", "coordinates": [3.7626817, 50.8685251]}, "properties": {"role": "node", "id": "5809151595", "dist_to_outlet_m": 4116.351910486756, "observable": true, "access": false}}, {"type": "Feature", "geometry": {"type": "Point", "coordinates": [3.7624854, 50.8686238]}, "properties": {"role": "node", "id": "5809151594", "dist_to_outlet_m": 4098.73910025803, "observable": true, "access": false}}, {"type": "Feature", "geometry": {"type": "Point", "coordinates": [3.7624131, 50.8686662]}, "properties": {"role": "node", "id": "5809151593", "dist_to_outlet_m": 4091.8130527348385, "observable": true, "access": true}}, {"type": "Feature", "geometry": {"type": "Point", "coordinates": [3.6859164, 50.8853644]}, "properties": {"role": "node", "id": "12084551172", "dist_to_outlet_m": 1797.5849577470503, "observable": true, "access": false}}, {"type": "Feature", "geometry": {"type": "Point", "coordinates": [3.6858326, 50.88536]}, "properties": {"role": "node", "id": "1442432413", "dist_to_outlet_m": 1791.6860636076956, "observable": true, "access": false}}, {"type": "Feature", "geometry": {"type": "Point", "coordinates": [3.6854678, 50.8852991]}, "properties": {"role": "node", "id": "1442431654", "dist_to_outlet_m": 1765.214519782653, "observable": true, "access": true}}, {"type": "Feature", "geometry": {"type": "Point", "coordinates": [3.685301, 50.8852514]}, "properties": {"role": "node", "id": "1442431653", "dist_to_outlet_m": 1752.3674675865104, "observable": true, "access": false}}, {"type": "Feature", "geometry": {"type": "Point", "coordinates": [3.6850961, 50.885203]}, "properties": {"role": "node", "id": "1442431832", "dist_to_outlet_m": 1737.0191921164442, "observable": true, "access": false}}, {"type": "Feature", "geometry": {"type": "Point", "coordinates": [3.684985, 50.8852022]}, "properties": {"role": "node", "id": "1442432339", "dist_to_outlet_m": 1729.2249934739166, "observable": true, "access": false}}, {"type": "Feature", "geometry": {"type": "Point", "coordinates": [3.6848143, 50.8852738]}, "properties": {"role": "node", "id": "1442432428", "dist_to_outlet_m": 1714.8452059455235, "observable": true, "access": false}}, {"type": "Feature", "geometry": {"type": "Point", "coordinates": [3.6846525, 50.8853634]}, "properties": {"role": "node", "id": "1442432039", "dist_to_outlet_m": 1699.7425068617945, "observable": true, "access": false}}, {"type": "Feature", "geometry": {"type": "Point", "coordinates": [3.6844381, 50.8855754]}, "properties": {"role": "node", "id": "1442431562", "dist_to_outlet_m": 1671.779907618804, "observable": true, "access": false}}, {"type": "Feature", "geometry": {"type": "Point", "coordinates": [3.6842987, 50.8857176]}, "properties": {"role": "node", "id": "1442432375", "dist_to_outlet_m": 1653.1884400819288, "observable": true, "access": false}}, {"type": "Feature", "geometry": {"type": "Point", "coordinates": [3.6840195, 50.8857898]}, "properties": {"role": "node", "id": "1442432409", "dist_to_outlet_m": 1632.021169183019, "observable": true, "access": true}}, {"type": "Feature", "geometry": {"type": "Point", "coordinates": [3.6838371, 50.8857932]}, "properties": {"role": "node", "id": "1442431681", "dist_to_outlet_m": 1619.2203441318932, "observable": true, "access": false}}, {"type": "Feature", "geometry": {"type": "Point", "coordinates": [3.6837459, 50.8858203]}, "properties": {"role": "node", "id": "1442431517", "dist_to_outlet_m": 1612.148569601989, "observable": true, "access": false}}, {"type": "Feature", "geometry": {"type": "Point", "coordinates": [3.6836064, 50.8859387]}, "properties": {"role": "node", "id": "1442432437", "dist_to_outlet_m": 1595.744544801396, "observable": true, "access": false}}, {"type": "Feature", "geometry": {"type": "Point", "coordinates": [3.6833757, 50.8861519]}, "properties": {"role": "node", "id": "1442432010", "dist_to_outlet_m": 1567.0406820859478, "observable": true, "access": false}}, {"type": "Feature", "geometry": {"type": "Point", "coordinates": [3.6832419, 50.8862674]}, "properties": {"role": "node", "id": "1442431591", "dist_to_outlet_m": 1551.1335108005119, "observable": true, "access": false}}, {"type": "Feature", "geometry": {"type": "Point", "coordinates": [3.6831182, 50.8863854]}, "properties": {"role": "node", "id": "1442431774", "dist_to_outlet_m": 1535.4027286675264, "observable": true, "access": false}}, {"type": "Feature", "geometry": {"type": "Point", "coordinates": [3.6829618, 50.8864771]}, "properties": {"role": "node", "id": "1442432249", "dist_to_outlet_m": 1520.4248274315414, "observable": true, "access": true}}, {"type": "Feature", "geometry": {"type": "Point", "coordinates": [3.6827834, 50.8865191]}, "properties": {"role": "node", "id": "1442431678", "dist_to_outlet_m": 1507.0673502003522, "observable": true, "access": false}}, {"type": "Feature", "geometry": {"type": "Point", "coordinates": [3.6826032, 50.8865513]}, "properties": {"role": "node", "id": "1442432338", "dist_to_outlet_m": 1493.929337538419, "observable": true, "access": false}}, {"type": "Feature", "geometry": {"type": "Point", "coordinates": [3.6823779, 50.8865783]}, "properties": {"role": "node", "id": "1442432306", "dist_to_outlet_m": 1477.8423183332718, "observable": true, "access": false}}, {"type": "Feature", "geometry": {"type": "Point", "coordinates": [3.6820927, 50.886675]}, "properties": {"role": "node", "id": "1442431962", "dist_to_outlet_m": 1455.129617822986, "observable": true, "access": false}}, {"type": "Feature", "geometry": {"type": "Point", "coordinates": [3.6819327, 50.8867306]}, "properties": {"role": "node", "id": "1442432443", "dist_to_outlet_m": 1442.3158189489236, "observable": true, "access": false}}, {"type": "Feature", "geometry": {"type": "Point", "coordinates": [3.6816806, 50.8868051]}, "properties": {"role": "node", "id": "1442431696", "dist_to_outlet_m": 1422.7874095615848, "observable": true, "access": false}}, {"type": "Feature", "geometry": {"type": "Point", "coordinates": [3.6814606, 50.8868525]}, "properties": {"role": "node", "id": "1442431728", "dist_to_outlet_m": 1406.4796785420428, "observable": true, "access": true}}, {"type": "Feature", "geometry": {"type": "Point", "coordinates": [3.6813053, 50.8869122]}, "properties": {"role": "node", "id": "1442431818", "dist_to_outlet_m": 1393.7225073672073, "observable": true, "access": false}}, {"type": "Feature", "geometry": {"type": "Point", "coordinates": [3.6811656, 50.8869946]}, "properties": {"role": "node", "id": "1442431798", "dist_to_outlet_m": 1380.3067237794537, "observable": true, "access": false}}, {"type": "Feature", "geometry": {"type": "Point", "coordinates": [3.6810905, 50.887069]}, "properties": {"role": "node", "id": "1442432116", "dist_to_outlet_m": 1370.498893324741, "observable": true, "access": false}}, {"type": "Feature", "geometry": {"type": "Point", "coordinates": [3.681021, 50.8872134]}, "properties": {"role": "node", "id": "1442432449", "dist_to_outlet_m": 1353.7185278950114, "observable": true, "access": false}}, {"type": "Feature", "geometry": {"type": "Point", "coordinates": [3.6809725, 50.8874244]}, "properties": {"role": "node", "id": "1442432372", "dist_to_outlet_m": 1330.0110180634965, "observable": true, "access": false}}, {"type": "Feature", "geometry": {"type": "Point", "coordinates": [3.6809123, 50.8876149]}, "properties": {"role": "node", "id": "1442432217", "dist_to_outlet_m": 1308.4115669016917, "observable": true, "access": false}}, {"type": "Feature", "geometry": {"type": "Point", "coordinates": [3.6809071, 50.887691]}, "properties": {"role": "node", "id": "1442432175", "dist_to_outlet_m": 1299.9417748763735, "observable": true, "access": true}}, {"type": "Feature", "geometry": {"type": "Point", "coordinates": [3.6809904, 50.8878106]}, "properties": {"role": "node", "id": "1442431189", "dist_to_outlet_m": 1285.41579748337, "observable": true, "access": false}}, {"type": "Feature", "geometry": {"type": "Point", "coordinates": [3.6810958, 50.8878778]}, "properties": {"role": "node", "id": "1442431175", "dist_to_outlet_m": 1274.9040019747367, "observable": true, "access": false}}, {"type": "Feature", "geometry": {"type": "Point", "coordinates": [3.6812034, 50.8879511]}, "properties": {"role": "node", "id": "1442431790", "dist_to_outlet_m": 1263.7954353989508, "observable": true, "access": false}}, {"type": "Feature", "geometry": {"type": "Point", "coordinates": [3.6811712, 50.8880493]}, "properties": {"role": "node", "id": "1442431258", "dist_to_outlet_m": 1252.6449305012823, "observable": true, "access": false}}, {"type": "Feature", "geometry": {"type": "Point", "coordinates": [3.6810607, 50.8881855]}, "properties": {"role": "node", "id": "1442432425", "dist_to_outlet_m": 1235.6318996255777, "observable": true, "access": false}}, {"type": "Feature", "geometry": {"type": "Point", "coordinates": [3.6808168, 50.8884536]}, "properties": {"role": "node", "id": "1442431702", "dist_to_outlet_m": 1201.2601400604256, "observable": true, "access": false}}, {"type": "Feature", "geometry": {"type": "Point", "coordinates": [3.6806894, 50.8886003]}, "properties": {"role": "node", "id": "1442432219", "dist_to_outlet_m": 1182.6603534634105, "observable": true, "access": true}}, {"type": "Feature", "geometry": {"type": "Point", "coordinates": [3.680576, 50.8887131]}, "properties": {"role": "node", "id": "1442431720", "dist_to_outlet_m": 1167.8079211213321, "observable": true, "access": false}}, {"type": "Feature", "geometry": {"type": "Point", "coordinates": [3.6804524, 50.8888107]}, "properties": {"role": "node", "id": "1442432114", "dist_to_outlet_m": 1153.9173939849989, "observable": true, "access": false}}, {"type": "Feature", "geometry": {"type": "Point", "coordinates": [3.6803019, 50.8888626]}, "properties": {"role": "node", "id": "1442431884", "dist_to_outlet_m": 1141.8861688591485, "observable": true, "access": false}}, {"type": "Feature", "geometry": {"type": "Point", "coordinates": [3.6801142, 50.8888694]}, "properties": {"role": "node", "id": "1442431980", "dist_to_outlet_m": 1128.6983113050417, "observable": true, "access": false}}, {"type": "Feature", "geometry": {"type": "Point", "coordinates": [3.6799908, 50.8888558]}, "properties": {"role": "node", "id": "1442431717", "dist_to_outlet_m": 1119.9113440035585, "observable": true, "access": false}}, {"type": "Feature", "geometry": {"type": "Point", "coordinates": [3.6797923, 50.8888931]}, "properties": {"role": "node", "id": "1442431956", "dist_to_outlet_m": 1105.383011995652, "observable": true, "access": false}}, {"type": "Feature", "geometry": {"type": "Point", "coordinates": [3.6795455, 50.8889201]}, "properties": {"role": "node", "id": "1442432387", "dist_to_outlet_m": 1087.8129072117692, "observable": true, "access": false}}, {"type": "Feature", "geometry": {"type": "Point", "coordinates": [3.6790627, 50.8889269]}, "properties": {"role": "node", "id": "1442432047", "dist_to_outlet_m": 1053.9386393719935, "observable": true, "access": true}}, {"type": "Feature", "geometry": {"type": "Point", "coordinates": [3.6788482, 50.8888863]}, "properties": {"role": "node", "id": "1442431866", "dist_to_outlet_m": 1038.2299214172338, "observable": true, "access": false}}, {"type": "Feature", "geometry": {"type": "Point", "coordinates": [3.6786228, 50.8888728]}, "properties": {"role": "node", "id": "1442431915", "dist_to_outlet_m": 1022.3482044302361, "observable": true, "access": false}}, {"type": "Feature", "geometry": {"type": "Point", "coordinates": [3.6785156, 50.8888795]}, "properties": {"role": "node", "id": "1442432050", "dist_to_outlet_m": 1014.7918762224313, "observable": true, "access": false}}, {"type": "Feature", "geometry": {"type": "Point", "coordinates": [3.6782152, 50.8888931]}, "properties": {"role": "node", "id": "1442431525", "dist_to_outlet_m": 993.6662165305416, "observable": true, "access": false}}, {"type": "Feature", "geometry": {"type": "Point", "coordinates": [3.6779845, 50.8888626]}, "properties": {"role": "node", "id": "1442432398", "dist_to_outlet_m": 977.1322697647427, "observable": true, "access": false}}, {"type": "Feature", "geometry": {"type": "Point", "coordinates": [3.6776894, 50.8888525]}, "properties": {"role": "node", "id": "1442431665", "dist_to_outlet_m": 956.4021160255481, "observable": true, "access": false}}, {"type": "Feature", "geometry": {"type": "Point", "coordinates": [3.677448, 50.888822]}, "properties": {"role": "node", "id": "1442431173", "dist_to_outlet_m": 939.1328793099309, "observable": true, "access": true}}, {"type": "Feature", "geometry": {"type": "Point", "coordinates": [3.6772603, 50.8887949]}, "properties": {"role": "node", "id": "1442432245", "dist_to_outlet_m": 925.6262600590446, "observable": true, "access": false}}, {"type": "Feature", "geometry": {"type": "Point", "coordinates": [3.6771101, 50.8887476]}, "properties": {"role": "node", "id": "1442431234", "dist_to_outlet_m": 913.8506603779144, "observable": true, "access": false}}, {"type": "Feature", "geometry": {"type": "Point", "coordinates": [3.6769921, 50.8886393]}, "properties": {"role": "node", "id": "1442431686", "dist_to_outlet_m": 899.2379892379004, "observable": true, "access": false}}, {"type": "Feature", "geometry": {"type": "Point", "coordinates": [3.6768419, 50.8885242]}, "properties": {"role": "node", "id": "1442431714", "dist_to_outlet_m": 882.6607269415543, "observable": true, "access": false}}, {"type": "Feature", "geometry": {"type": "Point", "coordinates": [3.6767078, 50.8885174]}, "properties": {"role": "node", "id": "1442431171", "dist_to_outlet_m": 873.2239095308184, "observable": true, "access": false}}, {"type": "Feature", "geometry": {"type": "Point", "coordinates": [3.6765951, 50.8885411]}, "properties": {"role": "node", "id": "1442432079", "dist_to_outlet_m": 864.8908587788667, "observable": true, "access": false}}, {"type": "Feature", "geometry": {"type": "Point", "coordinates": [3.6765417, 50.8886753]}, "properties": {"role": "node", "id": "1442431303", "dist_to_outlet_m": 849.5055594405053, "observable": true, "access": false}}, {"type": "Feature", "geometry": {"type": "Point", "coordinates": [3.6764556, 50.8888017]}, "properties": {"role": "node", "id": "1442432438", "dist_to_outlet_m": 834.2078670446788, "observable": true, "access": false}}, {"type": "Feature", "geometry": {"type": "Point", "coordinates": [3.6763644, 50.8888288]}, "properties": {"role": "node", "id": "1442431918", "dist_to_outlet_m": 827.1364662844672, "observable": true, "access": false}}, {"type": "Feature", "geometry": {"type": "Point", "coordinates": [3.6762303, 50.8888186]}, "properties": {"role": "node", "id": "1442431911", "dist_to_outlet_m": 817.6619198913289, "observable": true, "access": false}}, {"type": "Feature", "geometry": {"type": "Point", "coordinates": [3.6759245, 50.8888118]}, "properties": {"role": "node", "id": "1442432099", "dist_to_outlet_m": 796.1983192280355, "observable": true, "access": true}}, {"type": "Feature", "geometry": {"type": "Point", "coordinates": [3.6756563, 50.8888118]}, "properties": {"role": "node", "id": "1442431763", "dist_to_outlet_m": 777.3854840804128, "observable": true, "access": false}}, {"type": "Feature", "geometry": {"type": "Point", "coordinates": [3.6755008, 50.8888626]}, "properties": {"role": "node", "id": "1442432327", "dist_to_outlet_m": 765.1020961532864, "observable": true, "access": false}}, {"type": "Feature", "geometry": {"type": "Point", "coordinates": [3.6753827, 50.8889641]}, "properties": {"role": "node", "id": "1442431286", "dist_to_outlet_m": 751.1018726929706, "observable": true, "access": false}}, {"type": "Feature", "geometry": {"type": "Point", "coordinates": [3.6752325, 50.8891198]}, "properties": {"role": "node", "id": "1442431928", "dist_to_outlet_m": 730.8350868152343, "observable": true, "access": false}}, {"type": "Feature", "geometry": {"type": "Point", "coordinates": [3.6750893, 50.8893261]}, "properties": {"role": "node", "id": "1442431766", "dist_to_outlet_m": 705.7927986104603, "observable": true, "access": false}}, {"type": "Feature", "geometry": {"type": "Point", "coordinates": [3.675004, 50.8893701]}, "properties": {"role": "node", "id": "1442431700", "dist_to_outlet_m": 698.0638286420773, "observable": true, "access": false}}, {"type": "Feature", "geometry": {"type": "Point", "coordinates": [3.6747605, 50.889421]}, "properties": {"role": "node", "id": "1442431227", "dist_to_outlet_m": 680.0704547338352, "observable": true, "access": true}}, {"type": "Feature", "geometry": {"type": "Point", "coordinates": [3.6743957, 50.8894582]}, "properties": {"role": "node", "id": "1442432202", "dist_to_outlet_m": 654.1497983138659, "observable": true, "access": false}}, {"type": "Feature", "geometry": {"type": "Point", "coordinates": [3.6740577, 50.8894548]}, "properties": {"role": "node", "id": "1442431821", "dist_to_outlet_m": 630.4381701761278, "observable": true, "access": false}}, {"type": "Feature", "geometry": {"type": "Point", "coordinates": [3.6738725, 50.8894496]}, "properties": {"role": "node", "id": "1442432111", "dist_to_outlet_m": 617.4346701763301, "observable": true, "access": false}}, {"type": "Feature", "geometry": {"type": "Point", "coordinates": [3.6736178, 50.889448]}, "properties": {"role": "node", "id": "1442432107", "dist_to_outlet_m": 599.5681483031887, "observable": true, "access": false}}, {"type": "Feature", "geometry": {"type": "Point", "coordinates": [3.6733818, 50.8894345]}, "properties": {"role": "node", "id": "1442432192", "dist_to_outlet_m": 582.946276549543, "observable": true, "access": false}}, {"type": "Feature", "geometry": {"type": "Point", "coordinates": [3.6731833, 50.8894176]}, "properties": {"role": "node", "id": "1442432045", "dist_to_outlet_m": 568.8964770029687, "observable": true, "access": true}}, {"type": "Feature", "geometry": {"type": "Point", "coordinates": [3.6729529, 50.8893081]}, "properties": {"role": "node", "id": "1442432416", "dist_to_outlet_m": 548.6619861002208, "observable": true, "access": false}}, {"type": "Feature", "geometry": {"type": "Point", "coordinates": [3.6727971, 50.8892044]}, "properties": {"role": "node", "id": "1442432392", "dist_to_outlet_m": 532.7751011444557, "observable": true, "access": false}}, {"type": "Feature", "geometry": {"type": "Point", "coordinates": [3.6725481, 50.8890839]}, "properties": {"role": "node", "id": "1442431711", "dist_to_outlet_m": 510.76165931109, "observable": true, "access": false}}, {"type": "Feature", "geometry": {"type": "Point", "coordinates": [3.6722487, 50.8889812]}, "properties": {"role": "node", "id": "1442431738", "dist_to_outlet_m": 486.8563748773949, "observable": true, "access": false}}, {"type": "Feature", "geometry": {"type": "Point", "coordinates": [3.6719927, 50.8889663]}, "properties": {"role": "node", "id": "1442432388", "dist_to_outlet_m": 468.8230981011395, "observable": true, "access": false}}, {"type": "Feature", "geometry": {"type": "Point", "coordinates": [3.6716598, 50.8889878]}, "properties": {"role": "node", "id": "1442431598", "dist_to_outlet_m": 445.349916669895, "observable": true, "access": true}}, {"type": "Feature", "geometry": {"type": "Point", "coordinates": [3.671279, 50.8890555]}, "properties": {"role": "node", "id": "1442431759", "dist_to_outlet_m": 417.59838025897113, "observable": true, "access": false}}, {"type": "Feature", "geometry": {"type": "Point", "coordinates": [3.6710994, 50.8890779]}, "properties": {"role": "node", "id": "1442432374", "dist_to_outlet_m": 404.7565761140958, "observable": true, "access": false}}, {"type": "Feature", "geometry": {"type": "Point", "coordinates": [3.6708849, 50.88909]}, "properties": {"role": "node", "id": "1442431743", "dist_to_outlet_m": 389.6505667803297, "observable": true, "access": false}}, {"type": "Feature", "geometry": {"type": "Point", "coordinates": [3.670705, 50.8890656]}, "properties": {"role": "node", "id": "1442432410", "dist_to_outlet_m": 376.7432120876829, "observable": true, "access": false}}, {"type": "Feature", "geometry": {"type": "Point", "coordinates": [3.6704421, 50.8889743]}, "properties": {"role": "node", "id": "1442431835", "dist_to_outlet_m": 355.6924399259737, "observable": true, "access": false}}, {"type": "Feature", "geometry": {"type": "Point", "coordinates": [3.6703831, 50.8889032]}, "properties": {"role": "node", "id": "1442432386", "dist_to_outlet_m": 346.7687838209887, "observable": true, "access": false}}, {"type": "Feature", "geometry": {"type": "Point", "coordinates": [3.6703831, 50.8888525]}, "properties": {"role": "node", "id": "1442432323", "dist_to_outlet_m": 341.1312010396041, "observable": true, "access": false}}, {"type": "Feature", "geometry": {"type": "Point", "coordinates": [3.6704421, 50.8887679]}, "properties": {"role": "node", "id": "1442432433", "dist_to_outlet_m": 330.8539982188187, "observable": true, "access": false}}, {"type": "Feature", "geometry": {"type": "Point", "coordinates": [3.6704797, 50.8887069]}, "properties": {"role": "node", "id": "1442431222", "dist_to_outlet_m": 323.5763791495937, "observable": true, "access": false}}, {"type": "Feature", "geometry": {"type": "Point", "coordinates": [3.6705333, 50.8885953]}, "properties": {"role": "node", "id": "1442432356", "dist_to_outlet_m": 310.6099623668752, "observable": true, "access": false}}, {"type": "Feature", "geometry": {"type": "Point", "coordinates": [3.6705333, 50.8885276]}, "properties": {"role": "node", "id": "1442431651", "dist_to_outlet_m": 303.08206583354666, "observable": true, "access": false}}, {"type": "Feature", "geometry": {"type": "Point", "coordinates": [3.670544, 50.8884396]}, "properties": {"role": "node", "id": "1442432430", "dist_to_outlet_m": 293.26816945287527, "observable": true, "access": false}}, {"type": "Feature", "geometry": {"type": "Point", "coordinates": [3.6705387, 50.8883685]}, "properties": {"role": "node", "id": "1442432078", "dist_to_outlet_m": 285.353473902778, "observable": true, "access": true}}, {"type": "Feature", "geometry": {"type": "Point", "coordinates": [3.6704689, 50.8883245]}, "properties": {"role": "node", "id": "1442431230", "dist_to_outlet_m": 278.43179419465463, "observable": true, "access": false}}, {"type": "Feature", "geometry": {"type": "Point", "coordinates": [3.6703938, 50.8883245]}, "properties": {"role": "node", "id": "1442432373", "dist_to_outlet_m": 273.1638646659454, "observable": true, "access": false}}, {"type": "Feature", "geometry": {"type": "Point", "coordinates": [3.6703241, 50.8884193]}, "properties": {"role": "node", "id": "1442431792", "dist_to_outlet_m": 261.5439575704617, "observable": true, "access": false}}, {"type": "Feature", "geometry": {"type": "Point", "coordinates": [3.6702597, 50.888531]}, "properties": {"role": "node", "id": "1442431888", "dist_to_outlet_m": 248.32750275538788, "observable": true, "access": false}}, {"type": "Feature", "geometry": {"type": "Point", "coordinates": [3.6702063, 50.888611]}, "properties": {"role": "node", "id": "1442431476", "dist_to_outlet_m": 238.6754433737895, "observable": true, "access": false}}, {"type": "Feature", "geometry": {"type": "Point", "coordinates": [3.6701632, 50.8886731]}, "properties": {"role": "node", "id": "1442432364", "dist_to_outlet_m": 231.1374126524319, "observable": true, "access": false}}, {"type": "Feature", "geometry": {"type": "Point", "coordinates": [3.6700881, 50.8887306]}, "properties": {"role": "node", "id": "1442431877", "dist_to_outlet_m": 222.85308180941166, "observable": true, "access": false}}, {"type": "Feature", "geometry": {"type": "Point", "coordinates": [3.6700025, 50.8887565]}, "properties": {"role": "node", "id": "1442431768", "dist_to_outlet_m": 216.193729990704, "observable": true, "access": false}}, {"type": "Feature", "geometry": {"type": "Point", "coordinates": [3.6698788, 50.8887272]}, "properties": {"role": "node", "id": "1442431305", "dist_to_outlet_m": 206.92530725143413, "observable": true, "access": false}}, {"type": "Feature", "geometry": {"type": "Point", "coordinates": [3.6697877, 50.8886359]}, "properties": {"role": "node", "id": "1442431751", "dist_to_outlet_m": 194.92948124745578, "observable": true, "access": false}}, {"type": "Feature", "geometry": {"type": "Point", "coordinates": [3.6696216, 50.8885433]}, "properties": {"role": "node", "id": "1442431224", "dist_to_outlet_m": 179.38054902031132, "observable": true, "access": false}}, {"type": "Feature", "geometry": {"type": "Point", "coordinates": [3.6695141, 50.8885377]}, "properties": {"role": "node", "id": "1442431913", "dist_to_outlet_m": 171.81427242866067, "observable": true, "access": false}}, {"type": "Feature", "geometry": {"type": "Point", "coordinates": [3.6693856, 50.8885636]}, "properties": {"role": "node", "id": "1442431745", "dist_to_outlet_m": 162.3517082615879, "observable": true, "access": false}}, {"type": "Feature", "geometry": {"type": "Point", "coordinates": [3.6692351, 50.8886088]}, "properties": {"role": "node", "id": "1442431722", "dist_to_outlet_m": 150.65950033694602, "observable": true, "access": false}}, {"type": "Feature", "geometry": {"type": "Point", "coordinates": [3.6691388, 50.8886482]}, "properties": {"role": "node", "id": "1442431776", "dist_to_outlet_m": 142.60819654882735, "observable": true, "access": true}}, {"type": "Feature", "geometry": {"type": "Point", "coordinates": [3.6689401, 50.8886663]}, "properties": {"role": "node", "id": "1442431797", "dist_to_outlet_m": 128.525816122825, "observable": true, "access": false}}, {"type": "Feature", "geometry": {"type": "Point", "coordinates": [3.668747, 50.8886663]}, "properties": {"role": "node", "id": "1442431872", "dist_to_outlet_m": 114.98081308740714, "observable": true, "access": false}}, {"type": "Feature", "geometry": {"type": "Point", "coordinates": [3.6685538, 50.8886731]}, "properties": {"role": "node", "id": "1442431969", "dist_to_outlet_m": 101.40771917725576, "observable": true, "access": false}}, {"type": "Feature", "geometry": {"type": "Point", "coordinates": [3.6683768, 50.8886596]}, "properties": {"role": "node", "id": "1442431725", "dist_to_outlet_m": 88.90163212565787, "observable": true, "access": false}}, {"type": "Feature", "geometry": {"type": "Point", "coordinates": [3.6682534, 50.8886393]}, "properties": {"role": "node", "id": "1442432447", "dist_to_outlet_m": 79.95625420430397, "observable": true, "access": false}}, {"type": "Feature", "geometry": {"type": "Point", "coordinates": [3.6681676, 50.8886291]}, "properties": {"role": "node", "id": "1442432389", "dist_to_outlet_m": 73.831869836007, "observable": true, "access": false}}, {"type": "Feature", "geometry": {"type": "Point", "coordinates": [3.6680603, 50.888663]}, "properties": {"role": "node", "id": "1442431167", "dist_to_outlet_m": 65.41412950155961, "observable": true, "access": false}}, {"type": "Feature", "geometry": {"type": "Point", "coordinates": [3.6680016, 50.888743]}, "properties": {"role": "node", "id": "1442431310", "dist_to_outlet_m": 55.61180946809701, "observable": true, "access": false}}, {"type": "Feature", "geometry": {"type": "Point", "coordinates": [3.667894, 50.8888389]}, "properties": {"role": "node", "id": "1442431546", "dist_to_outlet_m": 42.54742098570392, "observable": true, "access": false}}, {"type": "Feature", "geometry": {"type": "Point", "coordinates": [3.6678519, 50.8888464]}, "properties": {"role": "node", "id": "1442431828", "dist_to_outlet_m": 39.47882892388917, "observable": true, "access": false}}, {"type": "Feature", "geometry": {"type": "Point", "coordinates": [3.6675646, 50.8891517]}, "properties": {"role": "node", "id": "1960915425", "dist_to_outlet_m": 0.0, "observable": true, "access": true}}, {"type": "Feature", "geometry": {"type": "Point", "coordinates": [3.6880097, 50.8853474]}, "properties": {"role": "node", "id": "1442431543", "dist_to_outlet_m": 1950.4754064349852, "observable": false, "access": false}}, {"type": "Feature", "geometry": {"type": "Point", "coordinates": [3.6878505, 50.8853902]}, "properties": {"role": "node", "id": "1442432196", "dist_to_outlet_m": 1938.33576366575, "observable": true, "access": false}}, {"type": "Feature", "geometry": {"type": "Point", "coordinates": [3.7732186, 50.8086289]}, "properties": {"role": "node", "id": "304873709", "dist_to_outlet_m": 12599.921152730292, "observable": true, "access": false}}, {"type": "Feature", "geometry": {"type": "Point", "coordinates": [3.773254, 50.8087]}, "properties": {"role": "node", "id": "304873439", "dist_to_outlet_m": 12591.633129416234, "observable": true, "access": false}}, {"type": "Feature", "geometry": {"type": "Point", "coordinates": [3.773648, 50.809005]}, "properties": {"role": "node", "id": "304873440", "dist_to_outlet_m": 12547.853914581841, "observable": true, "access": false}}, {"type": "Feature", "geometry": {"type": "Point", "coordinates": [3.7739897, 50.8091576]}, "properties": {"role": "node", "id": "1988633714", "dist_to_outlet_m": 12518.453576448366, "observable": true, "access": true}}, {"type": "Feature", "geometry": {"type": "Point", "coordinates": [3.774399, 50.8093096]}, "properties": {"role": "node", "id": "304873442", "dist_to_outlet_m": 12485.095495032445, "observable": true, "access": false}}, {"type": "Feature", "geometry": {"type": "Point", "coordinates": [3.774406, 50.809597]}, "properties": {"role": "node", "id": "304873445", "dist_to_outlet_m": 12453.134288364221, "observable": true, "access": false}}, {"type": "Feature", "geometry": {"type": "Point", "coordinates": [3.774689, 50.809688]}, "properties": {"role": "node", "id": "304873446", "dist_to_outlet_m": 12430.823078982425, "observable": true, "access": false}}, {"type": "Feature", "geometry": {"type": "Point", "coordinates": [3.77478, 50.810001]}, "properties": {"role": "node", "id": "304873448", "dist_to_outlet_m": 12395.436607214624, "observable": true, "access": true}}, {"type": "Feature", "geometry": {"type": "Point", "coordinates": [3.774994, 50.810291]}, "properties": {"role": "node", "id": "304873450", "dist_to_outlet_m": 12359.856702414758, "observable": true, "access": false}}, {"type": "Feature", "geometry": {"type": "Point", "coordinates": [3.775958, 50.811054]}, "properties": {"role": "node", "id": "304873452", "dist_to_outlet_m": 12251.293946523641, "observable": true, "access": true}}, {"type": "Feature", "geometry": {"type": "Point", "coordinates": [3.77608, 50.811134]}, "properties": {"role": "node", "id": "304873453", "dist_to_outlet_m": 12238.940417797317, "observable": true, "access": false}}, {"type": "Feature", "geometry": {"type": "Point", "coordinates": [3.776213, 50.811134]}, "properties": {"role": "node", "id": "304873456", "dist_to_outlet_m": 12229.595610944705, "observable": true, "access": false}}, {"type": "Feature", "geometry": {"type": "Point", "coordinates": [3.776408, 50.811382]}, "properties": {"role": "node", "id": "304873458", "dist_to_outlet_m": 12198.803210498756, "observable": true, "access": false}}, {"type": "Feature", "geometry": {"type": "Point", "coordinates": [3.776652, 50.811508]}, "properties": {"role": "node", "id": "304873460", "dist_to_outlet_m": 12176.662666156742, "observable": true, "access": false}}, {"type": "Feature", "geometry": {"type": "Point", "coordinates": [3.776793, 50.811637]}, "properties": {"role": "node", "id": "304873461", "dist_to_outlet_m": 12159.229957074764, "observable": true, "access": false}}, {"type": "Feature", "geometry": {"type": "Point", "coordinates": [3.776979, 50.811889]}, "properties": {"role": "node", "id": "304873464", "dist_to_outlet_m": 12128.311209098529, "observable": true, "access": true}}, {"type": "Feature", "geometry": {"type": "Point", "coordinates": [3.7741233, 50.8235931]}, "properties": {"role": "node", "id": "825066561", "dist_to_outlet_m": 10394.799358703089, "observable": true, "access": false}}, {"type": "Feature", "geometry": {"type": "Point", "coordinates": [3.774047, 50.82373]}, "properties": {"role": "node", "id": "313568302", "dist_to_outlet_m": 10378.660843519543, "observable": true, "access": false}}, {"type": "Feature", "geometry": {"type": "Point", "coordinates": [3.7740377, 50.8237469]}, "properties": {"role": "node", "id": "14162108821", "dist_to_outlet_m": 10376.671341958114, "observable": true, "access": false}}, {"type": "Feature", "geometry": {"type": "Point", "coordinates": [3.7738734, 50.8240456]}, "properties": {"role": "node", "id": "1989592863", "dist_to_outlet_m": 10341.509489548564, "observable": true, "access": false}}, {"type": "Feature", "geometry": {"type": "Point", "coordinates": [3.7737773, 50.8241828]}, "properties": {"role": "node", "id": "3894056181", "dist_to_outlet_m": 10324.826863356215, "observable": true, "access": false}}, {"type": "Feature", "geometry": {"type": "Point", "coordinates": [3.7736167, 50.8243297]}, "properties": {"role": "node", "id": "1989592870", "dist_to_outlet_m": 10304.975545533322, "observable": true, "access": false}}, {"type": "Feature", "geometry": {"type": "Point", "coordinates": [3.7733381, 50.824608]}, "properties": {"role": "node", "id": "3894056182", "dist_to_outlet_m": 10268.361540992653, "observable": true, "access": true}}, {"type": "Feature", "geometry": {"type": "Point", "coordinates": [3.7732679, 50.8247603]}, "properties": {"role": "node", "id": "3894056183", "dist_to_outlet_m": 10250.723287879917, "observable": true, "access": false}}, {"type": "Feature", "geometry": {"type": "Point", "coordinates": [3.7731357, 50.8249453]}, "properties": {"role": "node", "id": "313568303", "dist_to_outlet_m": 10228.153486486213, "observable": true, "access": false}}, {"type": "Feature", "geometry": {"type": "Point", "coordinates": [3.7730289, 50.8251534]}, "properties": {"role": "node", "id": "3894056184", "dist_to_outlet_m": 10203.828195510994, "observable": true, "access": false}}, {"type": "Feature", "geometry": {"type": "Point", "coordinates": [3.7729344, 50.8252221]}, "properties": {"role": "node", "id": "3894056185", "dist_to_outlet_m": 10193.708154909411, "observable": true, "access": false}}, {"type": "Feature", "geometry": {"type": "Point", "coordinates": [3.7727422, 50.8252818]}, "properties": {"role": "node", "id": "3894056186", "dist_to_outlet_m": 10178.66410619285, "observable": true, "access": false}}, {"type": "Feature", "geometry": {"type": "Point", "coordinates": [3.77259, 50.8253361]}, "properties": {"role": "node", "id": "11481160915", "dist_to_outlet_m": 10166.38629365914, "observable": true, "access": false}}, {"type": "Feature", "geometry": {"type": "Point", "coordinates": [3.772527, 50.8253726]}, "properties": {"role": "node", "id": "11481160916", "dist_to_outlet_m": 10160.381777354718, "observable": true, "access": true}}, {"type": "Feature", "geometry": {"type": "Point", "coordinates": [3.7725069, 50.8253988]}, "properties": {"role": "node", "id": "11481160917", "dist_to_outlet_m": 10157.144398746595, "observable": true, "access": false}}, {"type": "Feature", "geometry": {"type": "Point", "coordinates": [3.7725028, 50.8254234]}, "properties": {"role": "node", "id": "11481160918", "dist_to_outlet_m": 10154.393885668305, "observable": true, "access": false}}, {"type": "Feature", "geometry": {"type": "Point", "coordinates": [3.7725699, 50.8255132]}, "properties": {"role": "node", "id": "11481160919", "dist_to_outlet_m": 10143.352158296635, "observable": true, "access": false}}, {"type": "Feature", "geometry": {"type": "Point", "coordinates": [3.7725686, 50.8255488]}, "properties": {"role": "node", "id": "11481160920", "dist_to_outlet_m": 10139.392565895665, "observable": true, "access": false}}, {"type": "Feature", "geometry": {"type": "Point", "coordinates": [3.7725484, 50.825581]}, "properties": {"role": "node", "id": "11481160921", "dist_to_outlet_m": 10135.54120997705, "observable": true, "access": false}}, {"type": "Feature", "geometry": {"type": "Point", "coordinates": [3.7725109, 50.8255979]}, "properties": {"role": "node", "id": "11481160922", "dist_to_outlet_m": 10132.305577255049, "observable": true, "access": false}}, {"type": "Feature", "geometry": {"type": "Point", "coordinates": [3.7724371, 50.8255894]}, "properties": {"role": "node", "id": "11481160923", "dist_to_outlet_m": 10127.036406924512, "observable": true, "access": false}}, {"type": "Feature", "geometry": {"type": "Point", "coordinates": [3.7723835, 50.8255682]}, "properties": {"role": "node", "id": "11481160924", "dist_to_outlet_m": 10122.594424551216, "observable": true, "access": false}}, {"type": "Feature", "geometry": {"type": "Point", "coordinates": [3.7723141, 50.8255195]}, "properties": {"role": "node", "id": "3894056191", "dist_to_outlet_m": 10115.30836905222, "observable": true, "access": false}}, {"type": "Feature", "geometry": {"type": "Point", "coordinates": [3.7722002, 50.8254501]}, "properties": {"role": "node", "id": "3894056188", "dist_to_outlet_m": 10104.192768932682, "observable": true, "access": false}}, {"type": "Feature", "geometry": {"type": "Point", "coordinates": [3.7721249, 50.8254376]}, "properties": {"role": "node", "id": "313568306", "dist_to_outlet_m": 10098.724099192325, "observable": true, "access": false}}, {"type": "Feature", "geometry": {"type": "Point", "coordinates": [3.7720334, 50.8254431]}, "properties": {"role": "node", "id": "3894056187", "dist_to_outlet_m": 10092.268090229007, "observable": true, "access": false}}, {"type": "Feature", "geometry": {"type": "Point", "coordinates": [3.7719928, 50.8254643]}, "properties": {"role": "node", "id": "3894056190", "dist_to_outlet_m": 10088.568158058571, "observable": true, "access": false}}, {"type": "Feature", "geometry": {"type": "Point", "coordinates": [3.7720029, 50.8255272]}, "properties": {"role": "node", "id": "3894056192", "dist_to_outlet_m": 10081.538110380341, "observable": true, "access": false}}, {"type": "Feature", "geometry": {"type": "Point", "coordinates": [3.7720086, 50.8256051]}, "properties": {"role": "node", "id": "11481160905", "dist_to_outlet_m": 10072.866777880068, "observable": true, "access": false}}, {"type": "Feature", "geometry": {"type": "Point", "coordinates": [3.7720073, 50.8256373]}, "properties": {"role": "node", "id": "11481160906", "dist_to_outlet_m": 10069.285137080591, "observable": true, "access": false}}, {"type": "Feature", "geometry": {"type": "Point", "coordinates": [3.7719905, 50.8256589]}, "properties": {"role": "node", "id": "11481160907", "dist_to_outlet_m": 10066.60910201022, "observable": true, "access": false}}, {"type": "Feature", "geometry": {"type": "Point", "coordinates": [3.771951, 50.825672]}, "properties": {"role": "node", "id": "11481160908", "dist_to_outlet_m": 10063.475486699828, "observable": true, "access": false}}, {"type": "Feature", "geometry": {"type": "Point", "coordinates": [3.7718967, 50.825672]}, "properties": {"role": "node", "id": "11481160909", "dist_to_outlet_m": 10059.661463630517, "observable": true, "access": false}}, {"type": "Feature", "geometry": {"type": "Point", "coordinates": [3.7718289, 50.8256597]}, "properties": {"role": "node", "id": "11481160910", "dist_to_outlet_m": 10054.706695110543, "observable": true, "access": false}}, {"type": "Feature", "geometry": {"type": "Point", "coordinates": [3.7717659, 50.8256496]}, "properties": {"role": "node", "id": "11481160911", "dist_to_outlet_m": 10050.141293342494, "observable": true, "access": false}}, {"type": "Feature", "geometry": {"type": "Point", "coordinates": [3.7717263, 50.8256555]}, "properties": {"role": "node", "id": "11481160912", "dist_to_outlet_m": 10047.283473122925, "observable": true, "access": false}}, {"type": "Feature", "geometry": {"type": "Point", "coordinates": [3.7716988, 50.8256729]}, "properties": {"role": "node", "id": "11481160913", "dist_to_outlet_m": 10044.549523352305, "observable": true, "access": false}}, {"type": "Feature", "geometry": {"type": "Point", "coordinates": [3.7716915, 50.8257017]}, "properties": {"role": "node", "id": "11481160914", "dist_to_outlet_m": 10041.306320010772, "observable": true, "access": false}}, {"type": "Feature", "geometry": {"type": "Point", "coordinates": [3.7717294, 50.8257848]}, "properties": {"role": "node", "id": "3894056197", "dist_to_outlet_m": 10031.690197356807, "observable": true, "access": false}}, {"type": "Feature", "geometry": {"type": "Point", "coordinates": [3.771721, 50.825912]}, "properties": {"role": "node", "id": "313568309", "dist_to_outlet_m": 10017.533901943576, "observable": true, "access": false}}, {"type": "Feature", "geometry": {"type": "Point", "coordinates": [3.7717477, 50.8259614]}, "properties": {"role": "node", "id": "3894056198", "dist_to_outlet_m": 10011.729552666146, "observable": true, "access": false}}, {"type": "Feature", "geometry": {"type": "Point", "coordinates": [3.7718722, 50.8259699]}, "properties": {"role": "node", "id": "313568310", "dist_to_outlet_m": 10002.933819177086, "observable": true, "access": false}}, {"type": "Feature", "geometry": {"type": "Point", "coordinates": [3.7719013, 50.8259942]}, "properties": {"role": "node", "id": "3894056199", "dist_to_outlet_m": 9999.545781698203, "observable": true, "access": false}}, {"type": "Feature", "geometry": {"type": "Point", "coordinates": [3.7719135, 50.8260334]}, "properties": {"role": "node", "id": "3894056200", "dist_to_outlet_m": 9995.103506677682, "observable": true, "access": false}}, {"type": "Feature", "geometry": {"type": "Point", "coordinates": [3.7718402, 50.8262029]}, "properties": {"role": "node", "id": "3894056201", "dist_to_outlet_m": 9975.565412211496, "observable": true, "access": true}}, {"type": "Feature", "geometry": {"type": "Point", "coordinates": [3.7718047, 50.8263404]}, "properties": {"role": "node", "id": "3894056202", "dist_to_outlet_m": 9960.074117190197, "observable": true, "access": false}}, {"type": "Feature", "geometry": {"type": "Point", "coordinates": [3.7717396, 50.8263982]}, "properties": {"role": "node", "id": "3894056203", "dist_to_outlet_m": 9952.186446120983, "observable": true, "access": false}}, {"type": "Feature", "geometry": {"type": "Point", "coordinates": [3.7716876, 50.8265531]}, "properties": {"role": "node", "id": "313568311", "dist_to_outlet_m": 9934.57935927402, "observable": true, "access": false}}, {"type": "Feature", "geometry": {"type": "Point", "coordinates": [3.7716054, 50.8267534]}, "properties": {"role": "node", "id": "3894056204", "dist_to_outlet_m": 9911.570846147786, "observable": true, "access": false}}, {"type": "Feature", "geometry": {"type": "Point", "coordinates": [3.7715667, 50.82686]}, "properties": {"role": "node", "id": "3894056205", "dist_to_outlet_m": 9899.409789701951, "observable": true, "access": false}}, {"type": "Feature", "geometry": {"type": "Point", "coordinates": [3.7715415, 50.826953]}, "properties": {"role": "node", "id": "313568312", "dist_to_outlet_m": 9888.918277820901, "observable": true, "access": false}}, {"type": "Feature", "geometry": {"type": "Point", "coordinates": [3.7715486, 50.82711]}, "properties": {"role": "node", "id": "313568313", "dist_to_outlet_m": 9871.45355310586, "observable": true, "access": true}}, {"type": "Feature", "geometry": {"type": "Point", "coordinates": [3.7715087, 50.8271341]}, "properties": {"role": "node", "id": "3894056206", "dist_to_outlet_m": 9867.576025099577, "observable": true, "access": false}}, {"type": "Feature", "geometry": {"type": "Point", "coordinates": [3.771393, 50.8271432]}, "properties": {"role": "node", "id": "3894056207", "dist_to_outlet_m": 9859.386776783209, "observable": true, "access": false}}, {"type": "Feature", "geometry": {"type": "Point", "coordinates": [3.7712413, 50.8271659]}, "properties": {"role": "node", "id": "3894056208", "dist_to_outlet_m": 9848.436836905492, "observable": true, "access": false}}, {"type": "Feature", "geometry": {"type": "Point", "coordinates": [3.771251, 50.827201]}, "properties": {"role": "node", "id": "313568314", "dist_to_outlet_m": 9844.474876369715, "observable": true, "access": false}}, {"type": "Feature", "geometry": {"type": "Point", "coordinates": [3.7714987, 50.8272913]}, "properties": {"role": "node", "id": "3894056209", "dist_to_outlet_m": 9824.387470539508, "observable": true, "access": false}}, {"type": "Feature", "geometry": {"type": "Point", "coordinates": [3.7715402, 50.8273279]}, "properties": {"role": "node", "id": "313568315", "dist_to_outlet_m": 9819.381564694884, "observable": true, "access": false}}, {"type": "Feature", "geometry": {"type": "Point", "coordinates": [3.7714879, 50.8273758]}, "properties": {"role": "node", "id": "3894056210", "dist_to_outlet_m": 9812.911421698085, "observable": true, "access": false}}, {"type": "Feature", "geometry": {"type": "Point", "coordinates": [3.7713592, 50.827438]}, "properties": {"role": "node", "id": "3894056211", "dist_to_outlet_m": 9801.529477107773, "observable": true, "access": false}}, {"type": "Feature", "geometry": {"type": "Point", "coordinates": [3.7711675, 50.8275237]}, "properties": {"role": "node", "id": "313568316", "dist_to_outlet_m": 9785.033989665155, "observable": true, "access": false}}, {"type": "Feature", "geometry": {"type": "Point", "coordinates": [3.7710072, 50.8274966]}, "properties": {"role": "node", "id": "3894056212", "dist_to_outlet_m": 9773.378707281963, "observable": true, "access": false}}, {"type": "Feature", "geometry": {"type": "Point", "coordinates": [3.7708724, 50.8275188]}, "properties": {"role": "node", "id": "3894056213", "dist_to_outlet_m": 9763.594237585898, "observable": true, "access": false}}, {"type": "Feature", "geometry": {"type": "Point", "coordinates": [3.7707884, 50.8275346]}, "properties": {"role": "node", "id": "313568317", "dist_to_outlet_m": 9757.438298511517, "observable": true, "access": false}}, {"type": "Feature", "geometry": {"type": "Point", "coordinates": [3.7707122, 50.8275772]}, "properties": {"role": "node", "id": "3894056214", "dist_to_outlet_m": 9750.291075337682, "observable": true, "access": false}}, {"type": "Feature", "geometry": {"type": "Point", "coordinates": [3.7706842, 50.8276371]}, "properties": {"role": "node", "id": "3894056215", "dist_to_outlet_m": 9743.346226681746, "observable": true, "access": false}}, {"type": "Feature", "geometry": {"type": "Point", "coordinates": [3.770695, 50.8277244]}, "properties": {"role": "node", "id": "3894056216", "dist_to_outlet_m": 9733.60931676059, "observable": true, "access": false}}, {"type": "Feature", "geometry": {"type": "Point", "coordinates": [3.7705928, 50.8279035]}, "properties": {"role": "node", "id": "313568318", "dist_to_outlet_m": 9712.4401417156, "observable": true, "access": true}}, {"type": "Feature", "geometry": {"type": "Point", "coordinates": [3.7706216, 50.8279519]}, "properties": {"role": "node", "id": "3894056217", "dist_to_outlet_m": 9706.690715621284, "observable": true, "access": false}}, {"type": "Feature", "geometry": {"type": "Point", "coordinates": [3.7707523, 50.8280168]}, "properties": {"role": "node", "id": "313568319", "dist_to_outlet_m": 9695.013857394715, "observable": true, "access": false}}, {"type": "Feature", "geometry": {"type": "Point", "coordinates": [3.7709727, 50.8280925]}, "properties": {"role": "node", "id": "313568320", "dist_to_outlet_m": 9677.393241013731, "observable": true, "access": false}}, {"type": "Feature", "geometry": {"type": "Point", "coordinates": [3.7709732, 50.8281213]}, "properties": {"role": "node", "id": "3894056218", "dist_to_outlet_m": 9674.190634576917, "observable": true, "access": false}}, {"type": "Feature", "geometry": {"type": "Point", "coordinates": [3.7709057, 50.8281735]}, "properties": {"role": "node", "id": "3894056219", "dist_to_outlet_m": 9666.696152635077, "observable": true, "access": false}}, {"type": "Feature", "geometry": {"type": "Point", "coordinates": [3.7708532, 50.8282025]}, "properties": {"role": "node", "id": "313568321", "dist_to_outlet_m": 9661.797657908965, "observable": true, "access": false}}, {"type": "Feature", "geometry": {"type": "Point", "coordinates": [3.7707913, 50.8282021]}, "properties": {"role": "node", "id": "3894056221", "dist_to_outlet_m": 9657.449820228005, "observable": true, "access": false}}, {"type": "Feature", "geometry": {"type": "Point", "coordinates": [3.7706856, 50.8281803]}, "properties": {"role": "node", "id": "3894056220", "dist_to_outlet_m": 9649.640143603707, "observable": true, "access": false}}, {"type": "Feature", "geometry": {"type": "Point", "coordinates": [3.7705283, 50.8281799]}, "properties": {"role": "node", "id": "313568322", "dist_to_outlet_m": 9638.591921515865, "observable": true, "access": false}}, {"type": "Feature", "geometry": {"type": "Point", "coordinates": [3.7702188, 50.8282303]}, "properties": {"role": "node", "id": "313568323", "dist_to_outlet_m": 9616.143087946864, "observable": true, "access": false}}, {"type": "Feature", "geometry": {"type": "Point", "coordinates": [3.7701492, 50.828273]}, "properties": {"role": "node", "id": "3894056222", "dist_to_outlet_m": 9609.328368605364, "observable": true, "access": false}}, {"type": "Feature", "geometry": {"type": "Point", "coordinates": [3.7700874, 50.8283488]}, "properties": {"role": "node", "id": "3894056223", "dist_to_outlet_m": 9599.847783810786, "observable": true, "access": false}}, {"type": "Feature", "geometry": {"type": "Point", "coordinates": [3.7700914, 50.8284053]}, "properties": {"role": "node", "id": "313568324", "dist_to_outlet_m": 9593.558991950133, "observable": true, "access": false}}, {"type": "Feature", "geometry": {"type": "Point", "coordinates": [3.7702305, 50.8284828]}, "properties": {"role": "node", "id": "3894056224", "dist_to_outlet_m": 9580.531645029963, "observable": true, "access": false}}, {"type": "Feature", "geometry": {"type": "Point", "coordinates": [3.7702774, 50.8285172]}, "properties": {"role": "node", "id": "313568325", "dist_to_outlet_m": 9575.483656422508, "observable": true, "access": false}}, {"type": "Feature", "geometry": {"type": "Point", "coordinates": [3.7702513, 50.8285532]}, "properties": {"role": "node", "id": "3894056225", "dist_to_outlet_m": 9571.080864477526, "observable": true, "access": false}}, {"type": "Feature", "geometry": {"type": "Point", "coordinates": [3.7700292, 50.82864]}, "properties": {"role": "node", "id": "3894056226", "dist_to_outlet_m": 9552.737104051257, "observable": true, "access": false}}, {"type": "Feature", "geometry": {"type": "Point", "coordinates": [3.7698904, 50.828719]}, "properties": {"role": "node", "id": "3894056227", "dist_to_outlet_m": 9539.61452568432, "observable": true, "access": true}}, {"type": "Feature", "geometry": {"type": "Point", "coordinates": [3.7698914, 50.8287771]}, "properties": {"role": "node", "id": "313568326", "dist_to_outlet_m": 9533.15371867224, "observable": true, "access": false}}, {"type": "Feature", "geometry": {"type": "Point", "coordinates": [3.7700042, 50.8288349]}, "properties": {"role": "node", "id": "313568327", "dist_to_outlet_m": 9522.95207492217, "observable": true, "access": false}}, {"type": "Feature", "geometry": {"type": "Point", "coordinates": [3.7703368, 50.8288392]}, "properties": {"role": "node", "id": "8196788280", "dist_to_outlet_m": 9499.586996665299, "observable": true, "access": false}}, {"type": "Feature", "geometry": {"type": "Point", "coordinates": [3.7703611, 50.8289681]}, "properties": {"role": "node", "id": "8196788281", "dist_to_outlet_m": 9485.152714759792, "observable": true, "access": false}}, {"type": "Feature", "geometry": {"type": "Point", "coordinates": [3.7702959, 50.8290772]}, "properties": {"role": "node", "id": "313568328", "dist_to_outlet_m": 9472.185829232569, "observable": true, "access": false}}, {"type": "Feature", "geometry": {"type": "Point", "coordinates": [3.7701892, 50.8291144]}, "properties": {"role": "node", "id": "8196788279", "dist_to_outlet_m": 9463.625988295755, "observable": true, "access": false}}, {"type": "Feature", "geometry": {"type": "Point", "coordinates": [3.770063, 50.82912]}, "properties": {"role": "node", "id": "313568329", "dist_to_outlet_m": 9454.740529279428, "observable": true, "access": false}}, {"type": "Feature", "geometry": {"type": "Point", "coordinates": [3.7699392, 50.829157]}, "properties": {"role": "node", "id": "8196788276", "dist_to_outlet_m": 9445.121248275123, "observable": true, "access": false}}, {"type": "Feature", "geometry": {"type": "Point", "coordinates": [3.770005, 50.829208]}, "properties": {"role": "node", "id": "313568330", "dist_to_outlet_m": 9437.805701563884, "observable": true, "access": false}}, {"type": "Feature", "geometry": {"type": "Point", "coordinates": [3.7700737, 50.8292571]}, "properties": {"role": "node", "id": "8196788277", "dist_to_outlet_m": 9430.519435026552, "observable": true, "access": false}}, {"type": "Feature", "geometry": {"type": "Point", "coordinates": [3.7701481, 50.8292303]}, "properties": {"role": "node", "id": "8196788278", "dist_to_outlet_m": 9424.503970972752, "observable": true, "access": false}}, {"type": "Feature", "geometry": {"type": "Point", "coordinates": [3.7702749, 50.829265]}, "properties": {"role": "node", "id": "8196788275", "dist_to_outlet_m": 9414.798315244814, "observable": true, "access": false}}, {"type": "Feature", "geometry": {"type": "Point", "coordinates": [3.7703292, 50.829429]}, "properties": {"role": "node", "id": "313568331", "dist_to_outlet_m": 9396.167829216423, "observable": true, "access": false}}, {"type": "Feature", "geometry": {"type": "Point", "coordinates": [3.7705381, 50.8293156]}, "properties": {"role": "node", "id": "313568332", "dist_to_outlet_m": 9376.821889282137, "observable": true, "access": false}}, {"type": "Feature", "geometry": {"type": "Point", "coordinates": [3.7706527, 50.8293395]}, "properties": {"role": "node", "id": "3894056228", "dist_to_outlet_m": 9368.345647008282, "observable": true, "access": false}}, {"type": "Feature", "geometry": {"type": "Point", "coordinates": [3.7707406, 50.8293868]}, "properties": {"role": "node", "id": "3894056229", "dist_to_outlet_m": 9360.235418507737, "observable": true, "access": false}}, {"type": "Feature", "geometry": {"type": "Point", "coordinates": [3.7707647, 50.8294944]}, "properties": {"role": "node", "id": "313568333", "dist_to_outlet_m": 9348.151707356143, "observable": true, "access": true}}, {"type": "Feature", "geometry": {"type": "Point", "coordinates": [3.7707094, 50.8295851]}, "properties": {"role": "node", "id": "313568334", "dist_to_outlet_m": 9337.344307800287, "observable": true, "access": false}}, {"type": "Feature", "geometry": {"type": "Point", "coordinates": [3.7706081, 50.8296008]}, "properties": {"role": "node", "id": "3894056231", "dist_to_outlet_m": 9330.018558471025, "observable": true, "access": false}}, {"type": "Feature", "geometry": {"type": "Point", "coordinates": [3.7704088, 50.8295969]}, "properties": {"role": "node", "id": "3894056230", "dist_to_outlet_m": 9316.014220733758, "observable": true, "access": false}}, {"type": "Feature", "geometry": {"type": "Point", "coordinates": [3.7703548, 50.8296214]}, "properties": {"role": "node", "id": "313568335", "dist_to_outlet_m": 9311.344560161422, "observable": true, "access": false}}, {"type": "Feature", "geometry": {"type": "Point", "coordinates": [3.7704352, 50.8297536]}, "properties": {"role": "node", "id": "3894056232", "dist_to_outlet_m": 9295.597325029323, "observable": true, "access": false}}, {"type": "Feature", "geometry": {"type": "Point", "coordinates": [3.7703785, 50.8299131]}, "properties": {"role": "node", "id": "8181127096", "dist_to_outlet_m": 9277.420156774924, "observable": true, "access": false}}, {"type": "Feature", "geometry": {"type": "Point", "coordinates": [3.7702793, 50.8299978]}, "properties": {"role": "node", "id": "8181127097", "dist_to_outlet_m": 9265.705042722706, "observable": true, "access": false}}, {"type": "Feature", "geometry": {"type": "Point", "coordinates": [3.7702808, 50.8300984]}, "properties": {"role": "node", "id": "313568336", "dist_to_outlet_m": 9254.518337029993, "observable": true, "access": false}}, {"type": "Feature", "geometry": {"type": "Point", "coordinates": [3.7702417, 50.830135]}, "properties": {"role": "node", "id": "8181127098", "dist_to_outlet_m": 9249.60876566173, "observable": true, "access": false}}, {"type": "Feature", "geometry": {"type": "Point", "coordinates": [3.7701498, 50.830182]}, "properties": {"role": "node", "id": "313568337", "dist_to_outlet_m": 9241.303808758208, "observable": true, "access": false}}, {"type": "Feature", "geometry": {"type": "Point", "coordinates": [3.7701908, 50.8302282]}, "properties": {"role": "node", "id": "8181127099", "dist_to_outlet_m": 9235.414605877115, "observable": true, "access": false}}, {"type": "Feature", "geometry": {"type": "Point", "coordinates": [3.7702686, 50.8303265]}, "properties": {"role": "node", "id": "8181127100", "dist_to_outlet_m": 9223.194475239701, "observable": true, "access": false}}, {"type": "Feature", "geometry": {"type": "Point", "coordinates": [3.7702613, 50.8303824]}, "properties": {"role": "node", "id": "313568338", "dist_to_outlet_m": 9216.957570115717, "observable": true, "access": true}}, {"type": "Feature", "geometry": {"type": "Point", "coordinates": [3.7701559, 50.8304332]}, "properties": {"role": "node", "id": "8181127101", "dist_to_outlet_m": 9207.64600455439, "observable": true, "access": false}}, {"type": "Feature", "geometry": {"type": "Point", "coordinates": [3.7700164, 50.830423]}, "properties": {"role": "node", "id": "8181127102", "dist_to_outlet_m": 9197.783115403123, "observable": true, "access": false}}, {"type": "Feature", "geometry": {"type": "Point", "coordinates": [3.769962, 50.830448]}, "properties": {"role": "node", "id": "313568339", "dist_to_outlet_m": 9193.058169261234, "observable": true, "access": false}}, {"type": "Feature", "geometry": {"type": "Point", "coordinates": [3.7697932, 50.8307214]}, "properties": {"role": "node", "id": "313568340", "dist_to_outlet_m": 9160.42768097706, "observable": true, "access": false}}, {"type": "Feature", "geometry": {"type": "Point", "coordinates": [3.7697603, 50.8307534]}, "properties": {"role": "node", "id": "8181127103", "dist_to_outlet_m": 9156.185027124033, "observable": true, "access": false}}, {"type": "Feature", "geometry": {"type": "Point", "coordinates": [3.7697038, 50.8307744]}, "properties": {"role": "node", "id": "3894056237", "dist_to_outlet_m": 9151.580831123243, "observable": true, "access": false}}, {"type": "Feature", "geometry": {"type": "Point", "coordinates": [3.7696195, 50.8307593]}, "properties": {"role": "node", "id": "8181127104", "dist_to_outlet_m": 9145.426778899899, "observable": true, "access": false}}, {"type": "Feature", "geometry": {"type": "Point", "coordinates": [3.7695275, 50.830713]}, "properties": {"role": "node", "id": "3894056235", "dist_to_outlet_m": 9137.165152258758, "observable": true, "access": false}}, {"type": "Feature", "geometry": {"type": "Point", "coordinates": [3.7693837, 50.8306022]}, "properties": {"role": "node", "id": "3894056234", "dist_to_outlet_m": 9121.23435567286, "observable": true, "access": false}}, {"type": "Feature", "geometry": {"type": "Point", "coordinates": [3.7693164, 50.8305992]}, "properties": {"role": "node", "id": "8181127105", "dist_to_outlet_m": 9116.495956980469, "observable": true, "access": false}}, {"type": "Feature", "geometry": {"type": "Point", "coordinates": [3.7692321, 50.8306149]}, "properties": {"role": "node", "id": "3894056233", "dist_to_outlet_m": 9110.323348840342, "observable": true, "access": false}}, {"type": "Feature", "geometry": {"type": "Point", "coordinates": [3.7691984, 50.8306585]}, "properties": {"role": "node", "id": "8181127106", "dist_to_outlet_m": 9104.928355819471, "observable": true, "access": false}}, {"type": "Feature", "geometry": {"type": "Point", "coordinates": [3.7692101, 50.8307141]}, "properties": {"role": "node", "id": "3894056236", "dist_to_outlet_m": 9098.691549039608, "observable": true, "access": false}}, {"type": "Feature", "geometry": {"type": "Point", "coordinates": [3.7692382, 50.8307644]}, "properties": {"role": "node", "id": "3894056238", "dist_to_outlet_m": 9092.760476377833, "observable": true, "access": false}}, {"type": "Feature", "geometry": {"type": "Point", "coordinates": [3.7693834, 50.8307678]}, "properties": {"role": "node", "id": "8181127107", "dist_to_outlet_m": 9082.555759511511, "observable": true, "access": false}}, {"type": "Feature", "geometry": {"type": "Point", "coordinates": [3.7694988, 50.8308178]}, "properties": {"role": "node", "id": "8181127108", "dist_to_outlet_m": 9072.727312711624, "observable": true, "access": false}}, {"type": "Feature", "geometry": {"type": "Point", "coordinates": [3.7695418, 50.8308583]}, "properties": {"role": "node", "id": "3894056239", "dist_to_outlet_m": 9067.305059151387, "observable": true, "access": false}}, {"type": "Feature", "geometry": {"type": "Point", "coordinates": [3.7696034, 50.8309508]}, "properties": {"role": "node", "id": "8181127109", "dist_to_outlet_m": 9056.146702738586, "observable": true, "access": false}}, {"type": "Feature", "geometry": {"type": "Point", "coordinates": [3.7695717, 50.8310146]}, "properties": {"role": "node", "id": "313568341", "dist_to_outlet_m": 9048.711326416927, "observable": true, "access": false}}, {"type": "Feature", "geometry": {"type": "Point", "coordinates": [3.7694073, 50.8311158]}, "properties": {"role": "node", "id": "313568342", "dist_to_outlet_m": 9032.588650915068, "observable": true, "access": true}}, {"type": "Feature", "geometry": {"type": "Point", "coordinates": [3.7693083, 50.8311735]}, "properties": {"role": "node", "id": "8181127110", "dist_to_outlet_m": 9023.127805556189, "observable": true, "access": false}}, {"type": "Feature", "geometry": {"type": "Point", "coordinates": [3.7692212, 50.8312642]}, "properties": {"role": "node", "id": "8181127111", "dist_to_outlet_m": 9011.332273898546, "observable": true, "access": false}}, {"type": "Feature", "geometry": {"type": "Point", "coordinates": [3.7691649, 50.8312868]}, "properties": {"role": "node", "id": "313568343", "dist_to_outlet_m": 9006.647240924873, "observable": true, "access": false}}, {"type": "Feature", "geometry": {"type": "Point", "coordinates": [3.7689605, 50.8312287]}, "properties": {"role": "node", "id": "313568344", "dist_to_outlet_m": 8990.90519963168, "observable": true, "access": false}}, {"type": "Feature", "geometry": {"type": "Point", "coordinates": [3.7688845, 50.8312481]}, "properties": {"role": "node", "id": "8181127112", "dist_to_outlet_m": 8985.148176957613, "observable": true, "access": false}}, {"type": "Feature", "geometry": {"type": "Point", "coordinates": [3.7687789, 50.8312977]}, "properties": {"role": "node", "id": "3894056240", "dist_to_outlet_m": 8975.905789862369, "observable": true, "access": false}}, {"type": "Feature", "geometry": {"type": "Point", "coordinates": [3.7687008, 50.8313446]}, "properties": {"role": "node", "id": "8181127113", "dist_to_outlet_m": 8968.337261109888, "observable": true, "access": false}}, {"type": "Feature", "geometry": {"type": "Point", "coordinates": [3.7686836, 50.8313916]}, "properties": {"role": "node", "id": "313568345", "dist_to_outlet_m": 8962.973309688292, "observable": true, "access": false}}, {"type": "Feature", "geometry": {"type": "Point", "coordinates": [3.7686968, 50.8314251]}, "properties": {"role": "node", "id": "8181127114", "dist_to_outlet_m": 8959.134654449177, "observable": true, "access": false}}, {"type": "Feature", "geometry": {"type": "Point", "coordinates": [3.7687475, 50.8314604]}, "properties": {"role": "node", "id": "3894056241", "dist_to_outlet_m": 8953.835053683963, "observable": true, "access": false}}, {"type": "Feature", "geometry": {"type": "Point", "coordinates": [3.7688604, 50.8314751]}, "properties": {"role": "node", "id": "8181127115", "dist_to_outlet_m": 8945.739232605953, "observable": true, "access": false}}, {"type": "Feature", "geometry": {"type": "Point", "coordinates": [3.7690145, 50.831483]}, "properties": {"role": "node", "id": "3894056242", "dist_to_outlet_m": 8934.881028649872, "observable": true, "access": false}}, {"type": "Feature", "geometry": {"type": "Point", "coordinates": [3.7690642, 50.8315174]}, "properties": {"role": "node", "id": "8181127116", "dist_to_outlet_m": 8929.702717095543, "observable": true, "access": false}}, {"type": "Feature", "geometry": {"type": "Point", "coordinates": [3.7690813, 50.8315763]}, "properties": {"role": "node", "id": "313568346", "dist_to_outlet_m": 8923.044138055679, "observable": true, "access": false}}, {"type": "Feature", "geometry": {"type": "Point", "coordinates": [3.7690321, 50.8316394]}, "properties": {"role": "node", "id": "8181127117", "dist_to_outlet_m": 8915.223052235431, "observable": true, "access": false}}, {"type": "Feature", "geometry": {"type": "Point", "coordinates": [3.7689784, 50.8316834]}, "properties": {"role": "node", "id": "8181127118", "dist_to_outlet_m": 8909.04561509353, "observable": true, "access": false}}, {"type": "Feature", "geometry": {"type": "Point", "coordinates": [3.768796, 50.8317986]}, "properties": {"role": "node", "id": "8181127119", "dist_to_outlet_m": 8890.929726019032, "observable": true, "access": false}}, {"type": "Feature", "geometry": {"type": "Point", "coordinates": [3.7688068, 50.8318393]}, "properties": {"role": "node", "id": "8181127120", "dist_to_outlet_m": 8886.340971688463, "observable": true, "access": false}}, {"type": "Feature", "geometry": {"type": "Point", "coordinates": [3.768957, 50.8318817]}, "properties": {"role": "node", "id": "8181127121", "dist_to_outlet_m": 8874.786684610412, "observable": true, "access": false}}, {"type": "Feature", "geometry": {"type": "Point", "coordinates": [3.7690186, 50.8319189]}, "properties": {"role": "node", "id": "8181127122", "dist_to_outlet_m": 8868.801184937227, "observable": true, "access": false}}, {"type": "Feature", "geometry": {"type": "Point", "coordinates": [3.7690051, 50.8319896]}, "properties": {"role": "node", "id": "313568347", "dist_to_outlet_m": 8860.882738034206, "observable": true, "access": true}}, {"type": "Feature", "geometry": {"type": "Point", "coordinates": [3.768973, 50.8320714]}, "properties": {"role": "node", "id": "8181127123", "dist_to_outlet_m": 8851.511779774826, "observable": true, "access": false}}, {"type": "Feature", "geometry": {"type": "Point", "coordinates": [3.7689275, 50.8322035]}, "properties": {"role": "node", "id": "8181127124", "dist_to_outlet_m": 8836.479370232495, "observable": true, "access": false}}, {"type": "Feature", "geometry": {"type": "Point", "coordinates": [3.7690024, 50.8324331]}, "properties": {"role": "node", "id": "313568348", "dist_to_outlet_m": 8810.41274610973, "observable": true, "access": false}}, {"type": "Feature", "geometry": {"type": "Point", "coordinates": [3.7689561, 50.8325556]}, "properties": {"role": "node", "id": "8269679879", "dist_to_outlet_m": 8796.408637976863, "observable": true, "access": false}}, {"type": "Feature", "geometry": {"type": "Point", "coordinates": [3.7688896, 50.8327314]}, "properties": {"role": "node", "id": "3894056243", "dist_to_outlet_m": 8776.310423727498, "observable": true, "access": false}}, {"type": "Feature", "geometry": {"type": "Point", "coordinates": [3.768874, 50.8328518]}, "properties": {"role": "node", "id": "313568349", "dist_to_outlet_m": 8762.877802093151, "observable": true, "access": false}}, {"type": "Feature", "geometry": {"type": "Point", "coordinates": [3.7688683, 50.833316]}, "properties": {"role": "node", "id": "3894056244", "dist_to_outlet_m": 8711.259564928298, "observable": true, "access": true}}, {"type": "Feature", "geometry": {"type": "Point", "coordinates": [3.768847, 50.8336441]}, "properties": {"role": "node", "id": "3894056245", "dist_to_outlet_m": 8674.745856193173, "observable": true, "access": false}}, {"type": "Feature", "geometry": {"type": "Point", "coordinates": [3.7688527, 50.8337043]}, "properties": {"role": "node", "id": "8181127093", "dist_to_outlet_m": 8668.0399633333, "observable": true, "access": false}}, {"type": "Feature", "geometry": {"type": "Point", "coordinates": [3.7688548, 50.8337265]}, "properties": {"role": "node", "id": "313568350", "dist_to_outlet_m": 8665.567034460119, "observable": true, "access": false}}, {"type": "Feature", "geometry": {"type": "Point", "coordinates": [3.7656846, 50.8631249]}, "properties": {"role": "node", "id": "313568431", "dist_to_outlet_m": 4802.109517696134, "observable": true, "access": false}}, {"type": "Feature", "geometry": {"type": "Point", "coordinates": [3.7656397, 50.8631853]}, "properties": {"role": "node", "id": "3892724460", "dist_to_outlet_m": 4794.690806554684, "observable": true, "access": false}}, {"type": "Feature", "geometry": {"type": "Point", "coordinates": [3.7656046, 50.8632541]}, "properties": {"role": "node", "id": "3892724463", "dist_to_outlet_m": 4786.653752426476, "observable": true, "access": false}}, {"type": "Feature", "geometry": {"type": "Point", "coordinates": [3.7655051, 50.8633697]}, "properties": {"role": "node", "id": "313568432", "dist_to_outlet_m": 4772.025211307807, "observable": true, "access": true}}, {"type": "Feature", "geometry": {"type": "Point", "coordinates": [3.7653437, 50.8634655]}, "properties": {"role": "node", "id": "3892724475", "dist_to_outlet_m": 4756.475664834223, "observable": true, "access": false}}, {"type": "Feature", "geometry": {"type": "Point", "coordinates": [3.7652067, 50.8635887]}, "properties": {"role": "node", "id": "313568433", "dist_to_outlet_m": 4739.7389467775165, "observable": true, "access": false}}, {"type": "Feature", "geometry": {"type": "Point", "coordinates": [3.7651402, 50.8638013]}, "properties": {"role": "node", "id": "313568434", "dist_to_outlet_m": 4715.642602874695, "observable": true, "access": false}}, {"type": "Feature", "geometry": {"type": "Point", "coordinates": [3.7650988, 50.8640878]}, "properties": {"role": "node", "id": "313568435", "dist_to_outlet_m": 4683.653030903014, "observable": true, "access": false}}, {"type": "Feature", "geometry": {"type": "Point", "coordinates": [3.7650509, 50.8641509]}, "properties": {"role": "node", "id": "3895916771", "dist_to_outlet_m": 4675.872863429608, "observable": true, "access": false}}, {"type": "Feature", "geometry": {"type": "Point", "coordinates": [3.7649376, 50.864203]}, "properties": {"role": "node", "id": "3895916772", "dist_to_outlet_m": 4666.034678555209, "observable": true, "access": true}}, {"type": "Feature", "geometry": {"type": "Point", "coordinates": [3.7648802, 50.8642763]}, "properties": {"role": "node", "id": "3895916773", "dist_to_outlet_m": 4656.942903402843, "observable": true, "access": false}}, {"type": "Feature", "geometry": {"type": "Point", "coordinates": [3.7648488, 50.8643873]}, "properties": {"role": "node", "id": "313568436", "dist_to_outlet_m": 4644.405080789376, "observable": true, "access": false}}, {"type": "Feature", "geometry": {"type": "Point", "coordinates": [3.764689, 50.8645466]}, "properties": {"role": "node", "id": "651508995", "dist_to_outlet_m": 4623.439896070628, "observable": true, "access": false}}, {"type": "Feature", "geometry": {"type": "Point", "coordinates": [3.7646014, 50.8646612]}, "properties": {"role": "node", "id": "3895916774", "dist_to_outlet_m": 4609.291437573417, "observable": true, "access": false}}, {"type": "Feature", "geometry": {"type": "Point", "coordinates": [3.7645916, 50.8647601]}, "properties": {"role": "node", "id": "3895916775", "dist_to_outlet_m": 4598.272773257431, "observable": true, "access": false}}, {"type": "Feature", "geometry": {"type": "Point", "coordinates": [3.7646545, 50.8649147]}, "properties": {"role": "node", "id": "3895916776", "dist_to_outlet_m": 4580.524304924649, "observable": true, "access": false}}, {"type": "Feature", "geometry": {"type": "Point", "coordinates": [3.7646179, 50.8649631]}, "properties": {"role": "node", "id": "651508996", "dist_to_outlet_m": 4574.560922840754, "observable": true, "access": false}}, {"type": "Feature", "geometry": {"type": "Point", "coordinates": [3.7643998, 50.8650321]}, "properties": {"role": "node", "id": "651508997", "dist_to_outlet_m": 4557.439229390362, "observable": true, "access": false}}, {"type": "Feature", "geometry": {"type": "Point", "coordinates": [3.7643509, 50.8651107]}, "properties": {"role": "node", "id": "313568437", "dist_to_outlet_m": 4548.049678268334, "observable": true, "access": true}}, {"type": "Feature", "geometry": {"type": "Point", "coordinates": [3.764339, 50.865299]}, "properties": {"role": "node", "id": "651508999", "dist_to_outlet_m": 4527.095024627009, "observable": true, "access": false}}, {"type": "Feature", "geometry": {"type": "Point", "coordinates": [3.7642994, 50.8654381]}, "properties": {"role": "node", "id": "3045964309", "dist_to_outlet_m": 4511.380117962211, "observable": true, "access": false}}, {"type": "Feature", "geometry": {"type": "Point", "coordinates": [3.7641937, 50.8655605]}, "properties": {"role": "node", "id": "651509000", "dist_to_outlet_m": 4495.879598578286, "observable": true, "access": false}}, {"type": "Feature", "geometry": {"type": "Point", "coordinates": [3.7641608, 50.8656315]}, "properties": {"role": "node", "id": "3045964315", "dist_to_outlet_m": 4487.6540543043875, "observable": true, "access": false}}, {"type": "Feature", "geometry": {"type": "Point", "coordinates": [3.764151, 50.865722]}, "properties": {"role": "node", "id": "651509001", "dist_to_outlet_m": 4477.5674385025095, "observable": true, "access": false}}, {"type": "Feature", "geometry": {"type": "Point", "coordinates": [3.7641002, 50.8658371]}, "properties": {"role": "node", "id": "3045964317", "dist_to_outlet_m": 4464.281634523247, "observable": true, "access": false}}, {"type": "Feature", "geometry": {"type": "Point", "coordinates": [3.763997, 50.8659229]}, "properties": {"role": "node", "id": "3045964318", "dist_to_outlet_m": 4452.303508194819, "observable": true, "access": false}}, {"type": "Feature", "geometry": {"type": "Point", "coordinates": [3.7639416, 50.8660056]}, "properties": {"role": "node", "id": "651509002", "dist_to_outlet_m": 4442.319566364721, "observable": true, "access": true}}, {"type": "Feature", "geometry": {"type": "Point", "coordinates": [3.7639859, 50.8660643]}, "properties": {"role": "node", "id": "3045964320", "dist_to_outlet_m": 4435.089832311734, "observable": true, "access": false}}, {"type": "Feature", "geometry": {"type": "Point", "coordinates": [3.7634832, 50.8449739]}, "properties": {"role": "node", "id": "3892724026", "dist_to_outlet_m": 7141.142895283475, "observable": true, "access": false}}, {"type": "Feature", "geometry": {"type": "Point", "coordinates": [3.763507, 50.845036]}, "properties": {"role": "node", "id": "3892724040", "dist_to_outlet_m": 7134.038379190553, "observable": true, "access": false}}, {"type": "Feature", "geometry": {"type": "Point", "coordinates": [3.7633845, 50.8451599]}, "properties": {"role": "node", "id": "2046111343", "dist_to_outlet_m": 7117.797046383158, "observable": true, "access": false}}, {"type": "Feature", "geometry": {"type": "Point", "coordinates": [3.763304, 50.8452371]}, "properties": {"role": "node", "id": "823599936", "dist_to_outlet_m": 7107.519217689808, "observable": true, "access": false}}, {"type": "Feature", "geometry": {"type": "Point", "coordinates": [3.763165, 50.845386]}, "properties": {"role": "node", "id": "313568383", "dist_to_outlet_m": 7088.300104527856, "observable": true, "access": false}}, {"type": "Feature", "geometry": {"type": "Point", "coordinates": [3.7630606, 50.8458641]}, "properties": {"role": "node", "id": "3892724093", "dist_to_outlet_m": 7034.6348732600445, "observable": true, "access": true}}, {"type": "Feature", "geometry": {"type": "Point", "coordinates": [3.762985, 50.84621]}, "properties": {"role": "node", "id": "313568384", "dist_to_outlet_m": 6995.808035206925, "observable": true, "access": false}}, {"type": "Feature", "geometry": {"type": "Point", "coordinates": [3.7629092, 50.8464753]}, "properties": {"role": "node", "id": "3892724108", "dist_to_outlet_m": 6965.831834371754, "observable": true, "access": false}}, {"type": "Feature", "geometry": {"type": "Point", "coordinates": [3.7627549, 50.8466227]}, "properties": {"role": "node", "id": "313568385", "dist_to_outlet_m": 6946.185110054809, "observable": true, "access": false}}, {"type": "Feature", "geometry": {"type": "Point", "coordinates": [3.7628816, 50.8470401]}, "properties": {"role": "node", "id": "3892724142", "dist_to_outlet_m": 6898.927604622947, "observable": true, "access": true}}, {"type": "Feature", "geometry": {"type": "Point", "coordinates": [3.7628354, 50.8471822]}, "properties": {"role": "node", "id": "313568386", "dist_to_outlet_m": 6882.7973185919045, "observable": true, "access": false}}, {"type": "Feature", "geometry": {"type": "Point", "coordinates": [3.7627804, 50.8473349]}, "properties": {"role": "node", "id": "8176953096", "dist_to_outlet_m": 6865.384315227946, "observable": true, "access": false}}, {"type": "Feature", "geometry": {"type": "Point", "coordinates": [3.7627045, 50.8476246]}, "properties": {"role": "node", "id": "3892724146", "dist_to_outlet_m": 6832.7333808096655, "observable": true, "access": false}}, {"type": "Feature", "geometry": {"type": "Point", "coordinates": [3.7626801, 50.8479801]}, "properties": {"role": "node", "id": "313568388", "dist_to_outlet_m": 6793.16648417487, "observable": true, "access": true}}, {"type": "Feature", "geometry": {"type": "Point", "coordinates": [3.7626641, 50.8480864]}, "properties": {"role": "node", "id": "3892724149", "dist_to_outlet_m": 6781.293207876696, "observable": true, "access": false}}, {"type": "Feature", "geometry": {"type": "Point", "coordinates": [3.7626749, 50.8481957]}, "properties": {"role": "node", "id": "651508955", "dist_to_outlet_m": 6769.115973729379, "observable": true, "access": false}}, {"type": "Feature", "geometry": {"type": "Point", "coordinates": [3.7625661, 50.8484595]}, "properties": {"role": "node", "id": "313568389", "dist_to_outlet_m": 6738.804543243169, "observable": true, "access": false}}, {"type": "Feature", "geometry": {"type": "Point", "coordinates": [3.7625512, 50.8485953]}, "properties": {"role": "node", "id": "3892724151", "dist_to_outlet_m": 6723.668082979426, "observable": true, "access": false}}, {"type": "Feature", "geometry": {"type": "Point", "coordinates": [3.7626738, 50.8487185]}, "properties": {"role": "node", "id": "3892724152", "dist_to_outlet_m": 6707.489339058256, "observable": true, "access": false}}, {"type": "Feature", "geometry": {"type": "Point", "coordinates": [3.7629641, 50.8488581]}, "properties": {"role": "node", "id": "313568390", "dist_to_outlet_m": 6681.870526789374, "observable": true, "access": false}}, {"type": "Feature", "geometry": {"type": "Point", "coordinates": [3.7630153, 50.8489818]}, "properties": {"role": "node", "id": "651508957", "dist_to_outlet_m": 6667.653803807716, "observable": true, "access": true}}, {"type": "Feature", "geometry": {"type": "Point", "coordinates": [3.762893, 50.849105]}, "properties": {"role": "node", "id": "313568391", "dist_to_outlet_m": 6651.486292680692, "observable": true, "access": false}}, {"type": "Feature", "geometry": {"type": "Point", "coordinates": [3.7625598, 50.8493051]}, "properties": {"role": "node", "id": "313568392", "dist_to_outlet_m": 6619.202269256995, "observable": true, "access": false}}, {"type": "Feature", "geometry": {"type": "Point", "coordinates": [3.7625279, 50.8494306]}, "properties": {"role": "node", "id": "3892724155", "dist_to_outlet_m": 6605.068748096125, "observable": true, "access": false}}, {"type": "Feature", "geometry": {"type": "Point", "coordinates": [3.7625357, 50.8495096]}, "properties": {"role": "node", "id": "651508959", "dist_to_outlet_m": 6596.267297889994, "observable": true, "access": false}}, {"type": "Feature", "geometry": {"type": "Point", "coordinates": [3.762687, 50.849716]}, "properties": {"role": "node", "id": "313568393", "dist_to_outlet_m": 6570.977874014172, "observable": true, "access": false}}, {"type": "Feature", "geometry": {"type": "Point", "coordinates": [3.762608, 50.8500281]}, "properties": {"role": "node", "id": "313568394", "dist_to_outlet_m": 6535.833569913668, "observable": true, "access": true}}, {"type": "Feature", "geometry": {"type": "Point", "coordinates": [3.7624205, 50.8501067]}, "properties": {"role": "node", "id": "3892724181", "dist_to_outlet_m": 6520.033156590609, "observable": true, "access": false}}, {"type": "Feature", "geometry": {"type": "Point", "coordinates": [3.7623499, 50.850269]}, "properties": {"role": "node", "id": "313568395", "dist_to_outlet_m": 6501.317999447352, "observable": true, "access": false}}, {"type": "Feature", "geometry": {"type": "Point", "coordinates": [3.7623025, 50.850565]}, "properties": {"role": "node", "id": "313568396", "dist_to_outlet_m": 6468.23651703891, "observable": true, "access": false}}, {"type": "Feature", "geometry": {"type": "Point", "coordinates": [3.7629072, 50.8509896]}, "properties": {"role": "node", "id": "313568397", "dist_to_outlet_m": 6404.74474612295, "observable": true, "access": true}}, {"type": "Feature", "geometry": {"type": "Point", "coordinates": [3.7629996, 50.851202]}, "properties": {"role": "node", "id": "3892724184", "dist_to_outlet_m": 6380.252361466258, "observable": true, "access": false}}, {"type": "Feature", "geometry": {"type": "Point", "coordinates": [3.7630117, 50.8513124]}, "properties": {"role": "node", "id": "3892724185", "dist_to_outlet_m": 6367.947088156732, "observable": true, "access": false}}, {"type": "Feature", "geometry": {"type": "Point", "coordinates": [3.7630309, 50.8513832]}, "properties": {"role": "node", "id": "3892724186", "dist_to_outlet_m": 6359.959937337789, "observable": true, "access": false}}, {"type": "Feature", "geometry": {"type": "Point", "coordinates": [3.763123, 50.8514366]}, "properties": {"role": "node", "id": "313568398", "dist_to_outlet_m": 6351.181523503014, "observable": true, "access": false}}, {"type": "Feature", "geometry": {"type": "Point", "coordinates": [3.7632553, 50.8514802]}, "properties": {"role": "node", "id": "3892724187", "dist_to_outlet_m": 6340.7047151429815, "observable": true, "access": false}}, {"type": "Feature", "geometry": {"type": "Point", "coordinates": [3.7634079, 50.8515217]}, "properties": {"role": "node", "id": "3892724188", "dist_to_outlet_m": 6329.040423991978, "observable": true, "access": false}}, {"type": "Feature", "geometry": {"type": "Point", "coordinates": [3.7634649, 50.8515631]}, "properties": {"role": "node", "id": "313568399", "dist_to_outlet_m": 6322.940952610558, "observable": true, "access": false}}, {"type": "Feature", "geometry": {"type": "Point", "coordinates": [3.7634372, 50.8516193]}, "properties": {"role": "node", "id": "3892724191", "dist_to_outlet_m": 6316.3962400700875, "observable": true, "access": false}}, {"type": "Feature", "geometry": {"type": "Point", "coordinates": [3.7633275, 50.8517153]}, "properties": {"role": "node", "id": "313568400", "dist_to_outlet_m": 6303.233596434877, "observable": true, "access": false}}, {"type": "Feature", "geometry": {"type": "Point", "coordinates": [3.7632886, 50.8517916]}, "properties": {"role": "node", "id": "651508967", "dist_to_outlet_m": 6294.320770040622, "observable": true, "access": false}}, {"type": "Feature", "geometry": {"type": "Point", "coordinates": [3.7633463, 50.851851]}, "properties": {"role": "node", "id": "651508968", "dist_to_outlet_m": 6286.5726835257265, "observable": true, "access": true}}, {"type": "Feature", "geometry": {"type": "Point", "coordinates": [3.7634719, 50.8518857]}, "properties": {"role": "node", "id": "4796878624", "dist_to_outlet_m": 6276.948221451961, "observable": true, "access": false}}, {"type": "Feature", "geometry": {"type": "Point", "coordinates": [3.7635199, 50.8519169]}, "properties": {"role": "node", "id": "3892724193", "dist_to_outlet_m": 6272.111875907551, "observable": true, "access": false}}, {"type": "Feature", "geometry": {"type": "Point", "coordinates": [3.7635586, 50.8519847]}, "properties": {"role": "node", "id": "313568401", "dist_to_outlet_m": 6264.098293672813, "observable": true, "access": false}}, {"type": "Feature", "geometry": {"type": "Point", "coordinates": [3.7636009, 50.8521285]}, "properties": {"role": "node", "id": "3892724200", "dist_to_outlet_m": 6247.8350712421425, "observable": true, "access": false}}, {"type": "Feature", "geometry": {"type": "Point", "coordinates": [3.7635748, 50.8523359]}, "properties": {"role": "node", "id": "313568402", "dist_to_outlet_m": 6224.700574956939, "observable": true, "access": false}}, {"type": "Feature", "geometry": {"type": "Point", "coordinates": [3.7634849, 50.8524358]}, "properties": {"role": "node", "id": "651508970", "dist_to_outlet_m": 6211.924659680296, "observable": true, "access": false}}, {"type": "Feature", "geometry": {"type": "Point", "coordinates": [3.7633283, 50.8525722]}, "properties": {"role": "node", "id": "313568403", "dist_to_outlet_m": 6193.192635037816, "observable": true, "access": false}}, {"type": "Feature", "geometry": {"type": "Point", "coordinates": [3.763324, 50.8526389]}, "properties": {"role": "node", "id": "3892724211", "dist_to_outlet_m": 6185.769793237278, "observable": true, "access": false}}, {"type": "Feature", "geometry": {"type": "Point", "coordinates": [3.7633596, 50.8526755]}, "properties": {"role": "node", "id": "651508972", "dist_to_outlet_m": 6180.994000015114, "observable": true, "access": false}}, {"type": "Feature", "geometry": {"type": "Point", "coordinates": [3.7634816, 50.8527139]}, "properties": {"role": "node", "id": "313568404", "dist_to_outlet_m": 6171.424301125861, "observable": true, "access": false}}, {"type": "Feature", "geometry": {"type": "Point", "coordinates": [3.76404, 50.8527239]}, "properties": {"role": "node", "id": "313568405", "dist_to_outlet_m": 6132.209335791654, "observable": true, "access": true}}, {"type": "Feature", "geometry": {"type": "Point", "coordinates": [3.7642964, 50.8526254]}, "properties": {"role": "node", "id": "313568406", "dist_to_outlet_m": 6111.139728270363, "observable": true, "access": false}}, {"type": "Feature", "geometry": {"type": "Point", "coordinates": [3.7643888, 50.8525942]}, "properties": {"role": "node", "id": "3892724209", "dist_to_outlet_m": 6103.783812339107, "observable": true, "access": false}}, {"type": "Feature", "geometry": {"type": "Point", "coordinates": [3.7644609, 50.8526309]}, "properties": {"role": "node", "id": "3892724210", "dist_to_outlet_m": 6097.28221051818, "observable": true, "access": false}}, {"type": "Feature", "geometry": {"type": "Point", "coordinates": [3.7645024, 50.8526738]}, "properties": {"role": "node", "id": "8168820575", "dist_to_outlet_m": 6091.692708301417, "observable": true, "access": false}}, {"type": "Feature", "geometry": {"type": "Point", "coordinates": [3.7646069, 50.8527981]}, "properties": {"role": "node", "id": "3892724213", "dist_to_outlet_m": 6076.0450650664625, "observable": true, "access": false}}, {"type": "Feature", "geometry": {"type": "Point", "coordinates": [3.7646837, 50.8528766]}, "properties": {"role": "node", "id": "313568407", "dist_to_outlet_m": 6065.785538804024, "observable": true, "access": false}}, {"type": "Feature", "geometry": {"type": "Point", "coordinates": [3.7650039, 50.8531119]}, "properties": {"role": "node", "id": "3892724218", "dist_to_outlet_m": 6031.291952873859, "observable": true, "access": false}}, {"type": "Feature", "geometry": {"type": "Point", "coordinates": [3.7652258, 50.8532698]}, "properties": {"role": "node", "id": "313568408", "dist_to_outlet_m": 6007.820353631176, "observable": true, "access": true}}, {"type": "Feature", "geometry": {"type": "Point", "coordinates": [3.7654534, 50.853424]}, "properties": {"role": "node", "id": "651508976", "dist_to_outlet_m": 5984.384011384696, "observable": true, "access": false}}, {"type": "Feature", "geometry": {"type": "Point", "coordinates": [3.7655668, 50.8535227]}, "properties": {"role": "node", "id": "3892724219", "dist_to_outlet_m": 5970.826057732056, "observable": true, "access": false}}, {"type": "Feature", "geometry": {"type": "Point", "coordinates": [3.7656697, 50.853541]}, "properties": {"role": "node", "id": "313568409", "dist_to_outlet_m": 5963.321546516801, "observable": true, "access": false}}, {"type": "Feature", "geometry": {"type": "Point", "coordinates": [3.765772, 50.8535444]}, "properties": {"role": "node", "id": "3892724220", "dist_to_outlet_m": 5956.13035694308, "observable": true, "access": false}}, {"type": "Feature", "geometry": {"type": "Point", "coordinates": [3.7658791, 50.8535636]}, "properties": {"role": "node", "id": "3892724221", "dist_to_outlet_m": 5948.314910496805, "observable": true, "access": false}}, {"type": "Feature", "geometry": {"type": "Point", "coordinates": [3.7659507, 50.8535932]}, "properties": {"role": "node", "id": "313568410", "dist_to_outlet_m": 5942.306961187035, "observable": true, "access": false}}, {"type": "Feature", "geometry": {"type": "Point", "coordinates": [3.7659734, 50.8536489]}, "properties": {"role": "node", "id": "3892724222", "dist_to_outlet_m": 5935.911700252497, "observable": true, "access": false}}, {"type": "Feature", "geometry": {"type": "Point", "coordinates": [3.765978, 50.8538542]}, "properties": {"role": "node", "id": "313568411", "dist_to_outlet_m": 5913.081098136946, "observable": true, "access": false}}, {"type": "Feature", "geometry": {"type": "Point", "coordinates": [3.7660087, 50.8539258]}, "properties": {"role": "node", "id": "2001195913", "dist_to_outlet_m": 5904.833027656114, "observable": true, "access": false}}, {"type": "Feature", "geometry": {"type": "Point", "coordinates": [3.7661657, 50.8540812]}, "properties": {"role": "node", "id": "313568412", "dist_to_outlet_m": 5884.337922928122, "observable": true, "access": true}}, {"type": "Feature", "geometry": {"type": "Point", "coordinates": [3.7662745, 50.8542154]}, "properties": {"role": "node", "id": "651508980", "dist_to_outlet_m": 5867.57465449059, "observable": true, "access": false}}, {"type": "Feature", "geometry": {"type": "Point", "coordinates": [3.7662622, 50.8543145]}, "properties": {"role": "node", "id": "3892724223", "dist_to_outlet_m": 5856.521462576487, "observable": true, "access": false}}, {"type": "Feature", "geometry": {"type": "Point", "coordinates": [3.7662776, 50.854408]}, "properties": {"role": "node", "id": "651508981", "dist_to_outlet_m": 5846.068686537082, "observable": true, "access": false}}, {"type": "Feature", "geometry": {"type": "Point", "coordinates": [3.7663366, 50.8544606]}, "properties": {"role": "node", "id": "651508982", "dist_to_outlet_m": 5838.901964404569, "observable": true, "access": false}}, {"type": "Feature", "geometry": {"type": "Point", "coordinates": [3.7664301, 50.8545039]}, "properties": {"role": "node", "id": "313568413", "dist_to_outlet_m": 5830.761966630379, "observable": true, "access": false}}, {"type": "Feature", "geometry": {"type": "Point", "coordinates": [3.7666069, 50.8545637]}, "properties": {"role": "node", "id": "313568414", "dist_to_outlet_m": 5816.68214597957, "observable": true, "access": false}}, {"type": "Feature", "geometry": {"type": "Point", "coordinates": [3.7666573, 50.8546152]}, "properties": {"role": "node", "id": "3892724224", "dist_to_outlet_m": 5809.950879861574, "observable": true, "access": false}}, {"type": "Feature", "geometry": {"type": "Point", "coordinates": [3.7666607, 50.8546836]}, "properties": {"role": "node", "id": "2001196056", "dist_to_outlet_m": 5802.341403123012, "observable": true, "access": false}}, {"type": "Feature", "geometry": {"type": "Point", "coordinates": [3.7666341, 50.8548404]}, "properties": {"role": "node", "id": "313568415", "dist_to_outlet_m": 5784.806340311409, "observable": true, "access": false}}, {"type": "Feature", "geometry": {"type": "Point", "coordinates": [3.7666707, 50.8550343]}, "properties": {"role": "node", "id": "2001196103", "dist_to_outlet_m": 5763.093113036855, "observable": true, "access": true}}, {"type": "Feature", "geometry": {"type": "Point", "coordinates": [3.766742, 50.8552306]}, "properties": {"role": "node", "id": "2001196138", "dist_to_outlet_m": 5740.6990965898185, "observable": true, "access": false}}, {"type": "Feature", "geometry": {"type": "Point", "coordinates": [3.7668101, 50.8556131]}, "properties": {"role": "node", "id": "313568416", "dist_to_outlet_m": 5697.899246164654, "observable": true, "access": false}}, {"type": "Feature", "geometry": {"type": "Point", "coordinates": [3.7669006, 50.8557374]}, "properties": {"role": "node", "id": "3892724225", "dist_to_outlet_m": 5682.687722777441, "observable": true, "access": false}}, {"type": "Feature", "geometry": {"type": "Point", "coordinates": [3.7669468, 50.8558964]}, "properties": {"role": "node", "id": "651508983", "dist_to_outlet_m": 5664.7127648138385, "observable": true, "access": false}}, {"type": "Feature", "geometry": {"type": "Point", "coordinates": [3.766915, 50.8561729]}, "properties": {"role": "node", "id": "2001316065", "dist_to_outlet_m": 5633.886444080093, "observable": true, "access": true}}, {"type": "Feature", "geometry": {"type": "Point", "coordinates": [3.7670185, 50.8564499]}, "properties": {"role": "node", "id": "651508984", "dist_to_outlet_m": 5602.24023991573, "observable": true, "access": false}}, {"type": "Feature", "geometry": {"type": "Point", "coordinates": [3.7670821, 50.8566092]}, "properties": {"role": "node", "id": "3892724228", "dist_to_outlet_m": 5583.972979331228, "observable": true, "access": false}}, {"type": "Feature", "geometry": {"type": "Point", "coordinates": [3.7670887, 50.8568929]}, "properties": {"role": "node", "id": "3892724229", "dist_to_outlet_m": 5552.423577078944, "observable": true, "access": false}}, {"type": "Feature", "geometry": {"type": "Point", "coordinates": [3.767133, 50.8570424]}, "properties": {"role": "node", "id": "3892724230", "dist_to_outlet_m": 5535.511608328905, "observable": true, "access": false}}, {"type": "Feature", "geometry": {"type": "Point", "coordinates": [3.7671102, 50.8573492]}, "properties": {"role": "node", "id": "313568417", "dist_to_outlet_m": 5501.3594867391785, "observable": true, "access": true}}, {"type": "Feature", "geometry": {"type": "Point", "coordinates": [3.7672065, 50.8576427]}, "properties": {"role": "node", "id": "651508986", "dist_to_outlet_m": 5468.031116551333, "observable": true, "access": false}}, {"type": "Feature", "geometry": {"type": "Point", "coordinates": [3.7673407, 50.8579534]}, "properties": {"role": "node", "id": "313568418", "dist_to_outlet_m": 5432.221715031218, "observable": true, "access": false}}, {"type": "Feature", "geometry": {"type": "Point", "coordinates": [3.7673646, 50.8581757]}, "properties": {"role": "node", "id": "651508987", "dist_to_outlet_m": 5407.446222933385, "observable": true, "access": false}}, {"type": "Feature", "geometry": {"type": "Point", "coordinates": [3.7672966, 50.8583238]}, "properties": {"role": "node", "id": "313568419", "dist_to_outlet_m": 5390.300515517437, "observable": true, "access": true}}, {"type": "Feature", "geometry": {"type": "Point", "coordinates": [3.767124, 50.858505]}, "properties": {"role": "node", "id": "313568420", "dist_to_outlet_m": 5366.790231051245, "observable": true, "access": false}}, {"type": "Feature", "geometry": {"type": "Point", "coordinates": [3.7670197, 50.8587043]}, "properties": {"role": "node", "id": "3892724234", "dist_to_outlet_m": 5343.451179999745, "observable": true, "access": false}}, {"type": "Feature", "geometry": {"type": "Point", "coordinates": [3.766968, 50.8588529]}, "properties": {"role": "node", "id": "313568421", "dist_to_outlet_m": 5326.533833912562, "observable": true, "access": false}}, {"type": "Feature", "geometry": {"type": "Point", "coordinates": [3.7668844, 50.859052]}, "properties": {"role": "node", "id": "651508989", "dist_to_outlet_m": 5303.630490228009, "observable": true, "access": false}}, {"type": "Feature", "geometry": {"type": "Point", "coordinates": [3.7668144, 50.8592749]}, "properties": {"role": "node", "id": "313568422", "dist_to_outlet_m": 5278.36284963338, "observable": true, "access": true}}, {"type": "Feature", "geometry": {"type": "Point", "coordinates": [3.7667003, 50.8597095]}, "properties": {"role": "node", "id": "313568423", "dist_to_outlet_m": 5229.378432875468, "observable": true, "access": false}}, {"type": "Feature", "geometry": {"type": "Point", "coordinates": [3.766594, 50.860069]}, "properties": {"role": "node", "id": "313568424", "dist_to_outlet_m": 5188.713539301931, "observable": true, "access": false}}, {"type": "Feature", "geometry": {"type": "Point", "coordinates": [3.7665421, 50.8605019]}, "properties": {"role": "node", "id": "313568425", "dist_to_outlet_m": 5140.439618836975, "observable": true, "access": true}}, {"type": "Feature", "geometry": {"type": "Point", "coordinates": [3.7665097, 50.8606863]}, "properties": {"role": "node", "id": "2592056650", "dist_to_outlet_m": 5119.809555161125, "observable": true, "access": false}}, {"type": "Feature", "geometry": {"type": "Point", "coordinates": [3.7664922, 50.8607572]}, "properties": {"role": "node", "id": "8002497204", "dist_to_outlet_m": 5111.830726740357, "observable": true, "access": false}}, {"type": "Feature", "geometry": {"type": "Point", "coordinates": [3.7664714, 50.860841]}, "properties": {"role": "node", "id": "2001316398", "dist_to_outlet_m": 5102.398923456785, "observable": true, "access": false}}, {"type": "Feature", "geometry": {"type": "Point", "coordinates": [3.7663703, 50.8611489]}, "properties": {"role": "node", "id": "313568426", "dist_to_outlet_m": 5067.434399075649, "observable": true, "access": false}}, {"type": "Feature", "geometry": {"type": "Point", "coordinates": [3.7661619, 50.861569]}, "properties": {"role": "node", "id": "2001316492", "dist_to_outlet_m": 5018.484973251267, "observable": true, "access": true}}, {"type": "Feature", "geometry": {"type": "Point", "coordinates": [3.7659527, 50.8617555]}, "properties": {"role": "node", "id": "3892724381", "dist_to_outlet_m": 4993.075438383729, "observable": true, "access": false}}, {"type": "Feature", "geometry": {"type": "Point", "coordinates": [3.765888, 50.8618401]}, "properties": {"role": "node", "id": "2001316561", "dist_to_outlet_m": 4982.629671891451, "observable": true, "access": false}}, {"type": "Feature", "geometry": {"type": "Point", "coordinates": [3.7657819, 50.8620997]}, "properties": {"role": "node", "id": "2001316572", "dist_to_outlet_m": 4952.818427652069, "observable": true, "access": false}}, {"type": "Feature", "geometry": {"type": "Point", "coordinates": [3.7657575, 50.8621524]}, "properties": {"role": "node", "id": "3892724410", "dist_to_outlet_m": 4946.71334931591, "observable": true, "access": false}}, {"type": "Feature", "geometry": {"type": "Point", "coordinates": [3.7656544, 50.8622946]}, "properties": {"role": "node", "id": "313568427", "dist_to_outlet_m": 4929.324350660147, "observable": true, "access": false}}, {"type": "Feature", "geometry": {"type": "Point", "coordinates": [3.7656267, 50.8623644]}, "properties": {"role": "node", "id": "2001374257", "dist_to_outlet_m": 4921.323162888, "observable": true, "access": false}}, {"type": "Feature", "geometry": {"type": "Point", "coordinates": [3.7656469, 50.862414]}, "properties": {"role": "node", "id": "3892724433", "dist_to_outlet_m": 4915.628591854286, "observable": true, "access": true}}, {"type": "Feature", "geometry": {"type": "Point", "coordinates": [3.7656945, 50.8624458]}, "properties": {"role": "node", "id": "2001374261", "dist_to_outlet_m": 4910.764013938745, "observable": true, "access": false}}, {"type": "Feature", "geometry": {"type": "Point", "coordinates": [3.7657675, 50.8624628]}, "properties": {"role": "node", "id": "3892724438", "dist_to_outlet_m": 4905.302951568048, "observable": true, "access": false}}, {"type": "Feature", "geometry": {"type": "Point", "coordinates": [3.7659102, 50.8624884]}, "properties": {"role": "node", "id": "313568428", "dist_to_outlet_m": 4894.890952208563, "observable": true, "access": false}}, {"type": "Feature", "geometry": {"type": "Point", "coordinates": [3.7660559, 50.8624996]}, "properties": {"role": "node", "id": "651508992", "dist_to_outlet_m": 4884.58952494932, "observable": true, "access": false}}, {"type": "Feature", "geometry": {"type": "Point", "coordinates": [3.7661163, 50.8625167]}, "properties": {"role": "node", "id": "313568429", "dist_to_outlet_m": 4879.943479544337, "observable": true, "access": false}}, {"type": "Feature", "geometry": {"type": "Point", "coordinates": [3.766167, 50.8625885]}, "properties": {"role": "node", "id": "3892724446", "dist_to_outlet_m": 4871.202608950067, "observable": true, "access": false}}, {"type": "Feature", "geometry": {"type": "Point", "coordinates": [3.7661125, 50.8626795]}, "properties": {"role": "node", "id": "313568430", "dist_to_outlet_m": 4860.385040243168, "observable": true, "access": false}}, {"type": "Feature", "geometry": {"type": "Point", "coordinates": [3.7659626, 50.8627896]}, "properties": {"role": "node", "id": "3892724451", "dist_to_outlet_m": 4844.2430720346465, "observable": true, "access": false}}, {"type": "Feature", "geometry": {"type": "Point", "coordinates": [3.7659031, 50.8628462]}, "properties": {"role": "node", "id": "3892724452", "dist_to_outlet_m": 4836.690037959109, "observable": true, "access": false}}, {"type": "Feature", "geometry": {"type": "Point", "coordinates": [3.765818, 50.8629497]}, "properties": {"role": "node", "id": "3892724456", "dist_to_outlet_m": 4823.723848936238, "observable": true, "access": false}}, {"type": "Feature", "geometry": {"type": "Point", "coordinates": [3.7634956, 50.8449218]}, "properties": {"role": "node", "id": "313568382", "dist_to_outlet_m": 7147.074780100581, "observable": true, "access": false}}, {"type": "Feature", "geometry": {"type": "Point", "coordinates": [3.7634828, 50.8449474]}, "properties": {"role": "node", "id": "4784695332", "dist_to_outlet_m": 7144.089694670351, "observable": true, "access": false}}, {"type": "Feature", "geometry": {"type": "Point", "coordinates": [3.7688906, 50.8338358]}, "properties": {"role": "node", "id": "3894056247", "dist_to_outlet_m": 8653.156108908417, "observable": true, "access": false}}, {"type": "Feature", "geometry": {"type": "Point", "coordinates": [3.7741589, 50.8235128]}, "properties": {"role": "node", "id": "8176931943", "dist_to_outlet_m": 10404.071869329864, "observable": true, "access": true}}, {"type": "Feature", "geometry": {"type": "Point", "coordinates": [3.7807588, 50.8142847]}, "properties": {"role": "node", "id": "4783691766", "dist_to_outlet_m": 11742.85472851288, "observable": true, "access": false}}, {"type": "Feature", "geometry": {"type": "Point", "coordinates": [3.7808432, 50.8143379]}, "properties": {"role": "node", "id": "4783691765", "dist_to_outlet_m": 11734.478862660002, "observable": true, "access": false}}, {"type": "Feature", "geometry": {"type": "Point", "coordinates": [3.7688696, 50.8342304]}, "properties": {"role": "node", "id": "824807578", "dist_to_outlet_m": 8609.25381347756, "observable": true, "access": true}}, {"type": "Feature", "geometry": {"type": "Point", "coordinates": [3.7687727, 50.8345483]}, "properties": {"role": "node", "id": "3894056248", "dist_to_outlet_m": 8573.255896654824, "observable": true, "access": false}}, {"type": "Feature", "geometry": {"type": "Point", "coordinates": [3.7686166, 50.8348586]}, "properties": {"role": "node", "id": "313568352", "dist_to_outlet_m": 8537.052531794747, "observable": true, "access": false}}, {"type": "Feature", "geometry": {"type": "Point", "coordinates": [3.7685992, 50.8349912]}, "properties": {"role": "node", "id": "3894056249", "dist_to_outlet_m": 8522.25753802973, "observable": true, "access": false}}, {"type": "Feature", "geometry": {"type": "Point", "coordinates": [3.7686031, 50.8351879]}, "properties": {"role": "node", "id": "3894056251", "dist_to_outlet_m": 8500.383781272443, "observable": true, "access": true}}, {"type": "Feature", "geometry": {"type": "Point", "coordinates": [3.7685332, 50.8354642]}, "properties": {"role": "node", "id": "313568353", "dist_to_outlet_m": 8469.270949994157, "observable": true, "access": false}}, {"type": "Feature", "geometry": {"type": "Point", "coordinates": [3.7685849, 50.8356102]}, "properties": {"role": "node", "id": "3894056252", "dist_to_outlet_m": 8452.635471104071, "observable": true, "access": false}}, {"type": "Feature", "geometry": {"type": "Point", "coordinates": [3.7686914, 50.83577]}, "properties": {"role": "node", "id": "3894056253", "dist_to_outlet_m": 8433.356724781439, "observable": true, "access": false}}, {"type": "Feature", "geometry": {"type": "Point", "coordinates": [3.7687238, 50.835852]}, "properties": {"role": "node", "id": "3894056254", "dist_to_outlet_m": 8423.959144525388, "observable": true, "access": false}}, {"type": "Feature", "geometry": {"type": "Point", "coordinates": [3.7687394, 50.8359791]}, "properties": {"role": "node", "id": "3894056255", "dist_to_outlet_m": 8409.783874397946, "observable": true, "access": false}}, {"type": "Feature", "geometry": {"type": "Point", "coordinates": [3.7687285, 50.836086]}, "properties": {"role": "node", "id": "313568354", "dist_to_outlet_m": 8397.872516913652, "observable": true, "access": true}}, {"type": "Feature", "geometry": {"type": "Point", "coordinates": [3.7687134, 50.8363021]}, "properties": {"role": "node", "id": "3894056256", "dist_to_outlet_m": 8373.819907905932, "observable": true, "access": false}}, {"type": "Feature", "geometry": {"type": "Point", "coordinates": [3.7687436, 50.8365471]}, "properties": {"role": "node", "id": "1995465698", "dist_to_outlet_m": 8346.494728859898, "observable": true, "access": false}}, {"type": "Feature", "geometry": {"type": "Point", "coordinates": [3.768557, 50.8368062]}, "properties": {"role": "node", "id": "313568355", "dist_to_outlet_m": 8314.84418400777, "observable": true, "access": false}}, {"type": "Feature", "geometry": {"type": "Point", "coordinates": [3.7683013, 50.8369698]}, "properties": {"role": "node", "id": "1995465885", "dist_to_outlet_m": 8289.283498719342, "observable": true, "access": true}}, {"type": "Feature", "geometry": {"type": "Point", "coordinates": [3.767894, 50.837123]}, "properties": {"role": "node", "id": "313568356", "dist_to_outlet_m": 8255.993088221863, "observable": true, "access": false}}, {"type": "Feature", "geometry": {"type": "Point", "coordinates": [3.767181, 50.837356]}, "properties": {"role": "node", "id": "313568358", "dist_to_outlet_m": 8199.618358590289, "observable": true, "access": false}}, {"type": "Feature", "geometry": {"type": "Point", "coordinates": [3.7666779, 50.8375836]}, "properties": {"role": "node", "id": "3894056457", "dist_to_outlet_m": 8156.160191191851, "observable": true, "access": true}}, {"type": "Feature", "geometry": {"type": "Point", "coordinates": [3.76621, 50.837818]}, "properties": {"role": "node", "id": "313568359", "dist_to_outlet_m": 8114.220914982629, "observable": true, "access": false}}, {"type": "Feature", "geometry": {"type": "Point", "coordinates": [3.7660026, 50.8380763]}, "properties": {"role": "node", "id": "3894056458", "dist_to_outlet_m": 8082.017799209331, "observable": true, "access": false}}, {"type": "Feature", "geometry": {"type": "Point", "coordinates": [3.7658826, 50.8382564]}, "properties": {"role": "node", "id": "313568360", "dist_to_outlet_m": 8060.290966704352, "observable": true, "access": false}}, {"type": "Feature", "geometry": {"type": "Point", "coordinates": [3.7654941, 50.8385081]}, "properties": {"role": "node", "id": "313568361", "dist_to_outlet_m": 8021.207031388157, "observable": true, "access": true}}, {"type": "Feature", "geometry": {"type": "Point", "coordinates": [3.7654591, 50.8385928]}, "properties": {"role": "node", "id": "3894056459", "dist_to_outlet_m": 8011.473427065231, "observable": true, "access": false}}, {"type": "Feature", "geometry": {"type": "Point", "coordinates": [3.7654474, 50.838731]}, "properties": {"role": "node", "id": "1995680694", "dist_to_outlet_m": 7996.084341768895, "observable": true, "access": false}}, {"type": "Feature", "geometry": {"type": "Point", "coordinates": [3.7654978, 50.8387962]}, "properties": {"role": "node", "id": "824807541", "dist_to_outlet_m": 7988.016728953588, "observable": true, "access": false}}, {"type": "Feature", "geometry": {"type": "Point", "coordinates": [3.7655942, 50.838852]}, "properties": {"role": "node", "id": "313568362", "dist_to_outlet_m": 7978.834122951363, "observable": true, "access": false}}, {"type": "Feature", "geometry": {"type": "Point", "coordinates": [3.765771, 50.838893]}, "properties": {"role": "node", "id": "313568363", "dist_to_outlet_m": 7965.60861976505, "observable": true, "access": false}}, {"type": "Feature", "geometry": {"type": "Point", "coordinates": [3.7661839, 50.8389513]}, "properties": {"role": "node", "id": "313568364", "dist_to_outlet_m": 7935.898938597205, "observable": true, "access": false}}, {"type": "Feature", "geometry": {"type": "Point", "coordinates": [3.7663267, 50.8390562]}, "properties": {"role": "node", "id": "313568365", "dist_to_outlet_m": 7920.516954330475, "observable": true, "access": false}}, {"type": "Feature", "geometry": {"type": "Point", "coordinates": [3.7662853, 50.839141]}, "properties": {"role": "node", "id": "1995680812", "dist_to_outlet_m": 7910.649662465823, "observable": true, "access": false}}, {"type": "Feature", "geometry": {"type": "Point", "coordinates": [3.7661529, 50.8391894]}, "properties": {"role": "node", "id": "824807533", "dist_to_outlet_m": 7899.9072427370165, "observable": true, "access": false}}, {"type": "Feature", "geometry": {"type": "Point", "coordinates": [3.7659308, 50.8392232]}, "properties": {"role": "node", "id": "313568366", "dist_to_outlet_m": 7883.865025534626, "observable": true, "access": false}}, {"type": "Feature", "geometry": {"type": "Point", "coordinates": [3.7657354, 50.8392641]}, "properties": {"role": "node", "id": "3894056460", "dist_to_outlet_m": 7869.41007761551, "observable": true, "access": false}}, {"type": "Feature", "geometry": {"type": "Point", "coordinates": [3.7656645, 50.8393193]}, "properties": {"role": "node", "id": "3894056461", "dist_to_outlet_m": 7861.506880388762, "observable": true, "access": false}}, {"type": "Feature", "geometry": {"type": "Point", "coordinates": [3.7656101, 50.8394383]}, "properties": {"role": "node", "id": "3894056462", "dist_to_outlet_m": 7847.734340825912, "observable": true, "access": true}}, {"type": "Feature", "geometry": {"type": "Point", "coordinates": [3.7655489, 50.8395052]}, "properties": {"role": "node", "id": "824807530", "dist_to_outlet_m": 7839.143325418467, "observable": true, "access": false}}, {"type": "Feature", "geometry": {"type": "Point", "coordinates": [3.7651896, 50.8396088]}, "properties": {"role": "node", "id": "824807528", "dist_to_outlet_m": 7811.408118010476, "observable": true, "access": false}}, {"type": "Feature", "geometry": {"type": "Point", "coordinates": [3.7648018, 50.839643]}, "properties": {"role": "node", "id": "313568371", "dist_to_outlet_m": 7783.912993688784, "observable": true, "access": false}}, {"type": "Feature", "geometry": {"type": "Point", "coordinates": [3.7647652, 50.8396893]}, "properties": {"role": "node", "id": "1995680962", "dist_to_outlet_m": 7778.158848313428, "observable": true, "access": false}}, {"type": "Feature", "geometry": {"type": "Point", "coordinates": [3.7648016, 50.8397408]}, "properties": {"role": "node", "id": "313568372", "dist_to_outlet_m": 7771.887789248792, "observable": true, "access": false}}, {"type": "Feature", "geometry": {"type": "Point", "coordinates": [3.7651422, 50.8398303]}, "properties": {"role": "node", "id": "313568373", "dist_to_outlet_m": 7745.983387138451, "observable": true, "access": false}}, {"type": "Feature", "geometry": {"type": "Point", "coordinates": [3.7652482, 50.8398722]}, "properties": {"role": "node", "id": "3894056463", "dist_to_outlet_m": 7737.20229631163, "observable": true, "access": false}}, {"type": "Feature", "geometry": {"type": "Point", "coordinates": [3.7652963, 50.8399713]}, "properties": {"role": "node", "id": "3894056464", "dist_to_outlet_m": 7725.67688548787, "observable": true, "access": false}}, {"type": "Feature", "geometry": {"type": "Point", "coordinates": [3.7652912, 50.8400816]}, "properties": {"role": "node", "id": "3894056465", "dist_to_outlet_m": 7713.406858023098, "observable": true, "access": false}}, {"type": "Feature", "geometry": {"type": "Point", "coordinates": [3.765276, 50.8402127]}, "properties": {"role": "node", "id": "3894056466", "dist_to_outlet_m": 7698.790183229808, "observable": true, "access": false}}, {"type": "Feature", "geometry": {"type": "Point", "coordinates": [3.7653077, 50.8403868]}, "properties": {"role": "node", "id": "824807521", "dist_to_outlet_m": 7679.303599217166, "observable": true, "access": true}}, {"type": "Feature", "geometry": {"type": "Point", "coordinates": [3.7654425, 50.8405194]}, "properties": {"role": "node", "id": "824807520", "dist_to_outlet_m": 7661.782433966516, "observable": true, "access": false}}, {"type": "Feature", "geometry": {"type": "Point", "coordinates": [3.7654734, 50.8405994]}, "properties": {"role": "node", "id": "8171761822", "dist_to_outlet_m": 7652.626055075646, "observable": true, "access": false}}, {"type": "Feature", "geometry": {"type": "Point", "coordinates": [3.7654553, 50.8407065]}, "properties": {"role": "node", "id": "8171761821", "dist_to_outlet_m": 7640.649453075865, "observable": true, "access": false}}, {"type": "Feature", "geometry": {"type": "Point", "coordinates": [3.765377, 50.8408225]}, "properties": {"role": "node", "id": "293783205", "dist_to_outlet_m": 7626.627962663287, "observable": true, "access": false}}, {"type": "Feature", "geometry": {"type": "Point", "coordinates": [3.7653533, 50.8408534]}, "properties": {"role": "node", "id": "8171761834", "dist_to_outlet_m": 7622.810248515842, "observable": true, "access": false}}, {"type": "Feature", "geometry": {"type": "Point", "coordinates": [3.7652669, 50.8409509]}, "properties": {"role": "node", "id": "8171692116", "dist_to_outlet_m": 7610.386738760487, "observable": true, "access": false}}, {"type": "Feature", "geometry": {"type": "Point", "coordinates": [3.7652341, 50.8410339]}, "properties": {"role": "node", "id": "8171757547", "dist_to_outlet_m": 7600.874532846687, "observable": true, "access": false}}, {"type": "Feature", "geometry": {"type": "Point", "coordinates": [3.7652528, 50.8412168]}, "properties": {"role": "node", "id": "8171692108", "dist_to_outlet_m": 7580.494637720962, "observable": true, "access": false}}, {"type": "Feature", "geometry": {"type": "Point", "coordinates": [3.7652495, 50.8412752]}, "properties": {"role": "node", "id": "8171692093", "dist_to_outlet_m": 7573.996721256103, "observable": true, "access": false}}, {"type": "Feature", "geometry": {"type": "Point", "coordinates": [3.7652247, 50.8413527]}, "properties": {"role": "node", "id": "8171692095", "dist_to_outlet_m": 7565.204935509391, "observable": true, "access": true}}, {"type": "Feature", "geometry": {"type": "Point", "coordinates": [3.7651134, 50.8415191]}, "properties": {"role": "node", "id": "8171692094", "dist_to_outlet_m": 7545.119368624537, "observable": true, "access": false}}, {"type": "Feature", "geometry": {"type": "Point", "coordinates": [3.7650808, 50.8415928]}, "properties": {"role": "node", "id": "3894056469", "dist_to_outlet_m": 7536.610619591525, "observable": true, "access": false}}, {"type": "Feature", "geometry": {"type": "Point", "coordinates": [3.7650313, 50.8421359]}, "properties": {"role": "node", "id": "293783204", "dist_to_outlet_m": 7476.120718907919, "observable": true, "access": false}}, {"type": "Feature", "geometry": {"type": "Point", "coordinates": [3.7647663, 50.8425699]}, "properties": {"role": "node", "id": "2001372528", "dist_to_outlet_m": 7424.399260946921, "observable": true, "access": true}}, {"type": "Feature", "geometry": {"type": "Point", "coordinates": [3.7646168, 50.8427961]}, "properties": {"role": "node", "id": "3894056470", "dist_to_outlet_m": 7397.14443702868, "observable": true, "access": false}}, {"type": "Feature", "geometry": {"type": "Point", "coordinates": [3.7644906, 50.8430417]}, "properties": {"role": "node", "id": "2001314585", "dist_to_outlet_m": 7368.433384239317, "observable": true, "access": false}}, {"type": "Feature", "geometry": {"type": "Point", "coordinates": [3.7640546, 50.8437643]}, "properties": {"role": "node", "id": "313568379", "dist_to_outlet_m": 7282.449742735677, "observable": true, "access": true}}, {"type": "Feature", "geometry": {"type": "Point", "coordinates": [3.7639511, 50.8439402]}, "properties": {"role": "node", "id": "3894056471", "dist_to_outlet_m": 7261.584197276341, "observable": true, "access": false}}, {"type": "Feature", "geometry": {"type": "Point", "coordinates": [3.7638317, 50.8441753]}, "properties": {"role": "node", "id": "293783203", "dist_to_outlet_m": 7234.130952739348, "observable": true, "access": false}}, {"type": "Feature", "geometry": {"type": "Point", "coordinates": [3.763658, 50.844524]}, "properties": {"role": "node", "id": "313568381", "dist_to_outlet_m": 7193.484494701133, "observable": true, "access": false}}, {"type": "Feature", "geometry": {"type": "Point", "coordinates": [3.7635552, 50.8447198]}, "properties": {"role": "node", "id": "3892723993", "dist_to_outlet_m": 7170.547318131351, "observable": true, "access": true}}, {"type": "Feature", "geometry": {"type": "Point", "coordinates": [3.7635168, 50.8448375]}, "properties": {"role": "node", "id": "3892724000", "dist_to_outlet_m": 7157.184856469044, "observable": true, "access": false}}, {"type": "Feature", "geometry": {"type": "Point", "coordinates": [3.7635235, 50.8449011]}, "properties": {"role": "node", "id": "8180631477", "dist_to_outlet_m": 7150.097230982936, "observable": true, "access": false}}, {"type": "Feature", "geometry": {"type": "Point", "coordinates": [3.7634182, 50.7986113]}, "properties": {"role": "node", "id": "3894363102", "dist_to_outlet_m": 13969.233147475601, "observable": true, "access": false}}, {"type": "Feature", "geometry": {"type": "Point", "coordinates": [3.7635598, 50.7987451]}, "properties": {"role": "node", "id": "3894363103", "dist_to_outlet_m": 13951.333765192969, "observable": true, "access": false}}, {"type": "Feature", "geometry": {"type": "Point", "coordinates": [3.763787, 50.7989256]}, "properties": {"role": "node", "id": "3894363104", "dist_to_outlet_m": 13925.686180434473, "observable": true, "access": false}}, {"type": "Feature", "geometry": {"type": "Point", "coordinates": [3.7639446, 50.7990622]}, "properties": {"role": "node", "id": "3894363105", "dist_to_outlet_m": 13906.887427663753, "observable": true, "access": false}}, {"type": "Feature", "geometry": {"type": "Point", "coordinates": [3.7639952, 50.7990972]}, "properties": {"role": "node", "id": "3894363106", "dist_to_outlet_m": 13901.61556331834, "observable": true, "access": false}}, {"type": "Feature", "geometry": {"type": "Point", "coordinates": [3.7645232, 50.7993849]}, "properties": {"role": "node", "id": "3894363107", "dist_to_outlet_m": 13852.621830194952, "observable": true, "access": true}}, {"type": "Feature", "geometry": {"type": "Point", "coordinates": [3.7648347, 50.7995354]}, "properties": {"role": "node", "id": "3894363108", "dist_to_outlet_m": 13825.066177277638, "observable": true, "access": false}}, {"type": "Feature", "geometry": {"type": "Point", "coordinates": [3.765058, 50.7997503]}, "properties": {"role": "node", "id": "3894363109", "dist_to_outlet_m": 13796.47792134276, "observable": true, "access": false}}, {"type": "Feature", "geometry": {"type": "Point", "coordinates": [3.7652637, 50.8001447]}, "properties": {"role": "node", "id": "3894363110", "dist_to_outlet_m": 13750.301412891067, "observable": true, "access": false}}, {"type": "Feature", "geometry": {"type": "Point", "coordinates": [3.7655403, 50.8005724]}, "properties": {"role": "node", "id": "3894363111", "dist_to_outlet_m": 13698.923988603072, "observable": true, "access": true}}, {"type": "Feature", "geometry": {"type": "Point", "coordinates": [3.7659951, 50.8012512]}, "properties": {"role": "node", "id": "3894363112", "dist_to_outlet_m": 13615.13767946859, "observable": true, "access": false}}, {"type": "Feature", "geometry": {"type": "Point", "coordinates": [3.7660079, 50.8012918]}, "properties": {"role": "node", "id": "8222565498", "dist_to_outlet_m": 13610.534418826684, "observable": true, "access": false}}, {"type": "Feature", "geometry": {"type": "Point", "coordinates": [3.7660306, 50.8013308]}, "properties": {"role": "node", "id": "3894363113", "dist_to_outlet_m": 13605.913702007536, "observable": true, "access": false}}, {"type": "Feature", "geometry": {"type": "Point", "coordinates": [3.7661536, 50.8013924]}, "properties": {"role": "node", "id": "3894363114", "dist_to_outlet_m": 13594.88483900779, "observable": true, "access": true}}, {"type": "Feature", "geometry": {"type": "Point", "coordinates": [3.7662408, 50.8014343]}, "properties": {"role": "node", "id": "3894363115", "dist_to_outlet_m": 13587.186757062376, "observable": true, "access": false}}, {"type": "Feature", "geometry": {"type": "Point", "coordinates": [3.7662448, 50.8014602]}, "properties": {"role": "node", "id": "3894363116", "dist_to_outlet_m": 13584.293121974944, "observable": true, "access": false}}, {"type": "Feature", "geometry": {"type": "Point", "coordinates": [3.7662556, 50.8015763]}, "properties": {"role": "node", "id": "3894363117", "dist_to_outlet_m": 13571.361099369087, "observable": true, "access": false}}, {"type": "Feature", "geometry": {"type": "Point", "coordinates": [3.7662801, 50.8016199]}, "properties": {"role": "node", "id": "3894363118", "dist_to_outlet_m": 13566.216341798316, "observable": true, "access": false}}, {"type": "Feature", "geometry": {"type": "Point", "coordinates": [3.7663664, 50.8016591]}, "properties": {"role": "node", "id": "3894363119", "dist_to_outlet_m": 13558.747639864405, "observable": true, "access": false}}, {"type": "Feature", "geometry": {"type": "Point", "coordinates": [3.7663874, 50.8017105]}, "properties": {"role": "node", "id": "5983459187", "dist_to_outlet_m": 13552.844760421365, "observable": true, "access": false}}, {"type": "Feature", "geometry": {"type": "Point", "coordinates": [3.7664055, 50.8017656]}, "properties": {"role": "node", "id": "3894363120", "dist_to_outlet_m": 13546.587273757184, "observable": true, "access": false}}, {"type": "Feature", "geometry": {"type": "Point", "coordinates": [3.7664302, 50.8017984]}, "properties": {"role": "node", "id": "3894363121", "dist_to_outlet_m": 13542.548082884856, "observable": true, "access": false}}, {"type": "Feature", "geometry": {"type": "Point", "coordinates": [3.7664665, 50.8018182]}, "properties": {"role": "node", "id": "8222565497", "dist_to_outlet_m": 13539.178371902639, "observable": true, "access": false}}, {"type": "Feature", "geometry": {"type": "Point", "coordinates": [3.7665403, 50.8018346]}, "properties": {"role": "node", "id": "3894363122", "dist_to_outlet_m": 13533.680763253307, "observable": true, "access": false}}, {"type": "Feature", "geometry": {"type": "Point", "coordinates": [3.7666562, 50.8018896]}, "properties": {"role": "node", "id": "3894363123", "dist_to_outlet_m": 13523.495370731602, "observable": true, "access": false}}, {"type": "Feature", "geometry": {"type": "Point", "coordinates": [3.7682963, 50.8032072]}, "properties": {"role": "node", "id": "3894363135", "dist_to_outlet_m": 13330.559992998806, "observable": true, "access": false}}, {"type": "Feature", "geometry": {"type": "Point", "coordinates": [3.7684259, 50.8033489]}, "properties": {"role": "node", "id": "8222518967", "dist_to_outlet_m": 13312.360892152425, "observable": false, "access": false}}, {"type": "Feature", "geometry": {"type": "Point", "coordinates": [3.768565, 50.8035988]}, "properties": {"role": "node", "id": "4783691748", "dist_to_outlet_m": 13282.904108030387, "observable": false, "access": false}}, {"type": "Feature", "geometry": {"type": "Point", "coordinates": [3.7693398, 50.8043595]}, "properties": {"role": "node", "id": "4783691747", "dist_to_outlet_m": 13182.309497504717, "observable": false, "access": false}}, {"type": "Feature", "geometry": {"type": "Point", "coordinates": [3.7698645, 50.8048335]}, "properties": {"role": "node", "id": "3894363136", "dist_to_outlet_m": 13117.98633004946, "observable": true, "access": true}}, {"type": "Feature", "geometry": {"type": "Point", "coordinates": [3.7616452, 50.7968423]}, "properties": {"role": "node", "id": "3894363088", "dist_to_outlet_m": 14211.572418612914, "observable": true, "access": true}}, {"type": "Feature", "geometry": {"type": "Point", "coordinates": [3.7620223, 50.7972878]}, "properties": {"role": "node", "id": "3894363089", "dist_to_outlet_m": 14155.390637829538, "observable": true, "access": false}}, {"type": "Feature", "geometry": {"type": "Point", "coordinates": [3.76218, 50.7975031]}, "properties": {"role": "node", "id": "3894363090", "dist_to_outlet_m": 14129.00918514036, "observable": true, "access": false}}, {"type": "Feature", "geometry": {"type": "Point", "coordinates": [3.7622384, 50.7975863]}, "properties": {"role": "node", "id": "11377896991", "dist_to_outlet_m": 14118.888144358029, "observable": true, "access": false}}, {"type": "Feature", "geometry": {"type": "Point", "coordinates": [3.7623361, 50.7976986]}, "properties": {"role": "node", "id": "3894363091", "dist_to_outlet_m": 14104.6375497936, "observable": true, "access": true}}, {"type": "Feature", "geometry": {"type": "Point", "coordinates": [3.7623358, 50.7977527]}, "properties": {"role": "node", "id": "3894363092", "dist_to_outlet_m": 14098.621867311871, "observable": true, "access": false}}, {"type": "Feature", "geometry": {"type": "Point", "coordinates": [3.7622795, 50.7978086]}, "properties": {"role": "node", "id": "3894363093", "dist_to_outlet_m": 14091.25349546926, "observable": true, "access": false}}, {"type": "Feature", "geometry": {"type": "Point", "coordinates": [3.7623117, 50.7978626]}, "properties": {"role": "node", "id": "3894363094", "dist_to_outlet_m": 14084.836656438418, "observable": true, "access": false}}, {"type": "Feature", "geometry": {"type": "Point", "coordinates": [3.7624945, 50.7979744]}, "properties": {"role": "node", "id": "3894363095", "dist_to_outlet_m": 14066.959238598787, "observable": true, "access": false}}, {"type": "Feature", "geometry": {"type": "Point", "coordinates": [3.7626041, 50.7980703]}, "properties": {"role": "node", "id": "3894363096", "dist_to_outlet_m": 14053.80454224939, "observable": true, "access": false}}, {"type": "Feature", "geometry": {"type": "Point", "coordinates": [3.7627202, 50.7981163]}, "properties": {"role": "node", "id": "3894363097", "dist_to_outlet_m": 14044.174227905969, "observable": true, "access": false}}, {"type": "Feature", "geometry": {"type": "Point", "coordinates": [3.763007, 50.798358]}, "properties": {"role": "node", "id": "3894363098", "dist_to_outlet_m": 14010.579604658758, "observable": true, "access": false}}, {"type": "Feature", "geometry": {"type": "Point", "coordinates": [3.7631617, 50.7984081]}, "properties": {"role": "node", "id": "3894363099", "dist_to_outlet_m": 13998.363026822537, "observable": true, "access": false}}, {"type": "Feature", "geometry": {"type": "Point", "coordinates": [3.763228, 50.7984399]}, "properties": {"role": "node", "id": "3894363100", "dist_to_outlet_m": 13992.5136395714, "observable": true, "access": true}}, {"type": "Feature", "geometry": {"type": "Point", "coordinates": [3.7633145, 50.7985197]}, "properties": {"role": "node", "id": "3894363101", "dist_to_outlet_m": 13981.757519278124, "observable": true, "access": false}}, {"type": "Feature", "geometry": {"type": "Point", "coordinates": [3.7587521, 50.7925498]}, "properties": {"role": "node", "id": "4208878331", "dist_to_outlet_m": 14812.806544076864, "observable": true, "access": false}}, {"type": "Feature", "geometry": {"type": "Point", "coordinates": [3.7587791, 50.7925749]}, "properties": {"role": "node", "id": "4208878332", "dist_to_outlet_m": 14809.431434960698, "observable": true, "access": false}}, {"type": "Feature", "geometry": {"type": "Point", "coordinates": [3.766746, 50.8019809]}, "properties": {"role": "node", "id": "3894363124", "dist_to_outlet_m": 13511.541687011424, "observable": true, "access": false}}, {"type": "Feature", "geometry": {"type": "Point", "coordinates": [3.7656873, 50.800824]}, "properties": {"role": "node", "id": "8222565500", "dist_to_outlet_m": 13669.100884143394, "observable": false, "access": false}}, {"type": "Feature", "geometry": {"type": "Point", "coordinates": [3.7657785, 50.8008536]}, "properties": {"role": "node", "id": "8222565499", "dist_to_outlet_m": 13661.895887093751, "observable": false, "access": false}}, {"type": "Feature", "geometry": {"type": "Point", "coordinates": [3.7711845, 50.8059242]}, "properties": {"role": "node", "id": "3894363143", "dist_to_outlet_m": 12962.923800324774, "observable": true, "access": false}}, {"type": "Feature", "geometry": {"type": "Point", "coordinates": [3.7711081, 50.8060254]}, "properties": {"role": "node", "id": "8222518977", "dist_to_outlet_m": 12950.455837984588, "observable": false, "access": false}}, {"type": "Feature", "geometry": {"type": "Point", "coordinates": [3.7710392, 50.8060632]}, "properties": {"role": "node", "id": "3894363144", "dist_to_outlet_m": 12944.044339206268, "observable": false, "access": false}}, {"type": "Feature", "geometry": {"type": "Point", "coordinates": [3.7711041, 50.8061864]}, "properties": {"role": "node", "id": "8222518976", "dist_to_outlet_m": 12929.60597327198, "observable": false, "access": false}}, {"type": "Feature", "geometry": {"type": "Point", "coordinates": [3.7712985, 50.8063898]}, "properties": {"role": "node", "id": "8222518975", "dist_to_outlet_m": 12903.18373914815, "observable": false, "access": false}}, {"type": "Feature", "geometry": {"type": "Point", "coordinates": [3.7713213, 50.8064085]}, "properties": {"role": "node", "id": "8222518973", "dist_to_outlet_m": 12900.55876403317, "observable": false, "access": false}}, {"type": "Feature", "geometry": {"type": "Point", "coordinates": [3.7715211, 50.8064059]}, "properties": {"role": "node", "id": "8222518974", "dist_to_outlet_m": 12886.516078374632, "observable": false, "access": false}}, {"type": "Feature", "geometry": {"type": "Point", "coordinates": [3.7715731, 50.8064395]}, "properties": {"role": "node", "id": "3894363145", "dist_to_outlet_m": 12881.290146625179, "observable": true, "access": true}}, {"type": "Feature", "geometry": {"type": "Point", "coordinates": [3.7726069, 50.8072091]}, "properties": {"role": "node", "id": "3894363148", "dist_to_outlet_m": 12769.035171759635, "observable": true, "access": true}}, {"type": "Feature", "geometry": {"type": "Point", "coordinates": [3.7728167, 50.8073484]}, "properties": {"role": "node", "id": "8204747592", "dist_to_outlet_m": 12747.651688946415, "observable": false, "access": false}}, {"type": "Feature", "geometry": {"type": "Point", "coordinates": [3.7728891, 50.8074687]}, "properties": {"role": "node", "id": "8204747593", "dist_to_outlet_m": 12733.340204244625, "observable": false, "access": false}}, {"type": "Feature", "geometry": {"type": "Point", "coordinates": [3.7729186, 50.8077738]}, "properties": {"role": "node", "id": "8204747595", "dist_to_outlet_m": 12699.35136402738, "observable": false, "access": false}}, {"type": "Feature", "geometry": {"type": "Point", "coordinates": [3.7729534, 50.8082399]}, "properties": {"role": "node", "id": "8204747594", "dist_to_outlet_m": 12647.465756177477, "observable": false, "access": false}}, {"type": "Feature", "geometry": {"type": "Point", "coordinates": [3.7730902, 50.8083704]}, "properties": {"role": "node", "id": "8204747596", "dist_to_outlet_m": 12630.059859630304, "observable": true, "access": true}}, {"type": "Feature", "geometry": {"type": "Point", "coordinates": [3.7700144, 50.8049558]}, "properties": {"role": "node", "id": "8222518968", "dist_to_outlet_m": 13100.784757657284, "observable": true, "access": false}}, {"type": "Feature", "geometry": {"type": "Point", "coordinates": [3.7702645, 50.8051648]}, "properties": {"role": "node", "id": "3894363137", "dist_to_outlet_m": 13071.64789278883, "observable": true, "access": false}}, {"type": "Feature", "geometry": {"type": "Point", "coordinates": [3.7703822, 50.8052639]}, "properties": {"role": "node", "id": "8222518969", "dist_to_outlet_m": 13057.86984764076, "observable": true, "access": false}}, {"type": "Feature", "geometry": {"type": "Point", "coordinates": [3.7704812, 50.8053473]}, "properties": {"role": "node", "id": "3894363138", "dist_to_outlet_m": 13046.276856015487, "observable": true, "access": false}}, {"type": "Feature", "geometry": {"type": "Point", "coordinates": [3.746157, 50.7811613]}, "properties": {"role": "node", "id": "3894362992", "dist_to_outlet_m": 16714.69111659272, "observable": true, "access": false}}, {"type": "Feature", "geometry": {"type": "Point", "coordinates": [3.7462296, 50.7811757]}, "properties": {"role": "node", "id": "3894362993", "dist_to_outlet_m": 16709.341588477153, "observable": true, "access": false}}, {"type": "Feature", "geometry": {"type": "Point", "coordinates": [3.7588339, 50.7926201]}, "properties": {"role": "node", "id": "3894363086", "dist_to_outlet_m": 14803.099162074712, "observable": true, "access": false}}, {"type": "Feature", "geometry": {"type": "Point", "coordinates": [3.758907, 50.7927292]}, "properties": {"role": "node", "id": "8223032602", "dist_to_outlet_m": 14789.924537122248, "observable": true, "access": false}}, {"type": "Feature", "geometry": {"type": "Point", "coordinates": [3.7589269, 50.7927589]}, "properties": {"role": "node", "id": "3894363087", "dist_to_outlet_m": 14786.338040137432, "observable": true, "access": false}}, {"type": "Feature", "geometry": {"type": "Point", "coordinates": [3.7439615, 50.7792789]}, "properties": {"role": "node", "id": "8225129200", "dist_to_outlet_m": 17033.674194600226, "observable": true, "access": true}}, {"type": "Feature", "geometry": {"type": "Point", "coordinates": [3.743935, 50.7792883]}, "properties": {"role": "node", "id": "3894362958", "dist_to_outlet_m": 17031.537832835886, "observable": true, "access": false}}, {"type": "Feature", "geometry": {"type": "Point", "coordinates": [3.7438273, 50.7792848]}, "properties": {"role": "node", "id": "8225129199", "dist_to_outlet_m": 17023.955494532835, "observable": true, "access": false}}, {"type": "Feature", "geometry": {"type": "Point", "coordinates": [3.7438019, 50.7792975]}, "properties": {"role": "node", "id": "8225129198", "dist_to_outlet_m": 17021.678753704044, "observable": true, "access": false}}, {"type": "Feature", "geometry": {"type": "Point", "coordinates": [3.7437844, 50.779323]}, "properties": {"role": "node", "id": "8225129197", "dist_to_outlet_m": 17018.58782818239, "observable": true, "access": false}}, {"type": "Feature", "geometry": {"type": "Point", "coordinates": [3.7438086, 50.7793484]}, "properties": {"role": "node", "id": "8225129196", "dist_to_outlet_m": 17015.29055213671, "observable": true, "access": false}}, {"type": "Feature", "geometry": {"type": "Point", "coordinates": [3.7438354, 50.7793781]}, "properties": {"role": "node", "id": "8225129195", "dist_to_outlet_m": 17011.488315921124, "observable": true, "access": false}}, {"type": "Feature", "geometry": {"type": "Point", "coordinates": [3.7438676, 50.7793993]}, "properties": {"role": "node", "id": "8225129194", "dist_to_outlet_m": 17008.219898882122, "observable": true, "access": false}}, {"type": "Feature", "geometry": {"type": "Point", "coordinates": [3.7438915, 50.779417]}, "properties": {"role": "node", "id": "3894362959", "dist_to_outlet_m": 17005.63197640424, "observable": true, "access": false}}, {"type": "Feature", "geometry": {"type": "Point", "coordinates": [3.743877, 50.7794451]}, "properties": {"role": "node", "id": "8225129193", "dist_to_outlet_m": 17002.34528567467, "observable": true, "access": false}}, {"type": "Feature", "geometry": {"type": "Point", "coordinates": [3.7438676, 50.7794544]}, "properties": {"role": "node", "id": "8225129192", "dist_to_outlet_m": 17001.11801691487, "observable": true, "access": false}}, {"type": "Feature", "geometry": {"type": "Point", "coordinates": [3.7438595, 50.7794824]}, "properties": {"role": "node", "id": "8225129191", "dist_to_outlet_m": 16997.952901286102, "observable": true, "access": false}}, {"type": "Feature", "geometry": {"type": "Point", "coordinates": [3.7438689, 50.7795138]}, "properties": {"role": "node", "id": "8225129190", "dist_to_outlet_m": 16994.39937977084, "observable": true, "access": false}}, {"type": "Feature", "geometry": {"type": "Point", "coordinates": [3.7438515, 50.7795494]}, "properties": {"role": "node", "id": "8225129189", "dist_to_outlet_m": 16990.25610881374, "observable": true, "access": false}}, {"type": "Feature", "geometry": {"type": "Point", "coordinates": [3.7438248, 50.7795856]}, "properties": {"role": "node", "id": "3894362960", "dist_to_outlet_m": 16985.814625383624, "observable": true, "access": false}}, {"type": "Feature", "geometry": {"type": "Point", "coordinates": [3.7438222, 50.7796291]}, "properties": {"role": "node", "id": "3894362961", "dist_to_outlet_m": 16980.974192961057, "observable": true, "access": false}}, {"type": "Feature", "geometry": {"type": "Point", "coordinates": [3.743823, 50.7796939]}, "properties": {"role": "node", "id": "3894362963", "dist_to_outlet_m": 16973.768542179183, "observable": true, "access": false}}, {"type": "Feature", "geometry": {"type": "Point", "coordinates": [3.7438501, 50.7797164]}, "properties": {"role": "node", "id": "8225129188", "dist_to_outlet_m": 16970.623724315006, "observable": true, "access": false}}, {"type": "Feature", "geometry": {"type": "Point", "coordinates": [3.7439285, 50.7797095]}, "properties": {"role": "node", "id": "3894362962", "dist_to_outlet_m": 16965.058361808307, "observable": true, "access": false}}, {"type": "Feature", "geometry": {"type": "Point", "coordinates": [3.7439775, 50.7796986]}, "properties": {"role": "node", "id": "8225129187", "dist_to_outlet_m": 16961.406240397988, "observable": true, "access": false}}, {"type": "Feature", "geometry": {"type": "Point", "coordinates": [3.7440205, 50.7796969]}, "properties": {"role": "node", "id": "8225129186", "dist_to_outlet_m": 16958.37705037031, "observable": true, "access": false}}, {"type": "Feature", "geometry": {"type": "Point", "coordinates": [3.7441084, 50.7797289]}, "properties": {"role": "node", "id": "3894362964", "dist_to_outlet_m": 16951.245753075644, "observable": true, "access": false}}, {"type": "Feature", "geometry": {"type": "Point", "coordinates": [3.7441825, 50.77976]}, "properties": {"role": "node", "id": "3894362965", "dist_to_outlet_m": 16944.992606442906, "observable": true, "access": false}}, {"type": "Feature", "geometry": {"type": "Point", "coordinates": [3.7441988, 50.7797766]}, "properties": {"role": "node", "id": "8225129185", "dist_to_outlet_m": 16942.819934083214, "observable": true, "access": false}}, {"type": "Feature", "geometry": {"type": "Point", "coordinates": [3.7441921, 50.7797995]}, "properties": {"role": "node", "id": "8225129184", "dist_to_outlet_m": 16940.230363663635, "observable": true, "access": false}}, {"type": "Feature", "geometry": {"type": "Point", "coordinates": [3.7441827, 50.7798207]}, "properties": {"role": "node", "id": "8225129183", "dist_to_outlet_m": 16937.78213801844, "observable": true, "access": false}}, {"type": "Feature", "geometry": {"type": "Point", "coordinates": [3.7441948, 50.7798445]}, "properties": {"role": "node", "id": "8225129182", "dist_to_outlet_m": 16935.0023191682, "observable": true, "access": false}}, {"type": "Feature", "geometry": {"type": "Point", "coordinates": [3.7442105, 50.7798552]}, "properties": {"role": "node", "id": "3894362966", "dist_to_outlet_m": 16933.37933760404, "observable": true, "access": false}}, {"type": "Feature", "geometry": {"type": "Point", "coordinates": [3.7442136, 50.7799166]}, "properties": {"role": "node", "id": "8225129181", "dist_to_outlet_m": 16926.548490964422, "observable": true, "access": false}}, {"type": "Feature", "geometry": {"type": "Point", "coordinates": [3.7441703, 50.7799723]}, "properties": {"role": "node", "id": "3894362967", "dist_to_outlet_m": 16919.647165119495, "observable": true, "access": false}}, {"type": "Feature", "geometry": {"type": "Point", "coordinates": [3.7442421, 50.7800392]}, "properties": {"role": "node", "id": "3894362968", "dist_to_outlet_m": 16910.657077710035, "observable": true, "access": false}}, {"type": "Feature", "geometry": {"type": "Point", "coordinates": [3.7442934, 50.7800748]}, "properties": {"role": "node", "id": "3894362969", "dist_to_outlet_m": 16905.30178066963, "observable": true, "access": false}}, {"type": "Feature", "geometry": {"type": "Point", "coordinates": [3.7443447, 50.780117]}, "properties": {"role": "node", "id": "3894362970", "dist_to_outlet_m": 16899.383333954735, "observable": true, "access": false}}, {"type": "Feature", "geometry": {"type": "Point", "coordinates": [3.7443961, 50.7801835]}, "properties": {"role": "node", "id": "3894362971", "dist_to_outlet_m": 16891.153026236727, "observable": true, "access": true}}, {"type": "Feature", "geometry": {"type": "Point", "coordinates": [3.7444422, 50.7802257]}, "properties": {"role": "node", "id": "3894362972", "dist_to_outlet_m": 16885.45001861078, "observable": true, "access": false}}, {"type": "Feature", "geometry": {"type": "Point", "coordinates": [3.7444179, 50.7802784]}, "properties": {"role": "node", "id": "3894362973", "dist_to_outlet_m": 16879.346068211988, "observable": true, "access": false}}, {"type": "Feature", "geometry": {"type": "Point", "coordinates": [3.744432, 50.7803255]}, "properties": {"role": "node", "id": "3894362974", "dist_to_outlet_m": 16874.015789108515, "observable": true, "access": false}}, {"type": "Feature", "geometry": {"type": "Point", "coordinates": [3.7444563, 50.7803295]}, "properties": {"role": "node", "id": "3894362975", "dist_to_outlet_m": 16872.250356930614, "observable": true, "access": false}}, {"type": "Feature", "geometry": {"type": "Point", "coordinates": [3.7444743, 50.7803522]}, "properties": {"role": "node", "id": "3894362976", "dist_to_outlet_m": 16869.42674073081, "observable": true, "access": false}}, {"type": "Feature", "geometry": {"type": "Point", "coordinates": [3.7444717, 50.7803717]}, "properties": {"role": "node", "id": "3894362977", "dist_to_outlet_m": 16867.250747705904, "observable": true, "access": false}}, {"type": "Feature", "geometry": {"type": "Point", "coordinates": [3.7445115, 50.7804025]}, "properties": {"role": "node", "id": "3894362978", "dist_to_outlet_m": 16862.828133275594, "observable": true, "access": false}}, {"type": "Feature", "geometry": {"type": "Point", "coordinates": [3.7445282, 50.7804861]}, "properties": {"role": "node", "id": "3894362979", "dist_to_outlet_m": 16853.458379403575, "observable": true, "access": false}}, {"type": "Feature", "geometry": {"type": "Point", "coordinates": [3.7445538, 50.7804991]}, "properties": {"role": "node", "id": "3894362980", "dist_to_outlet_m": 16851.149887633754, "observable": true, "access": false}}, {"type": "Feature", "geometry": {"type": "Point", "coordinates": [3.7446321, 50.7805031]}, "properties": {"role": "node", "id": "3894362981", "dist_to_outlet_m": 16845.62685042092, "observable": true, "access": false}}, {"type": "Feature", "geometry": {"type": "Point", "coordinates": [3.744668, 50.780538]}, "properties": {"role": "node", "id": "3894362983", "dist_to_outlet_m": 16840.9975228609, "observable": true, "access": false}}, {"type": "Feature", "geometry": {"type": "Point", "coordinates": [3.7447296, 50.7805584]}, "properties": {"role": "node", "id": "3894362982", "dist_to_outlet_m": 16836.108484247383, "observable": true, "access": false}}, {"type": "Feature", "geometry": {"type": "Point", "coordinates": [3.7447751, 50.7805679]}, "properties": {"role": "node", "id": "3894362984", "dist_to_outlet_m": 16832.739585833024, "observable": true, "access": false}}, {"type": "Feature", "geometry": {"type": "Point", "coordinates": [3.7448155, 50.780585]}, "properties": {"role": "node", "id": "3894362985", "dist_to_outlet_m": 16829.321474086617, "observable": true, "access": false}}, {"type": "Feature", "geometry": {"type": "Point", "coordinates": [3.7449015, 50.7806369]}, "properties": {"role": "node", "id": "3894362986", "dist_to_outlet_m": 16820.96299078051, "observable": true, "access": false}}, {"type": "Feature", "geometry": {"type": "Point", "coordinates": [3.7449673, 50.7806696]}, "properties": {"role": "node", "id": "8225129179", "dist_to_outlet_m": 16815.07885122294, "observable": true, "access": false}}, {"type": "Feature", "geometry": {"type": "Point", "coordinates": [3.7449922, 50.7806971]}, "properties": {"role": "node", "id": "3894362987", "dist_to_outlet_m": 16811.55531468783, "observable": true, "access": false}}, {"type": "Feature", "geometry": {"type": "Point", "coordinates": [3.7452854, 50.7808105]}, "properties": {"role": "node", "id": "3894362988", "dist_to_outlet_m": 16787.390425499667, "observable": true, "access": false}}, {"type": "Feature", "geometry": {"type": "Point", "coordinates": [3.751871, 50.7885157]}, "properties": {"role": "node", "id": "3894363034", "dist_to_outlet_m": 15601.01216882705, "observable": true, "access": false}}, {"type": "Feature", "geometry": {"type": "Point", "coordinates": [3.7519231, 50.7885539]}, "properties": {"role": "node", "id": "4220086789", "dist_to_outlet_m": 15595.40362950993, "observable": true, "access": true}}, {"type": "Feature", "geometry": {"type": "Point", "coordinates": [3.7483107, 50.7826826]}, "properties": {"role": "node", "id": "8224478191", "dist_to_outlet_m": 16456.714989624692, "observable": true, "access": false}}, {"type": "Feature", "geometry": {"type": "Point", "coordinates": [3.7483147, 50.7827776]}, "properties": {"role": "node", "id": "8224478192", "dist_to_outlet_m": 16446.147729024873, "observable": true, "access": true}}, {"type": "Feature", "geometry": {"type": "Point", "coordinates": [3.7483603, 50.7828547]}, "properties": {"role": "node", "id": "8224478193", "dist_to_outlet_m": 16436.994796303818, "observable": true, "access": false}}, {"type": "Feature", "geometry": {"type": "Point", "coordinates": [3.7484126, 50.7828742]}, "properties": {"role": "node", "id": "8224478194", "dist_to_outlet_m": 16432.72616633783, "observable": true, "access": false}}, {"type": "Feature", "geometry": {"type": "Point", "coordinates": [3.7484139, 50.7829166]}, "properties": {"role": "node", "id": "8224478195", "dist_to_outlet_m": 16428.010615665367, "observable": true, "access": false}}, {"type": "Feature", "geometry": {"type": "Point", "coordinates": [3.7483764, 50.7829607]}, "properties": {"role": "node", "id": "8224478196", "dist_to_outlet_m": 16422.443132983026, "observable": true, "access": false}}, {"type": "Feature", "geometry": {"type": "Point", "coordinates": [3.7483831, 50.7829802]}, "properties": {"role": "node", "id": "8224478197", "dist_to_outlet_m": 16420.224258138227, "observable": true, "access": false}}, {"type": "Feature", "geometry": {"type": "Point", "coordinates": [3.7483978, 50.7829912]}, "properties": {"role": "node", "id": "8224478198", "dist_to_outlet_m": 16418.622964718495, "observable": true, "access": false}}, {"type": "Feature", "geometry": {"type": "Point", "coordinates": [3.7484018, 50.7830158]}, "properties": {"role": "node", "id": "8224478199", "dist_to_outlet_m": 16415.87315211803, "observable": true, "access": false}}, {"type": "Feature", "geometry": {"type": "Point", "coordinates": [3.7484427, 50.7831109]}, "properties": {"role": "node", "id": "3894363000", "dist_to_outlet_m": 16404.914545523257, "observable": true, "access": false}}, {"type": "Feature", "geometry": {"type": "Point", "coordinates": [3.7484568, 50.7832524]}, "properties": {"role": "node", "id": "8224478200", "dist_to_outlet_m": 16389.149267798937, "observable": true, "access": false}}, {"type": "Feature", "geometry": {"type": "Point", "coordinates": [3.7484501, 50.7832838]}, "properties": {"role": "node", "id": "8224478201", "dist_to_outlet_m": 16385.626117220538, "observable": true, "access": false}}, {"type": "Feature", "geometry": {"type": "Point", "coordinates": [3.748493, 50.7832965]}, "properties": {"role": "node", "id": "8224478202", "dist_to_outlet_m": 16382.295856268864, "observable": true, "access": false}}, {"type": "Feature", "geometry": {"type": "Point", "coordinates": [3.7485065, 50.7833431]}, "properties": {"role": "node", "id": "8224478203", "dist_to_outlet_m": 16377.027969477953, "observable": true, "access": false}}, {"type": "Feature", "geometry": {"type": "Point", "coordinates": [3.7485051, 50.7834237]}, "properties": {"role": "node", "id": "8224478204", "dist_to_outlet_m": 16368.065117953029, "observable": true, "access": false}}, {"type": "Feature", "geometry": {"type": "Point", "coordinates": [3.7485399, 50.7834728]}, "properties": {"role": "node", "id": "3894363001", "dist_to_outlet_m": 16362.082338995588, "observable": true, "access": false}}, {"type": "Feature", "geometry": {"type": "Point", "coordinates": [3.7485883, 50.7835458]}, "properties": {"role": "node", "id": "8224478205", "dist_to_outlet_m": 16353.280769249912, "observable": true, "access": false}}, {"type": "Feature", "geometry": {"type": "Point", "coordinates": [3.7485896, 50.7835899]}, "properties": {"role": "node", "id": "8224478206", "dist_to_outlet_m": 16348.376221366245, "observable": true, "access": false}}, {"type": "Feature", "geometry": {"type": "Point", "coordinates": [3.7485588, 50.7836136]}, "properties": {"role": "node", "id": "8224478207", "dist_to_outlet_m": 16344.965416552357, "observable": true, "access": false}}, {"type": "Feature", "geometry": {"type": "Point", "coordinates": [3.7485588, 50.7836535]}, "properties": {"role": "node", "id": "8224478208", "dist_to_outlet_m": 16340.528738979097, "observable": true, "access": false}}, {"type": "Feature", "geometry": {"type": "Point", "coordinates": [3.74854, 50.7836764]}, "properties": {"role": "node", "id": "8224478209", "dist_to_outlet_m": 16337.659793026265, "observable": true, "access": true}}, {"type": "Feature", "geometry": {"type": "Point", "coordinates": [3.7485521, 50.7837069]}, "properties": {"role": "node", "id": "8224478210", "dist_to_outlet_m": 16334.16328996898, "observable": true, "access": false}}, {"type": "Feature", "geometry": {"type": "Point", "coordinates": [3.7485883, 50.7837179]}, "properties": {"role": "node", "id": "8224478211", "dist_to_outlet_m": 16331.339651053662, "observable": true, "access": false}}, {"type": "Feature", "geometry": {"type": "Point", "coordinates": [3.7486526, 50.7837332]}, "properties": {"role": "node", "id": "8224478212", "dist_to_outlet_m": 16326.50963202636, "observable": true, "access": false}}, {"type": "Feature", "geometry": {"type": "Point", "coordinates": [3.7486687, 50.7837544]}, "properties": {"role": "node", "id": "8224478213", "dist_to_outlet_m": 16323.894644261389, "observable": true, "access": false}}, {"type": "Feature", "geometry": {"type": "Point", "coordinates": [3.74865, 50.7837705]}, "properties": {"role": "node", "id": "8224478214", "dist_to_outlet_m": 16321.673542332439, "observable": true, "access": false}}, {"type": "Feature", "geometry": {"type": "Point", "coordinates": [3.7486084, 50.7837747]}, "properties": {"role": "node", "id": "8224478215", "dist_to_outlet_m": 16318.711890049915, "observable": true, "access": false}}, {"type": "Feature", "geometry": {"type": "Point", "coordinates": [3.7485413, 50.7837934]}, "properties": {"role": "node", "id": "8224478216", "dist_to_outlet_m": 16313.556622101822, "observable": true, "access": false}}, {"type": "Feature", "geometry": {"type": "Point", "coordinates": [3.7485105, 50.7838663]}, "properties": {"role": "node", "id": "8224533317", "dist_to_outlet_m": 16305.166291041767, "observable": true, "access": false}}, {"type": "Feature", "geometry": {"type": "Point", "coordinates": [3.74854, 50.7839452]}, "properties": {"role": "node", "id": "8224533318", "dist_to_outlet_m": 16296.151213921808, "observable": true, "access": false}}, {"type": "Feature", "geometry": {"type": "Point", "coordinates": [3.7485219, 50.7840194]}, "properties": {"role": "node", "id": "3894363002", "dist_to_outlet_m": 16287.803001886103, "observable": true, "access": false}}, {"type": "Feature", "geometry": {"type": "Point", "coordinates": [3.7485668, 50.7840935]}, "properties": {"role": "node", "id": "8224533319", "dist_to_outlet_m": 16278.979506131289, "observable": true, "access": false}}, {"type": "Feature", "geometry": {"type": "Point", "coordinates": [3.7486486, 50.7841732]}, "properties": {"role": "node", "id": "8224533320", "dist_to_outlet_m": 16268.414937702406, "observable": true, "access": false}}, {"type": "Feature", "geometry": {"type": "Point", "coordinates": [3.7487456, 50.7841952]}, "properties": {"role": "node", "id": "3894363003", "dist_to_outlet_m": 16261.17011824491, "observable": true, "access": false}}, {"type": "Feature", "geometry": {"type": "Point", "coordinates": [3.7489423, 50.7843386]}, "properties": {"role": "node", "id": "8224533321", "dist_to_outlet_m": 16240.063730336535, "observable": true, "access": false}}, {"type": "Feature", "geometry": {"type": "Point", "coordinates": [3.7491448, 50.7843801]}, "properties": {"role": "node", "id": "8224533322", "dist_to_outlet_m": 16225.098357506977, "observable": true, "access": false}}, {"type": "Feature", "geometry": {"type": "Point", "coordinates": [3.7491456, 50.7843955]}, "properties": {"role": "node", "id": "3894363004", "dist_to_outlet_m": 16223.385032295857, "observable": true, "access": false}}, {"type": "Feature", "geometry": {"type": "Point", "coordinates": [3.7491368, 50.7844234]}, "properties": {"role": "node", "id": "8224533327", "dist_to_outlet_m": 16220.221610101498, "observable": true, "access": false}}, {"type": "Feature", "geometry": {"type": "Point", "coordinates": [3.7491032, 50.7844581]}, "properties": {"role": "node", "id": "8224533328", "dist_to_outlet_m": 16215.697512443596, "observable": true, "access": false}}, {"type": "Feature", "geometry": {"type": "Point", "coordinates": [3.749122, 50.7844827]}, "properties": {"role": "node", "id": "8224533329", "dist_to_outlet_m": 16212.65955114253, "observable": true, "access": false}}, {"type": "Feature", "geometry": {"type": "Point", "coordinates": [3.7491757, 50.7844929]}, "properties": {"role": "node", "id": "8224533330", "dist_to_outlet_m": 16208.717653151947, "observable": true, "access": true}}, {"type": "Feature", "geometry": {"type": "Point", "coordinates": [3.7492266, 50.7845183]}, "properties": {"role": "node", "id": "8224533331", "dist_to_outlet_m": 16204.158967617359, "observable": true, "access": false}}, {"type": "Feature", "geometry": {"type": "Point", "coordinates": [3.7492669, 50.7845607]}, "properties": {"role": "node", "id": "8224533332", "dist_to_outlet_m": 16198.65852650473, "observable": true, "access": false}}, {"type": "Feature", "geometry": {"type": "Point", "coordinates": [3.7493276, 50.7846253]}, "properties": {"role": "node", "id": "3894363005", "dist_to_outlet_m": 16190.303398028182, "observable": true, "access": false}}, {"type": "Feature", "geometry": {"type": "Point", "coordinates": [3.7494452, 50.7846964]}, "properties": {"role": "node", "id": "8224533326", "dist_to_outlet_m": 16178.864208199873, "observable": true, "access": false}}, {"type": "Feature", "geometry": {"type": "Point", "coordinates": [3.7494814, 50.7847066]}, "properties": {"role": "node", "id": "8224533324", "dist_to_outlet_m": 16176.077998593408, "observable": true, "access": false}}, {"type": "Feature", "geometry": {"type": "Point", "coordinates": [3.7495244, 50.7847329]}, "properties": {"role": "node", "id": "8224533323", "dist_to_outlet_m": 16171.871983022504, "observable": true, "access": false}}, {"type": "Feature", "geometry": {"type": "Point", "coordinates": [3.7495632, 50.7847736]}, "properties": {"role": "node", "id": "8224533325", "dist_to_outlet_m": 16166.587887004456, "observable": true, "access": false}}, {"type": "Feature", "geometry": {"type": "Point", "coordinates": [3.7497556, 50.784903]}, "properties": {"role": "node", "id": "3894363006", "dist_to_outlet_m": 16146.8398718185, "observable": true, "access": false}}, {"type": "Feature", "geometry": {"type": "Point", "coordinates": [3.7499213, 50.7850084]}, "properties": {"role": "node", "id": "8224533333", "dist_to_outlet_m": 16130.315534822848, "observable": true, "access": false}}, {"type": "Feature", "geometry": {"type": "Point", "coordinates": [3.7499106, 50.7850389]}, "properties": {"role": "node", "id": "8224533334", "dist_to_outlet_m": 16126.841670040745, "observable": true, "access": false}}, {"type": "Feature", "geometry": {"type": "Point", "coordinates": [3.749924, 50.7851]}, "properties": {"role": "node", "id": "8224533336", "dist_to_outlet_m": 16119.982661611537, "observable": true, "access": false}}, {"type": "Feature", "geometry": {"type": "Point", "coordinates": [3.7500206, 50.785122]}, "properties": {"role": "node", "id": "8224533335", "dist_to_outlet_m": 16112.764431858255, "observable": true, "access": false}}, {"type": "Feature", "geometry": {"type": "Point", "coordinates": [3.7501234, 50.7851723]}, "properties": {"role": "node", "id": "3894363007", "dist_to_outlet_m": 16103.625985167686, "observable": true, "access": true}}, {"type": "Feature", "geometry": {"type": "Point", "coordinates": [3.750207, 50.7852373]}, "properties": {"role": "node", "id": "8224519428", "dist_to_outlet_m": 16094.31040816114, "observable": true, "access": false}}, {"type": "Feature", "geometry": {"type": "Point", "coordinates": [3.7502177, 50.7852696]}, "properties": {"role": "node", "id": "8224519427", "dist_to_outlet_m": 16090.64088601885, "observable": true, "access": false}}, {"type": "Feature", "geometry": {"type": "Point", "coordinates": [3.7503102, 50.7853247]}, "properties": {"role": "node", "id": "8224519426", "dist_to_outlet_m": 16081.7064242216, "observable": true, "access": false}}, {"type": "Feature", "geometry": {"type": "Point", "coordinates": [3.7503599, 50.7853544]}, "properties": {"role": "node", "id": "8224519425", "dist_to_outlet_m": 16076.898720421055, "observable": true, "access": false}}, {"type": "Feature", "geometry": {"type": "Point", "coordinates": [3.7505068, 50.785392]}, "properties": {"role": "node", "id": "3894363008", "dist_to_outlet_m": 16065.757360441126, "observable": true, "access": false}}, {"type": "Feature", "geometry": {"type": "Point", "coordinates": [3.7505597, 50.7854629]}, "properties": {"role": "node", "id": "8224519424", "dist_to_outlet_m": 16057.040527080017, "observable": true, "access": false}}, {"type": "Feature", "geometry": {"type": "Point", "coordinates": [3.7505718, 50.7855256]}, "properties": {"role": "node", "id": "8224519423", "dist_to_outlet_m": 16050.016904663189, "observable": true, "access": false}}, {"type": "Feature", "geometry": {"type": "Point", "coordinates": [3.7506227, 50.7855943]}, "properties": {"role": "node", "id": "8224519422", "dist_to_outlet_m": 16041.58127811294, "observable": true, "access": false}}, {"type": "Feature", "geometry": {"type": "Point", "coordinates": [3.7506656, 50.7856325]}, "properties": {"role": "node", "id": "8224519421", "dist_to_outlet_m": 16036.371864283672, "observable": true, "access": false}}, {"type": "Feature", "geometry": {"type": "Point", "coordinates": [3.7506927, 50.7856658]}, "properties": {"role": "node", "id": "3894363009", "dist_to_outlet_m": 16032.207709470535, "observable": true, "access": false}}, {"type": "Feature", "geometry": {"type": "Point", "coordinates": [3.750726, 50.785741]}, "properties": {"role": "node", "id": "8224519420", "dist_to_outlet_m": 16023.524340086624, "observable": true, "access": false}}, {"type": "Feature", "geometry": {"type": "Point", "coordinates": [3.7507622, 50.7858105]}, "properties": {"role": "node", "id": "8224519419", "dist_to_outlet_m": 16015.388063296654, "observable": true, "access": false}}, {"type": "Feature", "geometry": {"type": "Point", "coordinates": [3.7508375, 50.7859202]}, "properties": {"role": "node", "id": "3894363010", "dist_to_outlet_m": 16002.09087931253, "observable": true, "access": false}}, {"type": "Feature", "geometry": {"type": "Point", "coordinates": [3.7508078, 50.7859377]}, "properties": {"role": "node", "id": "8224519418", "dist_to_outlet_m": 15999.236778665374, "observable": true, "access": false}}, {"type": "Feature", "geometry": {"type": "Point", "coordinates": [3.7507434, 50.7859462]}, "properties": {"role": "node", "id": "8224519417", "dist_to_outlet_m": 15994.611877560166, "observable": true, "access": false}}, {"type": "Feature", "geometry": {"type": "Point", "coordinates": [3.7506764, 50.7859513]}, "properties": {"role": "node", "id": "8224516116", "dist_to_outlet_m": 15989.86778923302, "observable": true, "access": false}}, {"type": "Feature", "geometry": {"type": "Point", "coordinates": [3.7506308, 50.7859826]}, "properties": {"role": "node", "id": "8224516115", "dist_to_outlet_m": 15985.13604043914, "observable": true, "access": false}}, {"type": "Feature", "geometry": {"type": "Point", "coordinates": [3.7506118, 50.786022]}, "properties": {"role": "node", "id": "3894363011", "dist_to_outlet_m": 15980.555873179048, "observable": true, "access": true}}, {"type": "Feature", "geometry": {"type": "Point", "coordinates": [3.7506227, 50.7860606]}, "properties": {"role": "node", "id": "8224516114", "dist_to_outlet_m": 15976.195885761173, "observable": true, "access": false}}, {"type": "Feature", "geometry": {"type": "Point", "coordinates": [3.7507011, 50.7860867]}, "properties": {"role": "node", "id": "3894363013", "dist_to_outlet_m": 15969.966999655737, "observable": true, "access": false}}, {"type": "Feature", "geometry": {"type": "Point", "coordinates": [3.7507944, 50.7860657]}, "properties": {"role": "node", "id": "8224516113", "dist_to_outlet_m": 15963.004797031872, "observable": true, "access": false}}, {"type": "Feature", "geometry": {"type": "Point", "coordinates": [3.7509393, 50.7860703]}, "properties": {"role": "node", "id": "3894363012", "dist_to_outlet_m": 15952.805579553216, "observable": true, "access": false}}, {"type": "Feature", "geometry": {"type": "Point", "coordinates": [3.7509915, 50.7861013]}, "properties": {"role": "node", "id": "8224516112", "dist_to_outlet_m": 15947.770873101616, "observable": true, "access": false}}, {"type": "Feature", "geometry": {"type": "Point", "coordinates": [3.7510232, 50.7861946]}, "properties": {"role": "node", "id": "3894363014", "dist_to_outlet_m": 15937.159740793728, "observable": true, "access": false}}, {"type": "Feature", "geometry": {"type": "Point", "coordinates": [3.7510157, 50.7862404]}, "properties": {"role": "node", "id": "8224516111", "dist_to_outlet_m": 15932.039793442882, "observable": true, "access": false}}, {"type": "Feature", "geometry": {"type": "Point", "coordinates": [3.7509459, 50.7862794]}, "properties": {"role": "node", "id": "8224516110", "dist_to_outlet_m": 15925.491238519206, "observable": true, "access": false}}, {"type": "Feature", "geometry": {"type": "Point", "coordinates": [3.7508413, 50.7863082]}, "properties": {"role": "node", "id": "8224516109", "dist_to_outlet_m": 15917.470876228756, "observable": true, "access": false}}, {"type": "Feature", "geometry": {"type": "Point", "coordinates": [3.7507702, 50.7863455]}, "properties": {"role": "node", "id": "8224516108", "dist_to_outlet_m": 15910.97588238846, "observable": true, "access": false}}, {"type": "Feature", "geometry": {"type": "Point", "coordinates": [3.7507555, 50.7863693]}, "properties": {"role": "node", "id": "8224516107", "dist_to_outlet_m": 15908.134835823206, "observable": true, "access": false}}, {"type": "Feature", "geometry": {"type": "Point", "coordinates": [3.7507662, 50.7863879]}, "properties": {"role": "node", "id": "8224516106", "dist_to_outlet_m": 15905.934072310849, "observable": true, "access": false}}, {"type": "Feature", "geometry": {"type": "Point", "coordinates": [3.7508207, 50.7864002]}, "properties": {"role": "node", "id": "3894363015", "dist_to_outlet_m": 15901.865978723725, "observable": true, "access": false}}, {"type": "Feature", "geometry": {"type": "Point", "coordinates": [3.7508588, 50.7864439]}, "properties": {"role": "node", "id": "8224516105", "dist_to_outlet_m": 15896.317487111593, "observable": true, "access": false}}, {"type": "Feature", "geometry": {"type": "Point", "coordinates": [3.7508601, 50.7864981]}, "properties": {"role": "node", "id": "8224516104", "dist_to_outlet_m": 15890.290029231075, "observable": true, "access": false}}, {"type": "Feature", "geometry": {"type": "Point", "coordinates": [3.7508294, 50.7865616]}, "properties": {"role": "node", "id": "3894363016", "dist_to_outlet_m": 15882.906690206906, "observable": true, "access": false}}, {"type": "Feature", "geometry": {"type": "Point", "coordinates": [3.7508507, 50.7865787]}, "properties": {"role": "node", "id": "8224516103", "dist_to_outlet_m": 15880.48645489873, "observable": true, "access": false}}, {"type": "Feature", "geometry": {"type": "Point", "coordinates": [3.7509003, 50.7865744]}, "properties": {"role": "node", "id": "8224516102", "dist_to_outlet_m": 15876.967012156532, "observable": true, "access": false}}, {"type": "Feature", "geometry": {"type": "Point", "coordinates": [3.7509634, 50.7865812]}, "properties": {"role": "node", "id": "8224516101", "dist_to_outlet_m": 15872.467185789323, "observable": true, "access": false}}, {"type": "Feature", "geometry": {"type": "Point", "coordinates": [3.7509942, 50.7865965]}, "properties": {"role": "node", "id": "8224516100", "dist_to_outlet_m": 15869.713562378993, "observable": true, "access": false}}, {"type": "Feature", "geometry": {"type": "Point", "coordinates": [3.7509912, 50.7866397]}, "properties": {"role": "node", "id": "3894363017", "dist_to_outlet_m": 15864.905314247237, "observable": true, "access": false}}, {"type": "Feature", "geometry": {"type": "Point", "coordinates": [3.7509821, 50.7866592]}, "properties": {"role": "node", "id": "8224516099", "dist_to_outlet_m": 15862.644613720882, "observable": true, "access": false}}, {"type": "Feature", "geometry": {"type": "Point", "coordinates": [3.7509567, 50.7866804]}, "properties": {"role": "node", "id": "8224516098", "dist_to_outlet_m": 15859.687365203825, "observable": true, "access": false}}, {"type": "Feature", "geometry": {"type": "Point", "coordinates": [3.750899, 50.7866813]}, "properties": {"role": "node", "id": "8224516097", "dist_to_outlet_m": 15855.62990848258, "observable": true, "access": false}}, {"type": "Feature", "geometry": {"type": "Point", "coordinates": [3.7508333, 50.7866779]}, "properties": {"role": "node", "id": "8224516096", "dist_to_outlet_m": 15850.995850541764, "observable": true, "access": false}}, {"type": "Feature", "geometry": {"type": "Point", "coordinates": [3.7507917, 50.7866838]}, "properties": {"role": "node", "id": "8224516095", "dist_to_outlet_m": 15847.998749366601, "observable": true, "access": false}}, {"type": "Feature", "geometry": {"type": "Point", "coordinates": [3.7507582, 50.7866965]}, "properties": {"role": "node", "id": "8224516094", "dist_to_outlet_m": 15845.252796251292, "observable": true, "access": false}}, {"type": "Feature", "geometry": {"type": "Point", "coordinates": [3.7507689, 50.786722]}, "properties": {"role": "node", "id": "8224516093", "dist_to_outlet_m": 15842.319250880786, "observable": true, "access": false}}, {"type": "Feature", "geometry": {"type": "Point", "coordinates": [3.7508373, 50.786761]}, "properties": {"role": "node", "id": "8224516092", "dist_to_outlet_m": 15835.844150591309, "observable": true, "access": false}}, {"type": "Feature", "geometry": {"type": "Point", "coordinates": [3.7509513, 50.7868339]}, "properties": {"role": "node", "id": "8224516091", "dist_to_outlet_m": 15824.44532046713, "observable": true, "access": false}}, {"type": "Feature", "geometry": {"type": "Point", "coordinates": [3.7509647, 50.7868559]}, "properties": {"role": "node", "id": "8224516090", "dist_to_outlet_m": 15821.823930762359, "observable": true, "access": false}}, {"type": "Feature", "geometry": {"type": "Point", "coordinates": [3.7509325, 50.7868729]}, "properties": {"role": "node", "id": "8224516089", "dist_to_outlet_m": 15818.874832415235, "observable": true, "access": false}}, {"type": "Feature", "geometry": {"type": "Point", "coordinates": [3.7508909, 50.7868898]}, "properties": {"role": "node", "id": "8224516088", "dist_to_outlet_m": 15815.398697855493, "observable": true, "access": false}}, {"type": "Feature", "geometry": {"type": "Point", "coordinates": [3.7509021, 50.7869198]}, "properties": {"role": "node", "id": "3894363018", "dist_to_outlet_m": 15811.971193867128, "observable": true, "access": true}}, {"type": "Feature", "geometry": {"type": "Point", "coordinates": [3.7510195, 50.7870645]}, "properties": {"role": "node", "id": "3894363019", "dist_to_outlet_m": 15793.888139318427, "observable": true, "access": false}}, {"type": "Feature", "geometry": {"type": "Point", "coordinates": [3.7511169, 50.7872309]}, "properties": {"role": "node", "id": "3894363020", "dist_to_outlet_m": 15774.159064524556, "observable": true, "access": false}}, {"type": "Feature", "geometry": {"type": "Point", "coordinates": [3.7511577, 50.7873174]}, "properties": {"role": "node", "id": "3894363021", "dist_to_outlet_m": 15764.122177169142, "observable": true, "access": false}}, {"type": "Feature", "geometry": {"type": "Point", "coordinates": [3.7524211, 50.7890768]}, "properties": {"role": "node", "id": "4228739728", "dist_to_outlet_m": 15524.333496124975, "observable": true, "access": false}}, {"type": "Feature", "geometry": {"type": "Point", "coordinates": [3.7524919, 50.789042]}, "properties": {"role": "node", "id": "4228739727", "dist_to_outlet_m": 15518.029290926235, "observable": true, "access": false}}, {"type": "Feature", "geometry": {"type": "Point", "coordinates": [3.7529857, 50.7893587]}, "properties": {"role": "node", "id": "8222509604", "dist_to_outlet_m": 15465.039372972356, "observable": true, "access": false}}, {"type": "Feature", "geometry": {"type": "Point", "coordinates": [3.7530077, 50.7894572]}, "properties": {"role": "node", "id": "3894363045", "dist_to_outlet_m": 15453.978033429514, "observable": true, "access": false}}, {"type": "Feature", "geometry": {"type": "Point", "coordinates": [3.7530583, 50.7895964]}, "properties": {"role": "node", "id": "3894363046", "dist_to_outlet_m": 15438.096274733309, "observable": true, "access": false}}, {"type": "Feature", "geometry": {"type": "Point", "coordinates": [3.7531038, 50.7896928]}, "properties": {"role": "node", "id": "11367407015", "dist_to_outlet_m": 15426.91009232753, "observable": true, "access": false}}, {"type": "Feature", "geometry": {"type": "Point", "coordinates": [3.7531319, 50.7897157]}, "properties": {"role": "node", "id": "8222509605", "dist_to_outlet_m": 15423.68741966349, "observable": true, "access": false}}, {"type": "Feature", "geometry": {"type": "Point", "coordinates": [3.753195, 50.7897326]}, "properties": {"role": "node", "id": "8222509606", "dist_to_outlet_m": 15418.870217757405, "observable": true, "access": false}}, {"type": "Feature", "geometry": {"type": "Point", "coordinates": [3.7532325, 50.7897665]}, "properties": {"role": "node", "id": "3894363047", "dist_to_outlet_m": 15414.270457746312, "observable": true, "access": false}}, {"type": "Feature", "geometry": {"type": "Point", "coordinates": [3.7532392, 50.7897937]}, "properties": {"role": "node", "id": "11367407014", "dist_to_outlet_m": 15411.209506293604, "observable": true, "access": false}}, {"type": "Feature", "geometry": {"type": "Point", "coordinates": [3.7533411, 50.7898708]}, "properties": {"role": "node", "id": "11367407013", "dist_to_outlet_m": 15400.037839525965, "observable": true, "access": false}}, {"type": "Feature", "geometry": {"type": "Point", "coordinates": [3.7534206, 50.7899827]}, "properties": {"role": "node", "id": "3894363048", "dist_to_outlet_m": 15386.397801146666, "observable": true, "access": false}}, {"type": "Feature", "geometry": {"type": "Point", "coordinates": [3.7535731, 50.7900453]}, "properties": {"role": "node", "id": "3894363049", "dist_to_outlet_m": 15373.61633419376, "observable": true, "access": true}}, {"type": "Feature", "geometry": {"type": "Point", "coordinates": [3.7537034, 50.7901288]}, "properties": {"role": "node", "id": "3894363050", "dist_to_outlet_m": 15360.574153773128, "observable": true, "access": false}}, {"type": "Feature", "geometry": {"type": "Point", "coordinates": [3.7537313, 50.7902253]}, "properties": {"role": "node", "id": "3894363054", "dist_to_outlet_m": 15349.666092879197, "observable": true, "access": false}}, {"type": "Feature", "geometry": {"type": "Point", "coordinates": [3.7538616, 50.7902994]}, "properties": {"role": "node", "id": "3894363061", "dist_to_outlet_m": 15337.34615558249, "observable": true, "access": false}}, {"type": "Feature", "geometry": {"type": "Point", "coordinates": [3.7539937, 50.7904406]}, "properties": {"role": "node", "id": "3894363068", "dist_to_outlet_m": 15319.105078755389, "observable": true, "access": false}}, {"type": "Feature", "geometry": {"type": "Point", "coordinates": [3.7539974, 50.7904736]}, "properties": {"role": "node", "id": "3894363074", "dist_to_outlet_m": 15315.426440581228, "observable": true, "access": false}}, {"type": "Feature", "geometry": {"type": "Point", "coordinates": [3.7540905, 50.7904477]}, "properties": {"role": "node", "id": "3894363069", "dist_to_outlet_m": 15308.276514997764, "observable": true, "access": false}}, {"type": "Feature", "geometry": {"type": "Point", "coordinates": [3.7542357, 50.7904489]}, "properties": {"role": "node", "id": "3894363070", "dist_to_outlet_m": 15298.069125900149, "observable": true, "access": false}}, {"type": "Feature", "geometry": {"type": "Point", "coordinates": [3.7543604, 50.7904712]}, "properties": {"role": "node", "id": "3894363072", "dist_to_outlet_m": 15288.959633660726, "observable": true, "access": false}}, {"type": "Feature", "geometry": {"type": "Point", "coordinates": [3.7544385, 50.7904524]}, "properties": {"role": "node", "id": "3894363071", "dist_to_outlet_m": 15283.08522424447, "observable": true, "access": false}}, {"type": "Feature", "geometry": {"type": "Point", "coordinates": [3.7544702, 50.79037]}, "properties": {"role": "node", "id": "3894363064", "dist_to_outlet_m": 15273.655698336019, "observable": true, "access": false}}, {"type": "Feature", "geometry": {"type": "Point", "coordinates": [3.7545018, 50.7903194]}, "properties": {"role": "node", "id": "3894363062", "dist_to_outlet_m": 15267.60664255326, "observable": true, "access": false}}, {"type": "Feature", "geometry": {"type": "Point", "coordinates": [3.7546042, 50.7902865]}, "properties": {"role": "node", "id": "3894363060", "dist_to_outlet_m": 15259.532327968633, "observable": true, "access": false}}, {"type": "Feature", "geometry": {"type": "Point", "coordinates": [3.7547661, 50.79025]}, "properties": {"role": "node", "id": "3894363058", "dist_to_outlet_m": 15247.449819359283, "observable": true, "access": false}}, {"type": "Feature", "geometry": {"type": "Point", "coordinates": [3.754805, 50.7902464]}, "properties": {"role": "node", "id": "3894363057", "dist_to_outlet_m": 15244.686271425919, "observable": true, "access": false}}, {"type": "Feature", "geometry": {"type": "Point", "coordinates": [3.7548439, 50.790189]}, "properties": {"role": "node", "id": "3894363052", "dist_to_outlet_m": 15237.742612079986, "observable": true, "access": false}}, {"type": "Feature", "geometry": {"type": "Point", "coordinates": [3.7548873, 50.7901827]}, "properties": {"role": "node", "id": "3894363051", "dist_to_outlet_m": 15234.612489924382, "observable": true, "access": false}}, {"type": "Feature", "geometry": {"type": "Point", "coordinates": [3.7549893, 50.7902023]}, "properties": {"role": "node", "id": "3894363053", "dist_to_outlet_m": 15227.118663593676, "observable": true, "access": true}}, {"type": "Feature", "geometry": {"type": "Point", "coordinates": [3.7550492, 50.7902297]}, "properties": {"role": "node", "id": "3894363055", "dist_to_outlet_m": 15221.921409379709, "observable": true, "access": false}}, {"type": "Feature", "geometry": {"type": "Point", "coordinates": [3.7551063, 50.7902156]}, "properties": {"role": "node", "id": "3894363056", "dist_to_outlet_m": 15217.612320029324, "observable": true, "access": false}}, {"type": "Feature", "geometry": {"type": "Point", "coordinates": [3.7551731, 50.7902082]}, "properties": {"role": "node", "id": "8224526483", "dist_to_outlet_m": 15212.845184873166, "observable": true, "access": false}}, {"type": "Feature", "geometry": {"type": "Point", "coordinates": [3.755216, 50.7902243]}, "properties": {"role": "node", "id": "8224526484", "dist_to_outlet_m": 15209.338240820556, "observable": true, "access": false}}, {"type": "Feature", "geometry": {"type": "Point", "coordinates": [3.7552193, 50.7902528]}, "properties": {"role": "node", "id": "3894363059", "dist_to_outlet_m": 15206.160707023628, "observable": true, "access": false}}, {"type": "Feature", "geometry": {"type": "Point", "coordinates": [3.7551463, 50.7902922]}, "properties": {"role": "node", "id": "8224526485", "dist_to_outlet_m": 15199.413479712983, "observable": true, "access": false}}, {"type": "Feature", "geometry": {"type": "Point", "coordinates": [3.7551181, 50.7903184]}, "properties": {"role": "node", "id": "8224526486", "dist_to_outlet_m": 15195.889742117703, "observable": true, "access": false}}, {"type": "Feature", "geometry": {"type": "Point", "coordinates": [3.7551622, 50.7903493]}, "properties": {"role": "node", "id": "3894363063", "dist_to_outlet_m": 15191.262099375892, "observable": true, "access": false}}, {"type": "Feature", "geometry": {"type": "Point", "coordinates": [3.7552774, 50.7903784]}, "properties": {"role": "node", "id": "3894363065", "dist_to_outlet_m": 15182.54179374823, "observable": true, "access": false}}, {"type": "Feature", "geometry": {"type": "Point", "coordinates": [3.7553447, 50.7903786]}, "properties": {"role": "node", "id": "8224526487", "dist_to_outlet_m": 15177.811027879561, "observable": true, "access": false}}, {"type": "Feature", "geometry": {"type": "Point", "coordinates": [3.7554109, 50.7904078]}, "properties": {"role": "node", "id": "3894363066", "dist_to_outlet_m": 15172.136845605002, "observable": true, "access": false}}, {"type": "Feature", "geometry": {"type": "Point", "coordinates": [3.7554884, 50.7904362]}, "properties": {"role": "node", "id": "3894363067", "dist_to_outlet_m": 15165.840024622325, "observable": true, "access": false}}, {"type": "Feature", "geometry": {"type": "Point", "coordinates": [3.7554976, 50.7904473]}, "properties": {"role": "node", "id": "8224526488", "dist_to_outlet_m": 15164.446604379556, "observable": true, "access": false}}, {"type": "Feature", "geometry": {"type": "Point", "coordinates": [3.7555027, 50.7904754]}, "properties": {"role": "node", "id": "3894363073", "dist_to_outlet_m": 15161.301528610256, "observable": true, "access": false}}, {"type": "Feature", "geometry": {"type": "Point", "coordinates": [3.755562, 50.7904999]}, "properties": {"role": "node", "id": "8224526489", "dist_to_outlet_m": 15156.32187929413, "observable": true, "access": false}}, {"type": "Feature", "geometry": {"type": "Point", "coordinates": [3.7556255, 50.7905014]}, "properties": {"role": "node", "id": "3894363076", "dist_to_outlet_m": 15151.855175256132, "observable": true, "access": false}}, {"type": "Feature", "geometry": {"type": "Point", "coordinates": [3.7557173, 50.790487]}, "properties": {"role": "node", "id": "3894363075", "dist_to_outlet_m": 15145.206607813432, "observable": true, "access": false}}, {"type": "Feature", "geometry": {"type": "Point", "coordinates": [3.7557565, 50.7904999]}, "properties": {"role": "node", "id": "8224526490", "dist_to_outlet_m": 15142.100132054877, "observable": true, "access": false}}, {"type": "Feature", "geometry": {"type": "Point", "coordinates": [3.7557632, 50.7905304]}, "properties": {"role": "node", "id": "8224526491", "dist_to_outlet_m": 15138.67614236201, "observable": true, "access": false}}, {"type": "Feature", "geometry": {"type": "Point", "coordinates": [3.7557699, 50.7905677]}, "properties": {"role": "node", "id": "8224526492", "dist_to_outlet_m": 15134.501918199263, "observable": true, "access": false}}, {"type": "Feature", "geometry": {"type": "Point", "coordinates": [3.7558088, 50.7905783]}, "properties": {"role": "node", "id": "3894363077", "dist_to_outlet_m": 15131.524317510364, "observable": true, "access": false}}, {"type": "Feature", "geometry": {"type": "Point", "coordinates": [3.7519661, 50.7885748]}, "properties": {"role": "node", "id": "3894363035", "dist_to_outlet_m": 15591.590802689369, "observable": true, "access": false}}, {"type": "Feature", "geometry": {"type": "Point", "coordinates": [3.7520182, 50.7886121]}, "properties": {"role": "node", "id": "5302045686", "dist_to_outlet_m": 15586.05767295702, "observable": true, "access": false}}, {"type": "Feature", "geometry": {"type": "Point", "coordinates": [3.7520481, 50.7886498]}, "properties": {"role": "node", "id": "5302045687", "dist_to_outlet_m": 15581.368217656312, "observable": true, "access": false}}, {"type": "Feature", "geometry": {"type": "Point", "coordinates": [3.752067, 50.788672]}, "properties": {"role": "node", "id": "3894363036", "dist_to_outlet_m": 15578.564868668016, "observable": true, "access": false}}, {"type": "Feature", "geometry": {"type": "Point", "coordinates": [3.7520794, 50.788688]}, "properties": {"role": "node", "id": "5302045684", "dist_to_outlet_m": 15576.583691810436, "observable": true, "access": false}}, {"type": "Feature", "geometry": {"type": "Point", "coordinates": [3.7520957, 50.7887124]}, "properties": {"role": "node", "id": "5302045685", "dist_to_outlet_m": 15573.638507544585, "observable": true, "access": false}}, {"type": "Feature", "geometry": {"type": "Point", "coordinates": [3.7522513, 50.7889619]}, "properties": {"role": "node", "id": "3894363037", "dist_to_outlet_m": 15543.817038622914, "observable": true, "access": false}}, {"type": "Feature", "geometry": {"type": "Point", "coordinates": [3.7523019, 50.7890458]}, "properties": {"role": "node", "id": "3894363039", "dist_to_outlet_m": 15533.832715304847, "observable": true, "access": false}}, {"type": "Feature", "geometry": {"type": "Point", "coordinates": [3.7523396, 50.7890682]}, "properties": {"role": "node", "id": "3894363041", "dist_to_outlet_m": 15530.195815154811, "observable": true, "access": false}}, {"type": "Feature", "geometry": {"type": "Point", "coordinates": [3.7523665, 50.789074]}, "properties": {"role": "node", "id": "13073340811", "dist_to_outlet_m": 15528.197926010707, "observable": true, "access": false}}, {"type": "Feature", "geometry": {"type": "Point", "coordinates": [3.7523925, 50.7890768]}, "properties": {"role": "node", "id": "13073340812", "dist_to_outlet_m": 15526.34392965289, "observable": true, "access": false}}, {"type": "Feature", "geometry": {"type": "Point", "coordinates": [3.7667855, 50.8020012]}, "properties": {"role": "node", "id": "4783743235", "dist_to_outlet_m": 13507.963877324833, "observable": true, "access": false}}, {"type": "Feature", "geometry": {"type": "Point", "coordinates": [3.7668412, 50.8020455]}, "properties": {"role": "node", "id": "3894363125", "dist_to_outlet_m": 13501.672065354067, "observable": true, "access": false}}, {"type": "Feature", "geometry": {"type": "Point", "coordinates": [3.766857, 50.8020754]}, "properties": {"role": "node", "id": "4783743234", "dist_to_outlet_m": 13498.16682688557, "observable": true, "access": false}}, {"type": "Feature", "geometry": {"type": "Point", "coordinates": [3.7668602, 50.8021098]}, "properties": {"role": "node", "id": "4783743233", "dist_to_outlet_m": 13494.33511664617, "observable": true, "access": false}}, {"type": "Feature", "geometry": {"type": "Point", "coordinates": [3.7668732, 50.8021449]}, "properties": {"role": "node", "id": "3894363126", "dist_to_outlet_m": 13490.326677928024, "observable": true, "access": false}}, {"type": "Feature", "geometry": {"type": "Point", "coordinates": [3.7669207, 50.8021835]}, "properties": {"role": "node", "id": "3894363127", "dist_to_outlet_m": 13484.889302310012, "observable": true, "access": true}}, {"type": "Feature", "geometry": {"type": "Point", "coordinates": [3.7669584, 50.8022135]}, "properties": {"role": "node", "id": "4783743228", "dist_to_outlet_m": 13480.629365954634, "observable": true, "access": false}}, {"type": "Feature", "geometry": {"type": "Point", "coordinates": [3.7669936, 50.8022574]}, "properties": {"role": "node", "id": "3894363128", "dist_to_outlet_m": 13475.15691370951, "observable": true, "access": false}}, {"type": "Feature", "geometry": {"type": "Point", "coordinates": [3.7670208, 50.8022816]}, "properties": {"role": "node", "id": "4783743232", "dist_to_outlet_m": 13471.856187225774, "observable": true, "access": false}}, {"type": "Feature", "geometry": {"type": "Point", "coordinates": [3.7670453, 50.8023278]}, "properties": {"role": "node", "id": "4783743231", "dist_to_outlet_m": 13466.438137733132, "observable": true, "access": false}}, {"type": "Feature", "geometry": {"type": "Point", "coordinates": [3.7670857, 50.8023657]}, "properties": {"role": "node", "id": "3894363129", "dist_to_outlet_m": 13461.356725645514, "observable": true, "access": false}}, {"type": "Feature", "geometry": {"type": "Point", "coordinates": [3.7671311, 50.8024035]}, "properties": {"role": "node", "id": "4783743230", "dist_to_outlet_m": 13456.079815685383, "observable": true, "access": false}}, {"type": "Feature", "geometry": {"type": "Point", "coordinates": [3.767181, 50.8024426]}, "properties": {"role": "node", "id": "4783743229", "dist_to_outlet_m": 13450.494144839315, "observable": true, "access": false}}, {"type": "Feature", "geometry": {"type": "Point", "coordinates": [3.7672245, 50.8024762]}, "properties": {"role": "node", "id": "3894363130", "dist_to_outlet_m": 13445.666747258112, "observable": true, "access": false}}, {"type": "Feature", "geometry": {"type": "Point", "coordinates": [3.7673095, 50.8025235]}, "properties": {"role": "node", "id": "3894363131", "dist_to_outlet_m": 13437.707887584345, "observable": true, "access": false}}, {"type": "Feature", "geometry": {"type": "Point", "coordinates": [3.767376, 50.8025467]}, "properties": {"role": "node", "id": "4783743227", "dist_to_outlet_m": 13432.369876816894, "observable": true, "access": false}}, {"type": "Feature", "geometry": {"type": "Point", "coordinates": [3.767417, 50.802572]}, "properties": {"role": "node", "id": "4783743226", "dist_to_outlet_m": 13428.3429767622, "observable": true, "access": false}}, {"type": "Feature", "geometry": {"type": "Point", "coordinates": [3.7674874, 50.8025855]}, "properties": {"role": "node", "id": "4783743224", "dist_to_outlet_m": 13423.17292166252, "observable": true, "access": false}}, {"type": "Feature", "geometry": {"type": "Point", "coordinates": [3.767545, 50.8025983]}, "properties": {"role": "node", "id": "4783743225", "dist_to_outlet_m": 13418.882167716574, "observable": true, "access": false}}, {"type": "Feature", "geometry": {"type": "Point", "coordinates": [3.767608, 50.8026275]}, "properties": {"role": "node", "id": "3894363132", "dist_to_outlet_m": 13413.391881124562, "observable": true, "access": false}}, {"type": "Feature", "geometry": {"type": "Point", "coordinates": [3.7809128, 50.8144088]}, "properties": {"role": "node", "id": "4783691764", "dist_to_outlet_m": 11725.201797990165, "observable": true, "access": true}}, {"type": "Feature", "geometry": {"type": "Point", "coordinates": [3.7809483, 50.8144624]}, "properties": {"role": "node", "id": "4783691763", "dist_to_outlet_m": 11718.740932813054, "observable": true, "access": false}}, {"type": "Feature", "geometry": {"type": "Point", "coordinates": [3.7809957, 50.8145256]}, "properties": {"role": "node", "id": "304873480", "dist_to_outlet_m": 11710.964299273053, "observable": true, "access": false}}, {"type": "Feature", "geometry": {"type": "Point", "coordinates": [3.7809798, 50.8145934]}, "properties": {"role": "node", "id": "4783691760", "dist_to_outlet_m": 11703.342972055481, "observable": true, "access": false}}, {"type": "Feature", "geometry": {"type": "Point", "coordinates": [3.7808818, 50.8147469]}, "properties": {"role": "node", "id": "4783691761", "dist_to_outlet_m": 11684.938191101357, "observable": true, "access": false}}, {"type": "Feature", "geometry": {"type": "Point", "coordinates": [3.7808307, 50.8148428]}, "properties": {"role": "node", "id": "4783691762", "dist_to_outlet_m": 11673.686480810527, "observable": true, "access": false}}, {"type": "Feature", "geometry": {"type": "Point", "coordinates": [3.7808131, 50.8149335]}, "properties": {"role": "node", "id": "304873481", "dist_to_outlet_m": 11663.525583443286, "observable": true, "access": false}}, {"type": "Feature", "geometry": {"type": "Point", "coordinates": [3.7808263, 50.8150221]}, "properties": {"role": "node", "id": "4783691759", "dist_to_outlet_m": 11653.630161134415, "observable": true, "access": false}}, {"type": "Feature", "geometry": {"type": "Point", "coordinates": [3.7808714, 50.8150921]}, "properties": {"role": "node", "id": "4783691758", "dist_to_outlet_m": 11645.226307690746, "observable": true, "access": false}}, {"type": "Feature", "geometry": {"type": "Point", "coordinates": [3.7809421, 50.8152373]}, "properties": {"role": "node", "id": "304873483", "dist_to_outlet_m": 11628.33402833562, "observable": true, "access": false}}, {"type": "Feature", "geometry": {"type": "Point", "coordinates": [3.7809869, 50.8153379]}, "properties": {"role": "node", "id": "4783691757", "dist_to_outlet_m": 11616.713456379735, "observable": true, "access": true}}, {"type": "Feature", "geometry": {"type": "Point", "coordinates": [3.7809982, 50.8154611]}, "properties": {"role": "node", "id": "4783691756", "dist_to_outlet_m": 11602.991257444612, "observable": true, "access": false}}, {"type": "Feature", "geometry": {"type": "Point", "coordinates": [3.7809943, 50.8156024]}, "properties": {"role": "node", "id": "4783691755", "dist_to_outlet_m": 11587.27702542748, "observable": true, "access": false}}, {"type": "Feature", "geometry": {"type": "Point", "coordinates": [3.7810031, 50.815684]}, "properties": {"role": "node", "id": "304873485", "dist_to_outlet_m": 11578.182481119424, "observable": true, "access": false}}, {"type": "Feature", "geometry": {"type": "Point", "coordinates": [3.7810777, 50.8157726]}, "properties": {"role": "node", "id": "4783691754", "dist_to_outlet_m": 11567.023291454681, "observable": true, "access": false}}, {"type": "Feature", "geometry": {"type": "Point", "coordinates": [3.7811076, 50.8158146]}, "properties": {"role": "node", "id": "8223027540", "dist_to_outlet_m": 11561.902429122298, "observable": true, "access": false}}, {"type": "Feature", "geometry": {"type": "Point", "coordinates": [3.7811309, 50.8158473]}, "properties": {"role": "node", "id": "4783691753", "dist_to_outlet_m": 11557.914875372679, "observable": true, "access": false}}, {"type": "Feature", "geometry": {"type": "Point", "coordinates": [3.7811439, 50.8159712]}, "properties": {"role": "node", "id": "4783691752", "dist_to_outlet_m": 11544.107584598283, "observable": true, "access": false}}, {"type": "Feature", "geometry": {"type": "Point", "coordinates": [3.781135, 50.8160364]}, "properties": {"role": "node", "id": "304873487", "dist_to_outlet_m": 11536.83076257791, "observable": true, "access": false}}, {"type": "Feature", "geometry": {"type": "Point", "coordinates": [3.7811816, 50.8160995]}, "properties": {"role": "node", "id": "304873489", "dist_to_outlet_m": 11529.088155877034, "observable": true, "access": false}}, {"type": "Feature", "geometry": {"type": "Point", "coordinates": [3.7811633, 50.8161311]}, "properties": {"role": "node", "id": "4783691751", "dist_to_outlet_m": 11525.34657754746, "observable": true, "access": false}}, {"type": "Feature", "geometry": {"type": "Point", "coordinates": [3.7810944, 50.8161543]}, "properties": {"role": "node", "id": "4783691749", "dist_to_outlet_m": 11519.861549971969, "observable": true, "access": false}}, {"type": "Feature", "geometry": {"type": "Point", "coordinates": [3.7809847, 50.8161493]}, "properties": {"role": "node", "id": "304873490", "dist_to_outlet_m": 11512.134640884487, "observable": true, "access": false}}, {"type": "Feature", "geometry": {"type": "Point", "coordinates": [3.7809451, 50.8162044]}, "properties": {"role": "node", "id": "4783691750", "dist_to_outlet_m": 11505.405744290643, "observable": true, "access": false}}, {"type": "Feature", "geometry": {"type": "Point", "coordinates": [3.780922, 50.816535]}, "properties": {"role": "node", "id": "304873492", "dist_to_outlet_m": 11468.608897280712, "observable": true, "access": true}}, {"type": "Feature", "geometry": {"type": "Point", "coordinates": [3.7807181, 50.8168513]}, "properties": {"role": "node", "id": "304873494", "dist_to_outlet_m": 11430.632695702952, "observable": true, "access": false}}, {"type": "Feature", "geometry": {"type": "Point", "coordinates": [3.780671, 50.8170082]}, "properties": {"role": "node", "id": "11162945770", "dist_to_outlet_m": 11412.875197941126, "observable": true, "access": false}}, {"type": "Feature", "geometry": {"type": "Point", "coordinates": [3.7806065, 50.817223]}, "properties": {"role": "node", "id": "304873496", "dist_to_outlet_m": 11388.564497638492, "observable": true, "access": false}}, {"type": "Feature", "geometry": {"type": "Point", "coordinates": [3.7806027, 50.8172842]}, "properties": {"role": "node", "id": "5095248446", "dist_to_outlet_m": 11381.754133842473, "observable": true, "access": false}}, {"type": "Feature", "geometry": {"type": "Point", "coordinates": [3.7805524, 50.8173601]}, "properties": {"role": "node", "id": "5095248447", "dist_to_outlet_m": 11372.60451882467, "observable": true, "access": false}}, {"type": "Feature", "geometry": {"type": "Point", "coordinates": [3.7805072, 50.8173796]}, "properties": {"role": "node", "id": "5095248448", "dist_to_outlet_m": 11368.759427523093, "observable": true, "access": false}}, {"type": "Feature", "geometry": {"type": "Point", "coordinates": [3.7804802, 50.8174173]}, "properties": {"role": "node", "id": "304873497", "dist_to_outlet_m": 11364.15821388713, "observable": true, "access": true}}, {"type": "Feature", "geometry": {"type": "Point", "coordinates": [3.7804885, 50.817558]}, "properties": {"role": "node", "id": "313568282", "dist_to_outlet_m": 11348.502225563368, "observable": true, "access": false}}, {"type": "Feature", "geometry": {"type": "Point", "coordinates": [3.7803955, 50.8176284]}, "properties": {"role": "node", "id": "1989592369", "dist_to_outlet_m": 11338.305888957977, "observable": true, "access": false}}, {"type": "Feature", "geometry": {"type": "Point", "coordinates": [3.7802183, 50.8176723]}, "properties": {"role": "node", "id": "313568283", "dist_to_outlet_m": 11324.934382111078, "observable": true, "access": false}}, {"type": "Feature", "geometry": {"type": "Point", "coordinates": [3.7800611, 50.8177311]}, "properties": {"role": "node", "id": "1989592371", "dist_to_outlet_m": 11312.100455148655, "observable": true, "access": false}}, {"type": "Feature", "geometry": {"type": "Point", "coordinates": [3.779961, 50.817791]}, "properties": {"role": "node", "id": "313568285", "dist_to_outlet_m": 11302.414635881592, "observable": true, "access": false}}, {"type": "Feature", "geometry": {"type": "Point", "coordinates": [3.7799225, 50.8178537]}, "properties": {"role": "node", "id": "1989592373", "dist_to_outlet_m": 11294.936465390514, "observable": true, "access": false}}, {"type": "Feature", "geometry": {"type": "Point", "coordinates": [3.7799423, 50.8178931]}, "properties": {"role": "node", "id": "5095248453", "dist_to_outlet_m": 11290.339869781661, "observable": true, "access": false}}, {"type": "Feature", "geometry": {"type": "Point", "coordinates": [3.7799742, 50.8179189]}, "properties": {"role": "node", "id": "313568286", "dist_to_outlet_m": 11286.699489780154, "observable": true, "access": false}}, {"type": "Feature", "geometry": {"type": "Point", "coordinates": [3.7800761, 50.8179929]}, "properties": {"role": "node", "id": "5095248452", "dist_to_outlet_m": 11275.792939383728, "observable": true, "access": false}}, {"type": "Feature", "geometry": {"type": "Point", "coordinates": [3.7801678, 50.8180762]}, "properties": {"role": "node", "id": "5095248451", "dist_to_outlet_m": 11264.510450183561, "observable": true, "access": false}}, {"type": "Feature", "geometry": {"type": "Point", "coordinates": [3.780254, 50.8181569]}, "properties": {"role": "node", "id": "1989592378", "dist_to_outlet_m": 11253.684860263173, "observable": true, "access": false}}, {"type": "Feature", "geometry": {"type": "Point", "coordinates": [3.7802422, 50.8181899]}, "properties": {"role": "node", "id": "1989592379", "dist_to_outlet_m": 11249.922957100867, "observable": true, "access": false}}, {"type": "Feature", "geometry": {"type": "Point", "coordinates": [3.7801649, 50.8183835]}, "properties": {"role": "node", "id": "313568287", "dist_to_outlet_m": 11227.721256792443, "observable": true, "access": true}}, {"type": "Feature", "geometry": {"type": "Point", "coordinates": [3.7800759, 50.8185506]}, "properties": {"role": "node", "id": "1989592389", "dist_to_outlet_m": 11208.116850092745, "observable": true, "access": false}}, {"type": "Feature", "geometry": {"type": "Point", "coordinates": [3.7798726, 50.8185938]}, "properties": {"role": "node", "id": "1989592390", "dist_to_outlet_m": 11193.048728163763, "observable": true, "access": false}}, {"type": "Feature", "geometry": {"type": "Point", "coordinates": [3.7795585, 50.8188342]}, "properties": {"role": "node", "id": "1989592405", "dist_to_outlet_m": 11158.386762285618, "observable": true, "access": false}}, {"type": "Feature", "geometry": {"type": "Point", "coordinates": [3.7794423, 50.8188563]}, "properties": {"role": "node", "id": "313568288", "dist_to_outlet_m": 11149.861831809778, "observable": true, "access": false}}, {"type": "Feature", "geometry": {"type": "Point", "coordinates": [3.779191, 50.8188537]}, "properties": {"role": "node", "id": "313568289", "dist_to_outlet_m": 11132.205616784022, "observable": true, "access": false}}, {"type": "Feature", "geometry": {"type": "Point", "coordinates": [3.7791151, 50.8188879]}, "properties": {"role": "node", "id": "1989592408", "dist_to_outlet_m": 11125.656433206816, "observable": true, "access": false}}, {"type": "Feature", "geometry": {"type": "Point", "coordinates": [3.7790744, 50.819091]}, "properties": {"role": "node", "id": "1989592418", "dist_to_outlet_m": 11102.892472834243, "observable": true, "access": true}}, {"type": "Feature", "geometry": {"type": "Point", "coordinates": [3.7790496, 50.819315]}, "properties": {"role": "node", "id": "313568290", "dist_to_outlet_m": 11077.923954097123, "observable": true, "access": false}}, {"type": "Feature", "geometry": {"type": "Point", "coordinates": [3.7788819, 50.8194216]}, "properties": {"role": "node", "id": "313568291", "dist_to_outlet_m": 11061.211979317302, "observable": true, "access": false}}, {"type": "Feature", "geometry": {"type": "Point", "coordinates": [3.7788327, 50.8194486]}, "properties": {"role": "node", "id": "5095248485", "dist_to_outlet_m": 11056.633843545413, "observable": true, "access": false}}, {"type": "Feature", "geometry": {"type": "Point", "coordinates": [3.7787309, 50.8195214]}, "properties": {"role": "node", "id": "5095248484", "dist_to_outlet_m": 11045.832414763816, "observable": true, "access": false}}, {"type": "Feature", "geometry": {"type": "Point", "coordinates": [3.778566, 50.8196345]}, "properties": {"role": "node", "id": "5095248483", "dist_to_outlet_m": 11028.734171709244, "observable": true, "access": false}}, {"type": "Feature", "geometry": {"type": "Point", "coordinates": [3.7784311, 50.8196982]}, "properties": {"role": "node", "id": "5095248480", "dist_to_outlet_m": 11016.903027506569, "observable": true, "access": false}}, {"type": "Feature", "geometry": {"type": "Point", "coordinates": [3.7782687, 50.8197517]}, "properties": {"role": "node", "id": "5095248481", "dist_to_outlet_m": 11004.036738467117, "observable": true, "access": false}}, {"type": "Feature", "geometry": {"type": "Point", "coordinates": [3.7781261, 50.819823]}, "properties": {"role": "node", "id": "5095248482", "dist_to_outlet_m": 10991.261532298198, "observable": true, "access": true}}, {"type": "Feature", "geometry": {"type": "Point", "coordinates": [3.778035, 50.819885]}, "properties": {"role": "node", "id": "313568292", "dist_to_outlet_m": 10981.854944807112, "observable": true, "access": false}}, {"type": "Feature", "geometry": {"type": "Point", "coordinates": [3.777749, 50.820064]}, "properties": {"role": "node", "id": "313568293", "dist_to_outlet_m": 10953.573944516618, "observable": true, "access": false}}, {"type": "Feature", "geometry": {"type": "Point", "coordinates": [3.777297, 50.8199]}, "properties": {"role": "node", "id": "313568294", "dist_to_outlet_m": 10916.95758903748, "observable": true, "access": false}}, {"type": "Feature", "geometry": {"type": "Point", "coordinates": [3.776589, 50.819805]}, "properties": {"role": "node", "id": "313568295", "dist_to_outlet_m": 10866.112158347538, "observable": true, "access": true}}, {"type": "Feature", "geometry": {"type": "Point", "coordinates": [3.7755467, 50.8203928]}, "properties": {"role": "node", "id": "4583540474", "dist_to_outlet_m": 10767.963768970565, "observable": true, "access": false}}, {"type": "Feature", "geometry": {"type": "Point", "coordinates": [3.775447, 50.820449]}, "properties": {"role": "node", "id": "313568297", "dist_to_outlet_m": 10758.577409740656, "observable": true, "access": true}}, {"type": "Feature", "geometry": {"type": "Point", "coordinates": [3.775189, 50.820697]}, "properties": {"role": "node", "id": "14162077330", "dist_to_outlet_m": 10725.578488393678, "observable": true, "access": false}}, {"type": "Feature", "geometry": {"type": "Point", "coordinates": [3.775134, 50.8208477]}, "properties": {"role": "node", "id": "14162077327", "dist_to_outlet_m": 10708.381774916586, "observable": true, "access": false}}, {"type": "Feature", "geometry": {"type": "Point", "coordinates": [3.7749416, 50.821375]}, "properties": {"role": "node", "id": "14162077324", "dist_to_outlet_m": 10648.211130785272, "observable": true, "access": true}}, {"type": "Feature", "geometry": {"type": "Point", "coordinates": [3.774664, 50.822025]}, "properties": {"role": "node", "id": "14162077321", "dist_to_outlet_m": 10573.350053123319, "observable": true, "access": false}}, {"type": "Feature", "geometry": {"type": "Point", "coordinates": [3.7744717, 50.8226349]}, "properties": {"role": "node", "id": "14162077318", "dist_to_outlet_m": 10504.200067680957, "observable": true, "access": true}}, {"type": "Feature", "geometry": {"type": "Point", "coordinates": [3.7743494, 50.8229658]}, "properties": {"role": "node", "id": "14162077315", "dist_to_outlet_m": 10466.416065224024, "observable": true, "access": false}}, {"type": "Feature", "geometry": {"type": "Point", "coordinates": [3.7742301, 50.8232484]}, "properties": {"role": "node", "id": "14162077311", "dist_to_outlet_m": 10433.894169864132, "observable": true, "access": false}}, {"type": "Feature", "geometry": {"type": "Point", "coordinates": [3.7776988, 50.8121751]}, "properties": {"role": "node", "id": "1989697459", "dist_to_outlet_m": 12068.35380068511, "observable": true, "access": false}}, {"type": "Feature", "geometry": {"type": "Point", "coordinates": [3.777882, 50.812236]}, "properties": {"role": "node", "id": "304873466", "dist_to_outlet_m": 12053.80951535351, "observable": true, "access": false}}, {"type": "Feature", "geometry": {"type": "Point", "coordinates": [3.7780737, 50.8123488]}, "properties": {"role": "node", "id": "304873469", "dist_to_outlet_m": 12035.40486814954, "observable": true, "access": false}}, {"type": "Feature", "geometry": {"type": "Point", "coordinates": [3.779151, 50.8129]}, "properties": {"role": "node", "id": "304873471", "dist_to_outlet_m": 11938.010834150187, "observable": true, "access": true}}, {"type": "Feature", "geometry": {"type": "Point", "coordinates": [3.7793155, 50.8129869]}, "properties": {"role": "node", "id": "3894056173", "dist_to_outlet_m": 11922.946019397237, "observable": true, "access": false}}, {"type": "Feature", "geometry": {"type": "Point", "coordinates": [3.7793591, 50.8130265]}, "properties": {"role": "node", "id": "4783691786", "dist_to_outlet_m": 11917.581977109869, "observable": true, "access": false}}, {"type": "Feature", "geometry": {"type": "Point", "coordinates": [3.7794123, 50.8130736]}, "properties": {"role": "node", "id": "4783691785", "dist_to_outlet_m": 11911.14769137517, "observable": true, "access": false}}, {"type": "Feature", "geometry": {"type": "Point", "coordinates": [3.779475, 50.8130998]}, "properties": {"role": "node", "id": "4783691784", "dist_to_outlet_m": 11905.866274569065, "observable": true, "access": false}}, {"type": "Feature", "geometry": {"type": "Point", "coordinates": [3.7796045, 50.8132021]}, "properties": {"role": "node", "id": "3894056174", "dist_to_outlet_m": 11891.299916980608, "observable": true, "access": false}}, {"type": "Feature", "geometry": {"type": "Point", "coordinates": [3.7796858, 50.8132721]}, "properties": {"role": "node", "id": "4783691783", "dist_to_outlet_m": 11881.645265568453, "observable": true, "access": false}}, {"type": "Feature", "geometry": {"type": "Point", "coordinates": [3.7797612, 50.8133284]}, "properties": {"role": "node", "id": "304873473", "dist_to_outlet_m": 11873.444387394591, "observable": true, "access": false}}, {"type": "Feature", "geometry": {"type": "Point", "coordinates": [3.7798194, 50.8134093]}, "properties": {"role": "node", "id": "4783691782", "dist_to_outlet_m": 11863.562976401647, "observable": true, "access": false}}, {"type": "Feature", "geometry": {"type": "Point", "coordinates": [3.779874, 50.8134712]}, "properties": {"role": "node", "id": "4783691781", "dist_to_outlet_m": 11855.683199663536, "observable": true, "access": false}}, {"type": "Feature", "geometry": {"type": "Point", "coordinates": [3.7799191, 50.8135106]}, "properties": {"role": "node", "id": "4783691780", "dist_to_outlet_m": 11850.276337209241, "observable": true, "access": false}}, {"type": "Feature", "geometry": {"type": "Point", "coordinates": [3.7799903, 50.8135498]}, "properties": {"role": "node", "id": "4783691779", "dist_to_outlet_m": 11843.641333841055, "observable": true, "access": false}}, {"type": "Feature", "geometry": {"type": "Point", "coordinates": [3.7800604, 50.8135822]}, "properties": {"role": "node", "id": "4783691778", "dist_to_outlet_m": 11837.539197924749, "observable": true, "access": false}}, {"type": "Feature", "geometry": {"type": "Point", "coordinates": [3.7801023, 50.8136271]}, "properties": {"role": "node", "id": "4783691777", "dist_to_outlet_m": 11831.743286271154, "observable": true, "access": true}}, {"type": "Feature", "geometry": {"type": "Point", "coordinates": [3.7801454, 50.8136905]}, "properties": {"role": "node", "id": "4783691776", "dist_to_outlet_m": 11824.070700119595, "observable": true, "access": false}}, {"type": "Feature", "geometry": {"type": "Point", "coordinates": [3.7801926, 50.8137337]}, "properties": {"role": "node", "id": "4783691775", "dist_to_outlet_m": 11818.233598697825, "observable": true, "access": false}}, {"type": "Feature", "geometry": {"type": "Point", "coordinates": [3.780246, 50.813781]}, "properties": {"role": "node", "id": "304873476", "dist_to_outlet_m": 11811.773081166384, "observable": true, "access": false}}, {"type": "Feature", "geometry": {"type": "Point", "coordinates": [3.7802901, 50.8138131]}, "properties": {"role": "node", "id": "4783691774", "dist_to_outlet_m": 11807.046541904047, "observable": true, "access": false}}, {"type": "Feature", "geometry": {"type": "Point", "coordinates": [3.7803912, 50.8138599]}, "properties": {"role": "node", "id": "4783691773", "dist_to_outlet_m": 11798.241197319849, "observable": true, "access": false}}, {"type": "Feature", "geometry": {"type": "Point", "coordinates": [3.780481, 50.813896]}, "properties": {"role": "node", "id": "304873477", "dist_to_outlet_m": 11790.763335153806, "observable": true, "access": false}}, {"type": "Feature", "geometry": {"type": "Point", "coordinates": [3.7805283, 50.813938]}, "properties": {"role": "node", "id": "4783691772", "dist_to_outlet_m": 11785.031478943383, "observable": true, "access": false}}, {"type": "Feature", "geometry": {"type": "Point", "coordinates": [3.7805759, 50.8139992]}, "properties": {"role": "node", "id": "4783691771", "dist_to_outlet_m": 11777.44901074276, "observable": true, "access": false}}, {"type": "Feature", "geometry": {"type": "Point", "coordinates": [3.7806072, 50.8140729]}, "properties": {"role": "node", "id": "4783691770", "dist_to_outlet_m": 11768.964026942782, "observable": true, "access": false}}, {"type": "Feature", "geometry": {"type": "Point", "coordinates": [3.7806381, 50.8141493]}, "properties": {"role": "node", "id": "4783691769", "dist_to_outlet_m": 11760.195731240088, "observable": true, "access": false}}, {"type": "Feature", "geometry": {"type": "Point", "coordinates": [3.780677, 50.8142033]}, "properties": {"role": "node", "id": "4783691768", "dist_to_outlet_m": 11753.59848676187, "observable": true, "access": false}}, {"type": "Feature", "geometry": {"type": "Point", "coordinates": [3.7807157, 50.8142361]}, "properties": {"role": "node", "id": "4783691767", "dist_to_outlet_m": 11749.04934383084, "observable": true, "access": false}}, {"type": "Feature", "geometry": {"type": "Point", "coordinates": [3.771799, 50.8066122]}, "properties": {"role": "node", "id": "3894363146", "dist_to_outlet_m": 12856.375430880387, "observable": true, "access": false}}, {"type": "Feature", "geometry": {"type": "Point", "coordinates": [3.7720908, 50.8068244]}, "properties": {"role": "node", "id": "3894363147", "dist_to_outlet_m": 12825.115599019153, "observable": true, "access": false}}, {"type": "Feature", "geometry": {"type": "Point", "coordinates": [3.7731789, 50.8085367]}, "properties": {"role": "node", "id": "7475441681", "dist_to_outlet_m": 12610.546056517185, "observable": true, "access": false}}, {"type": "Feature", "geometry": {"type": "Point", "coordinates": [3.7582791, 50.7929152]}, "properties": {"role": "node", "id": "8222518955", "dist_to_outlet_m": 14736.797668145935, "observable": true, "access": false}}, {"type": "Feature", "geometry": {"type": "Point", "coordinates": [3.7582147, 50.792927]}, "properties": {"role": "node", "id": "8222518956", "dist_to_outlet_m": 14732.084720415827, "observable": false, "access": false}}, {"type": "Feature", "geometry": {"type": "Point", "coordinates": [3.757976, 50.7930983]}, "properties": {"role": "node", "id": "8222518957", "dist_to_outlet_m": 14706.70136037395, "observable": false, "access": false}}, {"type": "Feature", "geometry": {"type": "Point", "coordinates": [3.758212, 50.7933679]}, "properties": {"role": "node", "id": "8222518958", "dist_to_outlet_m": 14672.439789858661, "observable": false, "access": false}}, {"type": "Feature", "geometry": {"type": "Point", "coordinates": [3.7583005, 50.7934645]}, "properties": {"role": "node", "id": "8222518959", "dist_to_outlet_m": 14660.027168201377, "observable": false, "access": false}}, {"type": "Feature", "geometry": {"type": "Point", "coordinates": [3.7589523, 50.7945225]}, "properties": {"role": "node", "id": "8222518960", "dist_to_outlet_m": 14533.777291161787, "observable": false, "access": false}}, {"type": "Feature", "geometry": {"type": "Point", "coordinates": [3.7590247, 50.7946581]}, "properties": {"role": "node", "id": "8222518961", "dist_to_outlet_m": 14517.863698973208, "observable": false, "access": false}}, {"type": "Feature", "geometry": {"type": "Point", "coordinates": [3.7604879, 50.7957966]}, "properties": {"role": "node", "id": "8222518962", "dist_to_outlet_m": 14354.759852976025, "observable": false, "access": false}}, {"type": "Feature", "geometry": {"type": "Point", "coordinates": [3.7609948, 50.7961924]}, "properties": {"role": "node", "id": "8222518963", "dist_to_outlet_m": 14298.135994665223, "observable": false, "access": false}}, {"type": "Feature", "geometry": {"type": "Point", "coordinates": [3.7614454, 50.7965434]}, "properties": {"role": "node", "id": "8222518964", "dist_to_outlet_m": 14247.873880243076, "observable": false, "access": false}}, {"type": "Feature", "geometry": {"type": "Point", "coordinates": [3.7615044, 50.7966773]}, "properties": {"role": "node", "id": "8222518965", "dist_to_outlet_m": 14232.41821118123, "observable": false, "access": false}}, {"type": "Feature", "geometry": {"type": "Point", "coordinates": [3.7588772, 50.7927812]}, "properties": {"role": "node", "id": "8222518953", "dist_to_outlet_m": 14782.0540760246, "observable": true, "access": false}}, {"type": "Feature", "geometry": {"type": "Point", "coordinates": [3.7588316, 50.7928134]}, "properties": {"role": "node", "id": "8222518954", "dist_to_outlet_m": 14777.248551650107, "observable": true, "access": false}}, {"type": "Feature", "geometry": {"type": "Point", "coordinates": [3.7676454, 50.8026446]}, "properties": {"role": "node", "id": "8222518966", "dist_to_outlet_m": 13410.147928342421, "observable": true, "access": false}}, {"type": "Feature", "geometry": {"type": "Point", "coordinates": [3.7678964, 50.8027845]}, "properties": {"role": "node", "id": "4783743222", "dist_to_outlet_m": 13386.629338866729, "observable": true, "access": false}}, {"type": "Feature", "geometry": {"type": "Point", "coordinates": [3.7679573, 50.8028049]}, "properties": {"role": "node", "id": "4783743223", "dist_to_outlet_m": 13381.78564409555, "observable": true, "access": true}}, {"type": "Feature", "geometry": {"type": "Point", "coordinates": [3.7680346, 50.8028597]}, "properties": {"role": "node", "id": "3894363133", "dist_to_outlet_m": 13373.622356412116, "observable": true, "access": false}}, {"type": "Feature", "geometry": {"type": "Point", "coordinates": [3.7680423, 50.8029006]}, "properties": {"role": "node", "id": "3894363134", "dist_to_outlet_m": 13369.042406074966, "observable": true, "access": false}}, {"type": "Feature", "geometry": {"type": "Point", "coordinates": [3.7706897, 50.8055188]}, "properties": {"role": "node", "id": "8222518971", "dist_to_outlet_m": 13022.228469649059, "observable": true, "access": false}}, {"type": "Feature", "geometry": {"type": "Point", "coordinates": [3.770746, 50.8055635]}, "properties": {"role": "node", "id": "8222518972", "dist_to_outlet_m": 13015.875786239301, "observable": true, "access": true}}, {"type": "Feature", "geometry": {"type": "Point", "coordinates": [3.770686, 50.8055158]}, "properties": {"role": "node", "id": "8222518970", "dist_to_outlet_m": 13022.651410048435, "observable": true, "access": false}}, {"type": "Feature", "geometry": {"type": "Point", "coordinates": [3.7708718, 50.8056548]}, "properties": {"role": "node", "id": "3894363139", "dist_to_outlet_m": 13002.41435602616, "observable": true, "access": false}}, {"type": "Feature", "geometry": {"type": "Point", "coordinates": [3.7710955, 50.8057896]}, "properties": {"role": "node", "id": "3894363140", "dist_to_outlet_m": 12980.694070060137, "observable": true, "access": false}}, {"type": "Feature", "geometry": {"type": "Point", "coordinates": [3.7711806, 50.8058388]}, "properties": {"role": "node", "id": "3894363141", "dist_to_outlet_m": 12972.589171878044, "observable": true, "access": false}}, {"type": "Feature", "geometry": {"type": "Point", "coordinates": [3.7711932, 50.805863]}, "properties": {"role": "node", "id": "3894363142", "dist_to_outlet_m": 12969.756335056887, "observable": true, "access": false}}, {"type": "Feature", "geometry": {"type": "Point", "coordinates": [3.7529617, 50.7892935]}, "properties": {"role": "node", "id": "3894363044", "dist_to_outlet_m": 15472.482986502975, "observable": true, "access": false}}, {"type": "Feature", "geometry": {"type": "Point", "coordinates": [3.7525341, 50.7890426]}, "properties": {"role": "node", "id": "3894363038", "dist_to_outlet_m": 15515.06209470496, "observable": true, "access": false}}, {"type": "Feature", "geometry": {"type": "Point", "coordinates": [3.7526044, 50.7890482]}, "properties": {"role": "node", "id": "3894363040", "dist_to_outlet_m": 15510.081284261496, "observable": true, "access": false}}, {"type": "Feature", "geometry": {"type": "Point", "coordinates": [3.7527123, 50.7890958]}, "properties": {"role": "node", "id": "3894363042", "dist_to_outlet_m": 15500.83228270917, "observable": true, "access": false}}, {"type": "Feature", "geometry": {"type": "Point", "coordinates": [3.7529077, 50.789227]}, "properties": {"role": "node", "id": "3894363043", "dist_to_outlet_m": 15480.794845451186, "observable": true, "access": true}}, {"type": "Feature", "geometry": {"type": "Point", "coordinates": [3.7511538, 50.7873579]}, "properties": {"role": "node", "id": "8224516087", "dist_to_outlet_m": 15759.610445116461, "observable": true, "access": false}}, {"type": "Feature", "geometry": {"type": "Point", "coordinates": [3.7511653, 50.7874069]}, "properties": {"role": "node", "id": "3894363022", "dist_to_outlet_m": 15754.102246139917, "observable": true, "access": false}}, {"type": "Feature", "geometry": {"type": "Point", "coordinates": [3.7512329, 50.7874554]}, "properties": {"role": "node", "id": "8224516086", "dist_to_outlet_m": 15746.914310634009, "observable": true, "access": false}}, {"type": "Feature", "geometry": {"type": "Point", "coordinates": [3.7512195, 50.7875296]}, "properties": {"role": "node", "id": "3894363023", "dist_to_outlet_m": 15738.610047772967, "observable": true, "access": false}}, {"type": "Feature", "geometry": {"type": "Point", "coordinates": [3.7512116, 50.7876011]}, "properties": {"role": "node", "id": "3894363024", "dist_to_outlet_m": 15730.640238277558, "observable": true, "access": false}}, {"type": "Feature", "geometry": {"type": "Point", "coordinates": [3.7512432, 50.7876669]}, "properties": {"role": "node", "id": "3894363025", "dist_to_outlet_m": 15722.993828825416, "observable": true, "access": false}}, {"type": "Feature", "geometry": {"type": "Point", "coordinates": [3.7511906, 50.7877243]}, "properties": {"role": "node", "id": "3894363026", "dist_to_outlet_m": 15715.617526751092, "observable": true, "access": false}}, {"type": "Feature", "geometry": {"type": "Point", "coordinates": [3.7510939, 50.787782]}, "properties": {"role": "node", "id": "3894363027", "dist_to_outlet_m": 15706.27016333092, "observable": true, "access": false}}, {"type": "Feature", "geometry": {"type": "Point", "coordinates": [3.7510963, 50.7878188]}, "properties": {"role": "node", "id": "3894363028", "dist_to_outlet_m": 15702.17471349781, "observable": true, "access": true}}, {"type": "Feature", "geometry": {"type": "Point", "coordinates": [3.7511451, 50.7878693]}, "properties": {"role": "node", "id": "3894363029", "dist_to_outlet_m": 15695.594418470198, "observable": true, "access": false}}, {"type": "Feature", "geometry": {"type": "Point", "coordinates": [3.7511551, 50.7879403]}, "properties": {"role": "node", "id": "8224516085", "dist_to_outlet_m": 15687.66834396115, "observable": true, "access": false}}, {"type": "Feature", "geometry": {"type": "Point", "coordinates": [3.7511717, 50.7880252]}, "properties": {"role": "node", "id": "3894363030", "dist_to_outlet_m": 15678.156047178127, "observable": true, "access": false}}, {"type": "Feature", "geometry": {"type": "Point", "coordinates": [3.7512284, 50.7880739]}, "properties": {"role": "node", "id": "5302045696", "dist_to_outlet_m": 15671.432136598616, "observable": true, "access": false}}, {"type": "Feature", "geometry": {"type": "Point", "coordinates": [3.7512626, 50.7881102]}, "properties": {"role": "node", "id": "5302045697", "dist_to_outlet_m": 15666.734030879057, "observable": true, "access": false}}, {"type": "Feature", "geometry": {"type": "Point", "coordinates": [3.7512911, 50.7881392]}, "properties": {"role": "node", "id": "5302045698", "dist_to_outlet_m": 15662.937693513593, "observable": true, "access": false}}, {"type": "Feature", "geometry": {"type": "Point", "coordinates": [3.7512962, 50.7881891]}, "properties": {"role": "node", "id": "3894363031", "dist_to_outlet_m": 15657.377496588728, "observable": true, "access": false}}, {"type": "Feature", "geometry": {"type": "Point", "coordinates": [3.7513368, 50.7882332]}, "properties": {"role": "node", "id": "5302045695", "dist_to_outlet_m": 15651.703724007173, "observable": true, "access": false}}, {"type": "Feature", "geometry": {"type": "Point", "coordinates": [3.7513656, 50.7882609]}, "properties": {"role": "node", "id": "3894363032", "dist_to_outlet_m": 15648.017841734973, "observable": true, "access": false}}, {"type": "Feature", "geometry": {"type": "Point", "coordinates": [3.7514094, 50.7882927]}, "properties": {"role": "node", "id": "5302045694", "dist_to_outlet_m": 15643.329203039502, "observable": true, "access": false}}, {"type": "Feature", "geometry": {"type": "Point", "coordinates": [3.7514582, 50.7883158]}, "properties": {"role": "node", "id": "5302045693", "dist_to_outlet_m": 15639.043682605916, "observable": true, "access": false}}, {"type": "Feature", "geometry": {"type": "Point", "coordinates": [3.7514824, 50.7883367]}, "properties": {"role": "node", "id": "5302045692", "dist_to_outlet_m": 15636.163611109183, "observable": true, "access": false}}, {"type": "Feature", "geometry": {"type": "Point", "coordinates": [3.751485, 50.7883601]}, "properties": {"role": "node", "id": "5302045691", "dist_to_outlet_m": 15633.555238586183, "observable": true, "access": false}}, {"type": "Feature", "geometry": {"type": "Point", "coordinates": [3.7515055, 50.7883788]}, "properties": {"role": "node", "id": "5302045690", "dist_to_outlet_m": 15631.025347337509, "observable": true, "access": false}}, {"type": "Feature", "geometry": {"type": "Point", "coordinates": [3.7515439, 50.7883957]}, "properties": {"role": "node", "id": "3894363033", "dist_to_outlet_m": 15627.736284779585, "observable": true, "access": false}}, {"type": "Feature", "geometry": {"type": "Point", "coordinates": [3.7515621, 50.7884093]}, "properties": {"role": "node", "id": "5302045700", "dist_to_outlet_m": 15625.755444125802, "observable": true, "access": false}}, {"type": "Feature", "geometry": {"type": "Point", "coordinates": [3.7516249, 50.7884294]}, "properties": {"role": "node", "id": "5302045689", "dist_to_outlet_m": 15620.807330725702, "observable": true, "access": false}}, {"type": "Feature", "geometry": {"type": "Point", "coordinates": [3.7516732, 50.7884456]}, "properties": {"role": "node", "id": "5302045699", "dist_to_outlet_m": 15616.963780566704, "observable": true, "access": false}}, {"type": "Feature", "geometry": {"type": "Point", "coordinates": [3.7517471, 50.7884748]}, "properties": {"role": "node", "id": "5302045688", "dist_to_outlet_m": 15610.837698813044, "observable": true, "access": false}}, {"type": "Feature", "geometry": {"type": "Point", "coordinates": [3.7483107, 50.7826436]}, "properties": {"role": "node", "id": "8224478190", "dist_to_outlet_m": 16461.051591764, "observable": true, "access": false}}, {"type": "Feature", "geometry": {"type": "Point", "coordinates": [3.7463044, 50.7812055]}, "properties": {"role": "node", "id": "8225129178", "dist_to_outlet_m": 16703.125762366733, "observable": true, "access": false}}, {"type": "Feature", "geometry": {"type": "Point", "coordinates": [3.74635, 50.7812436]}, "properties": {"role": "node", "id": "8225129177", "dist_to_outlet_m": 16697.81290085522, "observable": true, "access": false}}, {"type": "Feature", "geometry": {"type": "Point", "coordinates": [3.7463795, 50.7812623]}, "properties": {"role": "node", "id": "8225129176", "dist_to_outlet_m": 16694.87600746007, "observable": true, "access": false}}, {"type": "Feature", "geometry": {"type": "Point", "coordinates": [3.746409, 50.7812564]}, "properties": {"role": "node", "id": "8225129175", "dist_to_outlet_m": 16692.700675952776, "observable": true, "access": false}}, {"type": "Feature", "geometry": {"type": "Point", "coordinates": [3.7464599, 50.7812097]}, "properties": {"role": "node", "id": "8225129174", "dist_to_outlet_m": 16686.394199065548, "observable": true, "access": false}}, {"type": "Feature", "geometry": {"type": "Point", "coordinates": [3.7465612, 50.78122]}, "properties": {"role": "node", "id": "3894362994", "dist_to_outlet_m": 16679.180629031645, "observable": true, "access": false}}, {"type": "Feature", "geometry": {"type": "Point", "coordinates": [3.7466477, 50.7812224]}, "properties": {"role": "node", "id": "8225129173", "dist_to_outlet_m": 16673.093247810884, "observable": true, "access": false}}, {"type": "Feature", "geometry": {"type": "Point", "coordinates": [3.7466933, 50.7812123]}, "properties": {"role": "node", "id": "8225129172", "dist_to_outlet_m": 16669.696245380503, "observable": true, "access": false}}, {"type": "Feature", "geometry": {"type": "Point", "coordinates": [3.7467952, 50.7812174]}, "properties": {"role": "node", "id": "8225129171", "dist_to_outlet_m": 16662.50958321902, "observable": true, "access": true}}, {"type": "Feature", "geometry": {"type": "Point", "coordinates": [3.746843, 50.7812448]}, "properties": {"role": "node", "id": "3894362995", "dist_to_outlet_m": 16657.97343284488, "observable": true, "access": false}}, {"type": "Feature", "geometry": {"type": "Point", "coordinates": [3.7468475, 50.7812852]}, "properties": {"role": "node", "id": "8225129170", "dist_to_outlet_m": 16653.470030666, "observable": true, "access": false}}, {"type": "Feature", "geometry": {"type": "Point", "coordinates": [3.7469441, 50.7813361]}, "properties": {"role": "node", "id": "8225129169", "dist_to_outlet_m": 16644.629239197006, "observable": true, "access": false}}, {"type": "Feature", "geometry": {"type": "Point", "coordinates": [3.7472696, 50.7815531]}, "properties": {"role": "node", "id": "3894362996", "dist_to_outlet_m": 16611.373662043432, "observable": true, "access": false}}, {"type": "Feature", "geometry": {"type": "Point", "coordinates": [3.7473947, 50.7816456]}, "properties": {"role": "node", "id": "8225129168", "dist_to_outlet_m": 16597.84039298962, "observable": true, "access": false}}, {"type": "Feature", "geometry": {"type": "Point", "coordinates": [3.7474564, 50.7816846]}, "properties": {"role": "node", "id": "8225129167", "dist_to_outlet_m": 16591.706606630043, "observable": true, "access": false}}, {"type": "Feature", "geometry": {"type": "Point", "coordinates": [3.7475484, 50.7817122]}, "properties": {"role": "node", "id": "3894362997", "dist_to_outlet_m": 16584.54730524812, "observable": true, "access": false}}, {"type": "Feature", "geometry": {"type": "Point", "coordinates": [3.7475932, 50.7817609]}, "properties": {"role": "node", "id": "8225129166", "dist_to_outlet_m": 16578.282725759425, "observable": true, "access": false}}, {"type": "Feature", "geometry": {"type": "Point", "coordinates": [3.7476951, 50.7818067]}, "properties": {"role": "node", "id": "8225129165", "dist_to_outlet_m": 16569.492893958944, "observable": true, "access": false}}, {"type": "Feature", "geometry": {"type": "Point", "coordinates": [3.7477353, 50.7818508]}, "properties": {"role": "node", "id": "8225129164", "dist_to_outlet_m": 16563.833020738253, "observable": true, "access": false}}, {"type": "Feature", "geometry": {"type": "Point", "coordinates": [3.7478185, 50.7818609]}, "properties": {"role": "node", "id": "8225129163", "dist_to_outlet_m": 16557.87674676161, "observable": true, "access": true}}, {"type": "Feature", "geometry": {"type": "Point", "coordinates": [3.747915, 50.7819288]}, "properties": {"role": "node", "id": "8225129162", "dist_to_outlet_m": 16547.72618234253, "observable": true, "access": false}}, {"type": "Feature", "geometry": {"type": "Point", "coordinates": [3.7480506, 50.782088]}, "properties": {"role": "node", "id": "3894362998", "dist_to_outlet_m": 16527.620082408583, "observable": true, "access": false}}, {"type": "Feature", "geometry": {"type": "Point", "coordinates": [3.7481752, 50.7821967]}, "properties": {"role": "node", "id": "8224478189", "dist_to_outlet_m": 16512.692551006996, "observable": true, "access": false}}, {"type": "Feature", "geometry": {"type": "Point", "coordinates": [3.7482804, 50.7823187]}, "properties": {"role": "node", "id": "3894362999", "dist_to_outlet_m": 16497.24157339502, "observable": true, "access": false}}, {"type": "Feature", "geometry": {"type": "Point", "coordinates": [3.7558866, 50.7905813]}, "properties": {"role": "node", "id": "8224526496", "dist_to_outlet_m": 15126.045387205004, "observable": true, "access": false}}, {"type": "Feature", "geometry": {"type": "Point", "coordinates": [3.7560073, 50.7906135]}, "properties": {"role": "node", "id": "8224526495", "dist_to_outlet_m": 15116.836509503537, "observable": true, "access": false}}, {"type": "Feature", "geometry": {"type": "Point", "coordinates": [3.7560488, 50.7906347]}, "properties": {"role": "node", "id": "8224526494", "dist_to_outlet_m": 15113.085945905366, "observable": true, "access": false}}, {"type": "Feature", "geometry": {"type": "Point", "coordinates": [3.7561199, 50.7906525]}, "properties": {"role": "node", "id": "8224526493", "dist_to_outlet_m": 15107.710492724054, "observable": true, "access": false}}, {"type": "Feature", "geometry": {"type": "Point", "coordinates": [3.7562311, 50.7906745]}, "properties": {"role": "node", "id": "3894363078", "dist_to_outlet_m": 15099.520108559429, "observable": true, "access": true}}, {"type": "Feature", "geometry": {"type": "Point", "coordinates": [3.7563144, 50.7906957]}, "properties": {"role": "node", "id": "8224526481", "dist_to_outlet_m": 15093.20803444803, "observable": true, "access": false}}, {"type": "Feature", "geometry": {"type": "Point", "coordinates": [3.7564123, 50.7907042]}, "properties": {"role": "node", "id": "8224526482", "dist_to_outlet_m": 15086.261801776309, "observable": true, "access": false}}, {"type": "Feature", "geometry": {"type": "Point", "coordinates": [3.7565115, 50.7907322]}, "properties": {"role": "node", "id": "8224526480", "dist_to_outlet_m": 15078.62528106819, "observable": true, "access": false}}, {"type": "Feature", "geometry": {"type": "Point", "coordinates": [3.7565678, 50.7907262]}, "properties": {"role": "node", "id": "8224526479", "dist_to_outlet_m": 15074.61197583372, "observable": true, "access": false}}, {"type": "Feature", "geometry": {"type": "Point", "coordinates": [3.7566362, 50.7907627]}, "properties": {"role": "node", "id": "8224526478", "dist_to_outlet_m": 15068.319980865528, "observable": true, "access": false}}, {"type": "Feature", "geometry": {"type": "Point", "coordinates": [3.7567408, 50.7908059]}, "properties": {"role": "node", "id": "8224526477", "dist_to_outlet_m": 15059.537319371144, "observable": true, "access": false}}, {"type": "Feature", "geometry": {"type": "Point", "coordinates": [3.756828, 50.7908424]}, "properties": {"role": "node", "id": "8224526476", "dist_to_outlet_m": 15052.185929573507, "observable": true, "access": false}}, {"type": "Feature", "geometry": {"type": "Point", "coordinates": [3.7568535, 50.7908678]}, "properties": {"role": "node", "id": "8224526475", "dist_to_outlet_m": 15048.840807647079, "observable": true, "access": false}}, {"type": "Feature", "geometry": {"type": "Point", "coordinates": [3.7568954, 50.7909087]}, "properties": {"role": "node", "id": "3894363079", "dist_to_outlet_m": 15043.422543121254, "observable": true, "access": false}}, {"type": "Feature", "geometry": {"type": "Point", "coordinates": [3.7569474, 50.7909297]}, "properties": {"role": "node", "id": "8224526474", "dist_to_outlet_m": 15039.085139215791, "observable": true, "access": false}}, {"type": "Feature", "geometry": {"type": "Point", "coordinates": [3.7570171, 50.7909382]}, "properties": {"role": "node", "id": "8224526473", "dist_to_outlet_m": 15034.09544642434, "observable": true, "access": false}}, {"type": "Feature", "geometry": {"type": "Point", "coordinates": [3.7570895, 50.7909704]}, "properties": {"role": "node", "id": "8224526472", "dist_to_outlet_m": 15027.872970404567, "observable": true, "access": false}}, {"type": "Feature", "geometry": {"type": "Point", "coordinates": [3.7571472, 50.7909865]}, "properties": {"role": "node", "id": "8224526471", "dist_to_outlet_m": 15023.439589258447, "observable": true, "access": false}}, {"type": "Feature", "geometry": {"type": "Point", "coordinates": [3.7571901, 50.7909899]}, "properties": {"role": "node", "id": "8224526470", "dist_to_outlet_m": 15020.400455425815, "observable": true, "access": false}}, {"type": "Feature", "geometry": {"type": "Point", "coordinates": [3.7572397, 50.791006]}, "properties": {"role": "node", "id": "8224526469", "dist_to_outlet_m": 15016.481206163364, "observable": true, "access": false}}, {"type": "Feature", "geometry": {"type": "Point", "coordinates": [3.7572653, 50.7910415]}, "properties": {"role": "node", "id": "3894363080", "dist_to_outlet_m": 15012.142977227386, "observable": true, "access": false}}, {"type": "Feature", "geometry": {"type": "Point", "coordinates": [3.7573095, 50.7910603]}, "properties": {"role": "node", "id": "8224526468", "dist_to_outlet_m": 15008.398262950835, "observable": true, "access": false}}, {"type": "Feature", "geometry": {"type": "Point", "coordinates": [3.7573658, 50.7911264]}, "properties": {"role": "node", "id": "8224526467", "dist_to_outlet_m": 15000.050596567276, "observable": true, "access": false}}, {"type": "Feature", "geometry": {"type": "Point", "coordinates": [3.7574558, 50.7912469]}, "properties": {"role": "node", "id": "3894363081", "dist_to_outlet_m": 14985.23322902474, "observable": true, "access": true}}, {"type": "Feature", "geometry": {"type": "Point", "coordinates": [3.757512, 50.7913239]}, "properties": {"role": "node", "id": "8224526466", "dist_to_outlet_m": 14975.803830848285, "observable": true, "access": false}}, {"type": "Feature", "geometry": {"type": "Point", "coordinates": [3.7575289, 50.7914097]}, "properties": {"role": "node", "id": "3894363082", "dist_to_outlet_m": 14966.189634154118, "observable": true, "access": false}}, {"type": "Feature", "geometry": {"type": "Point", "coordinates": [3.7578593, 50.7916935]}, "properties": {"role": "node", "id": "8224526465", "dist_to_outlet_m": 14927.007811561332, "observable": true, "access": false}}, {"type": "Feature", "geometry": {"type": "Point", "coordinates": [3.7581877, 50.7919917]}, "properties": {"role": "node", "id": "3894363083", "dist_to_outlet_m": 14886.605814691593, "observable": true, "access": false}}, {"type": "Feature", "geometry": {"type": "Point", "coordinates": [3.7584185, 50.792195]}, "properties": {"role": "node", "id": "8222474483", "dist_to_outlet_m": 14858.781111736158, "observable": true, "access": true}}, {"type": "Feature", "geometry": {"type": "Point", "coordinates": [3.758484, 50.7922789]}, "properties": {"role": "node", "id": "3894363084", "dist_to_outlet_m": 14848.37765880348, "observable": true, "access": false}}, {"type": "Feature", "geometry": {"type": "Point", "coordinates": [3.7587269, 50.7925318]}, "properties": {"role": "node", "id": "3894363085", "dist_to_outlet_m": 14815.47928415645, "observable": true, "access": false}}, {"type": "Feature", "geometry": {"type": "Point", "coordinates": [3.7453455, 50.7808332]}, "properties": {"role": "node", "id": "8225129180", "dist_to_outlet_m": 16782.46845561204, "observable": true, "access": false}}, {"type": "Feature", "geometry": {"type": "Point", "coordinates": [3.7454593, 50.7808875]}, "properties": {"role": "node", "id": "3894362989", "dist_to_outlet_m": 16772.444910313778, "observable": true, "access": true}}, {"type": "Feature", "geometry": {"type": "Point", "coordinates": [3.7456699, 50.7809739]}, "properties": {"role": "node", "id": "3894362990", "dist_to_outlet_m": 16754.794502532317, "observable": true, "access": false}}, {"type": "Feature", "geometry": {"type": "Point", "coordinates": [3.7459172, 50.7810749]}, "properties": {"role": "node", "id": "3894362991", "dist_to_outlet_m": 16734.09587329557, "observable": true, "access": false}}, {"type": "Feature", "geometry": {"type": "Point", "coordinates": [3.7169362, 50.8831676]}, "properties": {"role": "node", "id": "9167222097", "dist_to_outlet_m": 205.34372309587283, "observable": true, "access": false}}, {"type": "Feature", "geometry": {"type": "Point", "coordinates": [3.716647, 50.8831452]}, "properties": {"role": "node", "id": "9167222098", "dist_to_outlet_m": 184.90306252388916, "observable": true, "access": false}}, {"type": "Feature", "geometry": {"type": "Point", "coordinates": [3.7165746, 50.8831572]}, "properties": {"role": "node", "id": "9167222099", "dist_to_outlet_m": 179.65161286277225, "observable": true, "access": false}}, {"type": "Feature", "geometry": {"type": "Point", "coordinates": [3.7162879, 50.8833157]}, "properties": {"role": "node", "id": "9167222100", "dist_to_outlet_m": 152.90934452994426, "observable": true, "access": false}}, {"type": "Feature", "geometry": {"type": "Point", "coordinates": [3.7159758, 50.8835511]}, "properties": {"role": "node", "id": "9167222101", "dist_to_outlet_m": 118.78421708745158, "observable": true, "access": false}}, {"type": "Feature", "geometry": {"type": "Point", "coordinates": [3.7158667, 50.8835959]}, "properties": {"role": "node", "id": "9167222102", "dist_to_outlet_m": 109.65217726665216, "observable": true, "access": false}}, {"type": "Feature", "geometry": {"type": "Point", "coordinates": [3.71567, 50.8836335]}, "properties": {"role": "node", "id": "9167222103", "dist_to_outlet_m": 95.23367668637083, "observable": true, "access": false}}, {"type": "Feature", "geometry": {"type": "Point", "coordinates": [3.7153706, 50.8836767]}, "properties": {"role": "node", "id": "9167222104", "dist_to_outlet_m": 73.68769678215115, "observable": true, "access": false}}, {"type": "Feature", "geometry": {"type": "Point", "coordinates": [3.7151917, 50.88372]}, "properties": {"role": "node", "id": "9167222105", "dist_to_outlet_m": 60.245550209650844, "observable": true, "access": false}}, {"type": "Feature", "geometry": {"type": "Point", "coordinates": [3.7149595, 50.8837864]}, "properties": {"role": "node", "id": "9167222106", "dist_to_outlet_m": 42.36097535006735, "observable": true, "access": false}}, {"type": "Feature", "geometry": {"type": "Point", "coordinates": [3.7147908, 50.8838456]}, "properties": {"role": "node", "id": "9167222107", "dist_to_outlet_m": 28.818726374363685, "observable": true, "access": false}}, {"type": "Feature", "geometry": {"type": "Point", "coordinates": [3.7146766, 50.8838913]}, "properties": {"role": "node", "id": "9167222108", "dist_to_outlet_m": 19.3316272814957, "observable": true, "access": false}}, {"type": "Feature", "geometry": {"type": "Point", "coordinates": [3.7144454, 50.8839859]}, "properties": {"role": "node", "id": "7858897903", "dist_to_outlet_m": 0.0, "observable": false, "access": false}}, {"type": "Feature", "geometry": {"type": "Point", "coordinates": [3.6877517, 50.8854116]}, "properties": {"role": "node", "id": "7860472264", "dist_to_outlet_m": 1931.0078350661406, "observable": true, "access": false}}, {"type": "Feature", "geometry": {"type": "Point", "coordinates": [3.6876691, 50.8854096]}, "properties": {"role": "node", "id": "3118322046", "dist_to_outlet_m": 1925.2091854921794, "observable": true, "access": false}}, {"type": "Feature", "geometry": {"type": "Point", "coordinates": [3.6875258, 50.8853715]}, "properties": {"role": "node", "id": "1442432360", "dist_to_outlet_m": 1914.300442531384, "observable": true, "access": false}}, {"type": "Feature", "geometry": {"type": "Point", "coordinates": [3.6873319, 50.885294]}, "properties": {"role": "node", "id": "7860472285", "dist_to_outlet_m": 1898.198266777971, "observable": true, "access": false}}, {"type": "Feature", "geometry": {"type": "Point", "coordinates": [3.6872711, 50.8852861]}, "properties": {"role": "node", "id": "4864644434", "dist_to_outlet_m": 1893.8436188746248, "observable": true, "access": false}}, {"type": "Feature", "geometry": {"type": "Point", "coordinates": [3.687202, 50.8852876]}, "properties": {"role": "node", "id": "1442431997", "dist_to_outlet_m": 1888.9933777568629, "observable": true, "access": false}}, {"type": "Feature", "geometry": {"type": "Point", "coordinates": [3.6869743, 50.8853232]}, "properties": {"role": "node", "id": "2409755484", "dist_to_outlet_m": 1872.5370023743153, "observable": true, "access": true}}, {"type": "Feature", "geometry": {"type": "Point", "coordinates": [3.6867556, 50.8853554]}, "properties": {"role": "node", "id": "1442431747", "dist_to_outlet_m": 1856.7829240952924, "observable": true, "access": false}}, {"type": "Feature", "geometry": {"type": "Point", "coordinates": [3.6864817, 50.8853837]}, "properties": {"role": "node", "id": "1442431771", "dist_to_outlet_m": 1837.3128616222107, "observable": true, "access": false}}, {"type": "Feature", "geometry": {"type": "Point", "coordinates": [3.6861813, 50.8853782]}, "properties": {"role": "node", "id": "1442432414", "dist_to_outlet_m": 1816.23093949936, "observable": true, "access": false}}, {"type": "Feature", "geometry": {"type": "Point", "coordinates": [3.6860767, 50.8853727]}, "properties": {"role": "node", "id": "12084551171", "dist_to_outlet_m": 1808.8678100969485, "observable": true, "access": false}}, {"type": "Feature", "geometry": {"type": "Point", "coordinates": [3.6859898, 50.8853682]}, "properties": {"role": "node", "id": "12084551173", "dist_to_outlet_m": 1802.7512751180698, "observable": false, "access": false}}, {"type": "Feature", "geometry": {"type": "Point", "coordinates": [3.743935, 50.7792883]}, "properties": {"role": "candidate", "id": "O1", "node_id": "3894362958", "label": "O-1", "prior_weight": 1.0, "synthetic": true, "kind": "outfall"}}, {"type": "Feature", "geometry": {"type": "Point", "coordinates": [3.74635, 50.7812436]}, "properties": {"role": "candidate", "id": "O2", "node_id": "8225129177", "label": "O-2", "prior_weight": 1.0, "synthetic": true, "kind": "outfall"}}, {"type": "Feature", "geometry": {"type": "Point", "coordinates": [3.7494452, 50.7846964]}, "properties": {"role": "candidate", "id": "O3", "node_id": "8224533326", "label": "O-3", "prior_weight": 1.0, "synthetic": true, "kind": "outfall"}}, {"type": "Feature", "geometry": {"type": "Point", "coordinates": [3.7799742, 50.8179189]}, "properties": {"role": "candidate", "id": "O4", "node_id": "313568286", "label": "O-4", "prior_weight": 1.0, "synthetic": true, "kind": "outfall"}}, {"type": "Feature", "geometry": {"type": "Point", "coordinates": [3.7696034, 50.8309508]}, "properties": {"role": "candidate", "id": "O5", "node_id": "8181127109", "label": "O-5", "prior_weight": 1.0, "synthetic": true, "kind": "outfall"}}, {"type": "Feature", "geometry": {"type": "Point", "coordinates": [3.7652247, 50.8413527]}, "properties": {"role": "candidate", "id": "O6", "node_id": "8171692095", "label": "O-6", "prior_weight": 1.0, "synthetic": true, "kind": "outfall"}}, {"type": "Feature", "geometry": {"type": "Point", "coordinates": [3.7646069, 50.8527981]}, "properties": {"role": "candidate", "id": "O7", "node_id": "3892724213", "label": "O-7", "prior_weight": 1.0, "synthetic": true, "kind": "outfall"}}, {"type": "Feature", "geometry": {"type": "Point", "coordinates": [3.7652258, 50.8532698]}, "properties": {"role": "candidate", "id": "O8", "node_id": "313568408", "label": "O-8", "prior_weight": 1.0, "synthetic": true, "kind": "outfall"}}, {"type": "Feature", "geometry": {"type": "Point", "coordinates": [3.7665097, 50.8606863]}, "properties": {"role": "candidate", "id": "O9", "node_id": "2592056650", "label": "O-9", "prior_weight": 1.0, "synthetic": true, "kind": "outfall"}}, {"type": "Feature", "geometry": {"type": "Point", "coordinates": [3.7650988, 50.8640878]}, "properties": {"role": "candidate", "id": "O10", "node_id": "313568435", "label": "O-10", "prior_weight": 1.0, "synthetic": true, "kind": "outfall"}}, {"type": "Feature", "geometry": {"type": "Point", "coordinates": [3.7491658, 50.875376]}, "properties": {"role": "candidate", "id": "O11", "node_id": "3895650276", "label": "O-11", "prior_weight": 1.0, "synthetic": true, "kind": "outfall"}}, {"type": "Feature", "geometry": {"type": "Point", "coordinates": [3.7405204, 50.879436]}, "properties": {"role": "candidate", "id": "O12", "node_id": "1442432395", "label": "O-12", "prior_weight": 1.0, "synthetic": true, "kind": "outfall"}}, {"type": "Feature", "geometry": {"type": "Point", "coordinates": [3.7322882, 50.880754]}, "properties": {"role": "candidate", "id": "O13", "node_id": "1442431671", "label": "O-13", "prior_weight": 1.0, "synthetic": true, "kind": "outfall"}}, {"type": "Feature", "geometry": {"type": "Point", "coordinates": [3.7291935, 50.8814261]}, "properties": {"role": "candidate", "id": "O14", "node_id": "1442431649", "label": "O-14", "prior_weight": 1.0, "synthetic": true, "kind": "outfall"}}, {"type": "Feature", "geometry": {"type": "Point", "coordinates": [3.7156874, 50.8834462]}, "properties": {"role": "candidate", "id": "O15", "node_id": "4901146324", "label": "O-15", "prior_weight": 1.0, "synthetic": true, "kind": "outfall"}}, {"type": "Feature", "geometry": {"type": "Point", "coordinates": [3.6860767, 50.8853727]}, "properties": {"role": "candidate", "id": "O16", "node_id": "12084551171", "label": "O-16", "prior_weight": 1.0, "synthetic": true, "kind": "outfall"}}, {"type": "Feature", "geometry": {"type": "Point", "coordinates": [3.684985, 50.8852022]}, "properties": {"role": "candidate", "id": "O17", "node_id": "1442432339", "label": "O-17", "prior_weight": 1.0, "synthetic": true, "kind": "outfall"}}, {"type": "Feature", "geometry": {"type": "Point", "coordinates": [3.6832419, 50.8862674]}, "properties": {"role": "candidate", "id": "O18", "node_id": "1442431591", "label": "O-18", "prior_weight": 1.0, "synthetic": true, "kind": "outfall"}}, {"type": "Feature", "geometry": {"type": "Point", "coordinates": [3.6755008, 50.8888626]}, "properties": {"role": "candidate", "id": "O19", "node_id": "1442432327", "label": "O-19", "prior_weight": 1.0, "synthetic": true, "kind": "outfall"}}, {"type": "Feature", "geometry": {"type": "Point", "coordinates": [3.6697877, 50.8886359]}, "properties": {"role": "candidate", "id": "O20", "node_id": "1442431751", "label": "O-20", "prior_weight": 1.0, "synthetic": true, "kind": "outfall"}}, {"type": "Feature", "geometry": {"type": "Point", "coordinates": [3.7418633, 50.878795]}, "properties": {"role": "place", "id": "osm-n8736049258", "kind": "playground", "label": "playground", "node_id": "1442432132", "weight": 1.0}}]}