{"type": "FeatureCollection", "properties": {"name": "Ljanselva", "city": "Oslo", "source": "OpenStreetMap (ODbL)", "gaps_bridged": 1, "fragments_dropped": 1, "candidates": "synthetic, 1 per ~130 m unless set", "fetched": "2026-09-25", "tz": "Europe/Oslo"}, "features": [{"type": "Feature", "geometry": {"type": "LineString", "coordinates": [[10.8511582, 59.8661918], [10.8511377, 59.8661196]]}, "properties": {"role": "edge", "from": "7435703326", "to": "999766607", "length": 8.11, "culvert": false, "unmapped": false}}, {"type": "Feature", "geometry": {"type": "LineString", "coordinates": [[10.8511377, 59.8661196], [10.8510549, 59.8660288]]}, "properties": {"role": "edge", "from": "999766607", "to": "7435703325", "length": 11.1, "culvert": false, "unmapped": false}}, {"type": "Feature", "geometry": {"type": "LineString", "coordinates": [[10.8510549, 59.8660288], [10.8509959, 59.8659783]]}, "properties": {"role": "edge", "from": "7435703325", "to": "7435703324", "length": 6.51, "culvert": false, "unmapped": false}}, {"type": "Feature", "geometry": {"type": "LineString", "coordinates": [[10.8509959, 59.8659783], [10.8509262, 59.865915]]}, "properties": {"role": "edge", "from": "7435703324", "to": "7435703323", "length": 8.04, "culvert": false, "unmapped": false}}, {"type": "Feature", "geometry": {"type": "LineString", "coordinates": [[10.8509262, 59.865915], [10.8508564, 59.8658364]]}, "properties": {"role": "edge", "from": "7435703323", "to": "12025589074", "length": 9.57, "culvert": false, "unmapped": false}}, {"type": "Feature", "geometry": {"type": "LineString", "coordinates": [[10.8508564, 59.8658364], [10.8505306, 59.8655306]]}, "properties": {"role": "edge", "from": "12025589074", "to": "7435703322", "length": 38.56, "culvert": false, "unmapped": false}}, {"type": "Feature", "geometry": {"type": "LineString", "coordinates": [[10.8505306, 59.8655306], [10.8504592, 59.865457]]}, "properties": {"role": "edge", "from": "7435703322", "to": "8347002982", "length": 9.1, "culvert": false, "unmapped": false}}, {"type": "Feature", "geometry": {"type": "LineString", "coordinates": [[10.8504592, 59.865457], [10.8503533, 59.8653533]]}, "properties": {"role": "edge", "from": "8347002982", "to": "12025589081", "length": 12.96, "culvert": false, "unmapped": false}}, {"type": "Feature", "geometry": {"type": "LineString", "coordinates": [[10.8503533, 59.8653533], [10.8502758, 59.865268]]}, "properties": {"role": "edge", "from": "12025589081", "to": "7435703321", "length": 10.43, "culvert": false, "unmapped": false}}, {"type": "Feature", "geometry": {"type": "LineString", "coordinates": [[10.8502758, 59.865268], [10.8502383, 59.8652141]]}, "properties": {"role": "edge", "from": "7435703321", "to": "12025589080", "length": 6.35, "culvert": false, "unmapped": false}}, {"type": "Feature", "geometry": {"type": "LineString", "coordinates": [[10.8502383, 59.8652141], [10.8501611, 59.865139]]}, "properties": {"role": "edge", "from": "12025589080", "to": "12025589079", "length": 9.4, "culvert": false, "unmapped": false}}, {"type": "Feature", "geometry": {"type": "LineString", "coordinates": [[10.8501611, 59.865139], [10.8501344, 59.8651229]]}, "properties": {"role": "edge", "from": "12025589079", "to": "12025589078", "length": 2.33, "culvert": false, "unmapped": false}}, {"type": "Feature", "geometry": {"type": "LineString", "coordinates": [[10.8501344, 59.8651229], [10.8500384, 59.8650189]]}, "properties": {"role": "edge", "from": "12025589078", "to": "7435703320", "length": 12.75, "culvert": false, "unmapped": false}}, {"type": "Feature", "geometry": {"type": "LineString", "coordinates": [[10.8500384, 59.8650189], [10.8499969, 59.8649658]]}, "properties": {"role": "edge", "from": "7435703320", "to": "12025589076", "length": 6.34, "culvert": false, "unmapped": false}}, {"type": "Feature", "geometry": {"type": "LineString", "coordinates": [[10.8499969, 59.8649658], [10.8499763, 59.8649316]]}, "properties": {"role": "edge", "from": "12025589076", "to": "12025589075", "length": 3.97, "culvert": false, "unmapped": false}}, {"type": "Feature", "geometry": {"type": "LineString", "coordinates": [[10.8499763, 59.8649316], [10.849961, 59.8648975]]}, "properties": {"role": "edge", "from": "12025589075", "to": "12025589077", "length": 3.89, "culvert": false, "unmapped": false}}, {"type": "Feature", "geometry": {"type": "LineString", "coordinates": [[10.849961, 59.8648975], [10.8499299, 59.8648522]]}, "properties": {"role": "edge", "from": "12025589077", "to": "12025576991", "length": 5.33, "culvert": false, "unmapped": false}}, {"type": "Feature", "geometry": {"type": "LineString", "coordinates": [[10.8499299, 59.8648522], [10.8498182, 59.8647604]]}, "properties": {"role": "edge", "from": "12025576991", "to": "12025589073", "length": 11.96, "culvert": false, "unmapped": false}}, {"type": "Feature", "geometry": {"type": "LineString", "coordinates": [[10.8498182, 59.8647604], [10.8497583, 59.8647212]]}, "properties": {"role": "edge", "from": "12025589073", "to": "12025576992", "length": 5.49, "culvert": false, "unmapped": false}}, {"type": "Feature", "geometry": {"type": "LineString", "coordinates": [[10.8497583, 59.8647212], [10.8497292, 59.8646688]]}, "properties": {"role": "edge", "from": "12025576992", "to": "12025589072", "length": 6.05, "culvert": false, "unmapped": false}}, {"type": "Feature", "geometry": {"type": "LineString", "coordinates": [[10.8497292, 59.8646688], [10.8496613, 59.8645918]]}, "properties": {"role": "edge", "from": "12025589072", "to": "12025576989", "length": 9.36, "culvert": false, "unmapped": false}}, {"type": "Feature", "geometry": {"type": "LineString", "coordinates": [[10.8496613, 59.8645918], [10.8495987, 59.8645293]]}, "properties": {"role": "edge", "from": "12025576989", "to": "12025589071", "length": 7.78, "culvert": false, "unmapped": false}}, {"type": "Feature", "geometry": {"type": "LineString", "coordinates": [[10.8495987, 59.8645293], [10.8495448, 59.8645025]]}, "properties": {"role": "edge", "from": "12025589071", "to": "12025589070", "length": 4.23, "culvert": false, "unmapped": false}}, {"type": "Feature", "geometry": {"type": "LineString", "coordinates": [[10.8495448, 59.8645025], [10.8495265, 59.8644851]]}, "properties": {"role": "edge", "from": "12025589070", "to": "12025576990", "length": 2.19, "culvert": false, "unmapped": false}}, {"type": "Feature", "geometry": {"type": "LineString", "coordinates": [[10.8495265, 59.8644851], [10.8494344, 59.864394]]}, "properties": {"role": "edge", "from": "12025576990", "to": "12025589069", "length": 11.36, "culvert": false, "unmapped": false}}, {"type": "Feature", "geometry": {"type": "LineString", "coordinates": [[10.8494344, 59.864394], [10.8492778, 59.8642728]]}, "properties": {"role": "edge", "from": "12025589069", "to": "12025526068", "length": 16.06, "culvert": false, "unmapped": false}}, {"type": "Feature", "geometry": {"type": "LineString", "coordinates": [[10.8492778, 59.8642728], [10.8492411, 59.8642232]]}, "properties": {"role": "edge", "from": "12025526068", "to": "12025526067", "length": 5.88, "culvert": false, "unmapped": false}}, {"type": "Feature", "geometry": {"type": "LineString", "coordinates": [[10.8492411, 59.8642232], [10.8491632, 59.8641372]]}, "properties": {"role": "edge", "from": "12025526067", "to": "999766549", "length": 10.51, "culvert": false, "unmapped": false}}, {"type": "Feature", "geometry": {"type": "LineString", "coordinates": [[10.8491632, 59.8641372], [10.8491009, 59.8640495]]}, "properties": {"role": "edge", "from": "999766549", "to": "12025576988", "length": 10.35, "culvert": false, "unmapped": false}}, {"type": "Feature", "geometry": {"type": "LineString", "coordinates": [[10.8491009, 59.8640495], [10.8488865, 59.8638895]]}, "properties": {"role": "edge", "from": "12025576988", "to": "12025576987", "length": 21.44, "culvert": false, "unmapped": false}}, {"type": "Feature", "geometry": {"type": "LineString", "coordinates": [[10.8488865, 59.8638895], [10.8486044, 59.8636294]]}, "properties": {"role": "edge", "from": "12025576987", "to": "2641370008", "length": 32.93, "culvert": false, "unmapped": false}}, {"type": "Feature", "geometry": {"type": "LineString", "coordinates": [[10.8486044, 59.8636294], [10.848458, 59.8634598]]}, "properties": {"role": "edge", "from": "2641370008", "to": "999766501", "length": 20.55, "culvert": false, "unmapped": false}}, {"type": "Feature", "geometry": {"type": "LineString", "coordinates": [[10.848458, 59.8634598], [10.8482788, 59.8632921]]}, "properties": {"role": "edge", "from": "999766501", "to": "12025526065", "length": 21.16, "culvert": false, "unmapped": false}}, {"type": "Feature", "geometry": {"type": "LineString", "coordinates": [[10.8482788, 59.8632921], [10.8482235, 59.8632622]]}, "properties": {"role": "edge", "from": "12025526065", "to": "4353129562", "length": 4.54, "culvert": false, "unmapped": false}}, {"type": "Feature", "geometry": {"type": "LineString", "coordinates": [[10.8482235, 59.8632622], [10.8481165, 59.8631884]]}, "properties": {"role": "edge", "from": "4353129562", "to": "4353129561", "length": 10.15, "culvert": false, "unmapped": false}}, {"type": "Feature", "geometry": {"type": "LineString", "coordinates": [[10.8481165, 59.8631884], [10.848003, 59.8631612]]}, "properties": {"role": "edge", "from": "4353129561", "to": "13358035279", "length": 7.02, "culvert": false, "unmapped": false}}, {"type": "Feature", "geometry": {"type": "LineString", "coordinates": [[10.848003, 59.8631612], [10.8479448, 59.8631473]]}, "properties": {"role": "edge", "from": "13358035279", "to": "999766622", "length": 3.6, "culvert": false, "unmapped": false}}, {"type": "Feature", "geometry": {"type": "LineString", "coordinates": [[10.8479448, 59.8631473], [10.8478066, 59.8631547]]}, "properties": {"role": "edge", "from": "999766622", "to": "12025576986", "length": 7.76, "culvert": false, "unmapped": false}}, {"type": "Feature", "geometry": {"type": "LineString", "coordinates": [[10.8478066, 59.8631547], [10.8477149, 59.8631567]]}, "properties": {"role": "edge", "from": "12025576986", "to": "12025526060", "length": 5.12, "culvert": false, "unmapped": false}}, {"type": "Feature", "geometry": {"type": "LineString", "coordinates": [[10.8477149, 59.8631567], [10.8475623, 59.8631554]]}, "properties": {"role": "edge", "from": "12025526060", "to": "2641370000", "length": 8.52, "culvert": false, "unmapped": false}}, {"type": "Feature", "geometry": {"type": "LineString", "coordinates": [[10.8475623, 59.8631554], [10.847387, 59.8631498]]}, "properties": {"role": "edge", "from": "2641370000", "to": "8347009219", "length": 9.81, "culvert": false, "unmapped": false}}, {"type": "Feature", "geometry": {"type": "LineString", "coordinates": [[10.847387, 59.8631498], [10.8472078, 59.8631345]]}, "properties": {"role": "edge", "from": "8347009219", "to": "999766304", "length": 10.15, "culvert": false, "unmapped": false}}, {"type": "Feature", "geometry": {"type": "LineString", "coordinates": [[10.8472078, 59.8631345], [10.8470092, 59.8630638]]}, "properties": {"role": "edge", "from": "999766304", "to": "12025526059", "length": 13.59, "culvert": false, "unmapped": false}}, {"type": "Feature", "geometry": {"type": "LineString", "coordinates": [[10.8470092, 59.8630638], [10.8467379, 59.8629737]]}, "properties": {"role": "edge", "from": "12025526059", "to": "7771168839", "length": 18.16, "culvert": false, "unmapped": false}}, {"type": "Feature", "geometry": {"type": "LineString", "coordinates": [[10.8467379, 59.8629737], [10.8465947, 59.8629377]]}, "properties": {"role": "edge", "from": "7771168839", "to": "7771168840", "length": 8.94, "culvert": false, "unmapped": false}}, {"type": "Feature", "geometry": {"type": "LineString", "coordinates": [[10.8465947, 59.8629377], [10.8464597, 59.8628966]]}, "properties": {"role": "edge", "from": "7771168840", "to": "12025526058", "length": 8.81, "culvert": false, "unmapped": false}}, {"type": "Feature", "geometry": {"type": "LineString", "coordinates": [[10.8464597, 59.8628966], [10.8463252, 59.8628592]]}, "properties": {"role": "edge", "from": "12025526058", "to": "999766536", "length": 8.58, "culvert": false, "unmapped": false}}, {"type": "Feature", "geometry": {"type": "LineString", "coordinates": [[10.8463252, 59.8628592], [10.8459109, 59.8628462]]}, "properties": {"role": "edge", "from": "999766536", "to": "12025576985", "length": 23.17, "culvert": false, "unmapped": false}}, {"type": "Feature", "geometry": {"type": "LineString", "coordinates": [[10.8459109, 59.8628462], [10.845695, 59.8628311]]}, "properties": {"role": "edge", "from": "12025576985", "to": "12025526057", "length": 12.17, "culvert": false, "unmapped": false}}, {"type": "Feature", "geometry": {"type": "LineString", "coordinates": [[10.845695, 59.8628311], [10.8455653, 59.8628164]]}, "properties": {"role": "edge", "from": "12025526057", "to": "999766590", "length": 7.42, "culvert": false, "unmapped": false}}, {"type": "Feature", "geometry": {"type": "LineString", "coordinates": [[10.8455653, 59.8628164], [10.8451772, 59.8627682]]}, "properties": {"role": "edge", "from": "999766590", "to": "12025576984", "length": 22.32, "culvert": false, "unmapped": false}}, {"type": "Feature", "geometry": {"type": "LineString", "coordinates": [[10.8451772, 59.8627682], [10.8448965, 59.8627163]]}, "properties": {"role": "edge", "from": "12025576984", "to": "2631972171", "length": 16.7, "culvert": false, "unmapped": false}}, {"type": "Feature", "geometry": {"type": "LineString", "coordinates": [[10.8448965, 59.8627163], [10.8447464, 59.8626935]]}, "properties": {"role": "edge", "from": "2631972171", "to": "12025576983", "length": 8.75, "culvert": false, "unmapped": false}}, {"type": "Feature", "geometry": {"type": "LineString", "coordinates": [[10.8447464, 59.8626935], [10.8445478, 59.8626317]]}, "properties": {"role": "edge", "from": "12025576983", "to": "999766444", "length": 13.04, "culvert": false, "unmapped": false}}, {"type": "Feature", "geometry": {"type": "LineString", "coordinates": [[10.8445478, 59.8626317], [10.8444014, 59.8625539]]}, "properties": {"role": "edge", "from": "999766444", "to": "12025576982", "length": 11.9, "culvert": false, "unmapped": false}}, {"type": "Feature", "geometry": {"type": "LineString", "coordinates": [[10.8444014, 59.8625539], [10.8442633, 59.8624482]]}, "properties": {"role": "edge", "from": "12025576982", "to": "2631972169", "length": 14.06, "culvert": false, "unmapped": false}}, {"type": "Feature", "geometry": {"type": "LineString", "coordinates": [[10.8442633, 59.8624482], [10.8441832, 59.8623283]]}, "properties": {"role": "edge", "from": "2631972169", "to": "2631972166", "length": 14.06, "culvert": false, "unmapped": false}}, {"type": "Feature", "geometry": {"type": "LineString", "coordinates": [[10.8441832, 59.8623283], [10.8441691, 59.8621746]]}, "properties": {"role": "edge", "from": "2631972166", "to": "2631972163", "length": 17.11, "culvert": false, "unmapped": false}}, {"type": "Feature", "geometry": {"type": "LineString", "coordinates": [[10.8441691, 59.8621746], [10.8441202, 59.8621465]]}, "properties": {"role": "edge", "from": "2631972163", "to": "2631972162", "length": 4.15, "culvert": false, "unmapped": false}}, {"type": "Feature", "geometry": {"type": "LineString", "coordinates": [[10.8441202, 59.8621465], [10.8439261, 59.8621182]]}, "properties": {"role": "edge", "from": "2631972162", "to": "12025526056", "length": 11.28, "culvert": false, "unmapped": false}}, {"type": "Feature", "geometry": {"type": "LineString", "coordinates": [[10.8439261, 59.8621182], [10.8436944, 59.8620642]]}, "properties": {"role": "edge", "from": "12025526056", "to": "999766650", "length": 14.26, "culvert": false, "unmapped": false}}, {"type": "Feature", "geometry": {"type": "LineString", "coordinates": [[10.8436944, 59.8620642], [10.8435755, 59.8618889]]}, "properties": {"role": "edge", "from": "999766650", "to": "999766583", "length": 20.59, "culvert": false, "unmapped": false}}, {"type": "Feature", "geometry": {"type": "LineString", "coordinates": [[10.8435755, 59.8618889], [10.8435203, 59.8618744]]}, "properties": {"role": "edge", "from": "999766583", "to": "2631972161", "length": 3.48, "culvert": false, "unmapped": false}}, {"type": "Feature", "geometry": {"type": "LineString", "coordinates": [[10.8435203, 59.8618744], [10.8431543, 59.8618742]]}, "properties": {"role": "edge", "from": "2631972161", "to": "12025576981", "length": 20.43, "culvert": false, "unmapped": false}}, {"type": "Feature", "geometry": {"type": "LineString", "coordinates": [[10.8431543, 59.8618742], [10.8428878, 59.861891]]}, "properties": {"role": "edge", "from": "12025576981", "to": "999766359", "length": 15.0, "culvert": false, "unmapped": false}}, {"type": "Feature", "geometry": {"type": "LineString", "coordinates": [[10.8428878, 59.861891], [10.8427344, 59.861883]]}, "properties": {"role": "edge", "from": "999766359", "to": "12058799065", "length": 8.61, "culvert": false, "unmapped": false}}, {"type": "Feature", "geometry": {"type": "LineString", "coordinates": [[10.8427344, 59.861883], [10.8424392, 59.8618589]]}, "properties": {"role": "edge", "from": "12058799065", "to": "2631972160", "length": 16.7, "culvert": false, "unmapped": false}}, {"type": "Feature", "geometry": {"type": "LineString", "coordinates": [[10.8424392, 59.8618589], [10.842192, 59.861845]]}, "properties": {"role": "edge", "from": "2631972160", "to": "12025576974", "length": 13.89, "culvert": false, "unmapped": false}}, {"type": "Feature", "geometry": {"type": "LineString", "coordinates": [[10.842192, 59.861845], [10.8419623, 59.861808]]}, "properties": {"role": "edge", "from": "12025576974", "to": "12025576980", "length": 13.47, "culvert": false, "unmapped": false}}, {"type": "Feature", "geometry": {"type": "LineString", "coordinates": [[10.8419623, 59.861808], [10.841705, 59.8617873]]}, "properties": {"role": "edge", "from": "12025576980", "to": "12025576973", "length": 14.55, "culvert": false, "unmapped": false}}, {"type": "Feature", "geometry": {"type": "LineString", "coordinates": [[10.841705, 59.8617873], [10.8413584, 59.8617968]]}, "properties": {"role": "edge", "from": "12025576973", "to": "12025576979", "length": 19.38, "culvert": false, "unmapped": false}}, {"type": "Feature", "geometry": {"type": "LineString", "coordinates": [[10.8413584, 59.8617968], [10.8411189, 59.8617827]]}, "properties": {"role": "edge", "from": "12025576979", "to": "12025576972", "length": 13.46, "culvert": false, "unmapped": false}}, {"type": "Feature", "geometry": {"type": "LineString", "coordinates": [[10.8411189, 59.8617827], [10.8408072, 59.8617417]]}, "properties": {"role": "edge", "from": "12025576972", "to": "999766670", "length": 17.99, "culvert": false, "unmapped": false}}, {"type": "Feature", "geometry": {"type": "LineString", "coordinates": [[10.8408072, 59.8617417], [10.8407111, 59.8617375]]}, "properties": {"role": "edge", "from": "999766670", "to": "12025576975", "length": 5.39, "culvert": false, "unmapped": false}}, {"type": "Feature", "geometry": {"type": "LineString", "coordinates": [[10.8407111, 59.8617375], [10.8406385, 59.861741]]}, "properties": {"role": "edge", "from": "12025576975", "to": "12025576978", "length": 4.07, "culvert": false, "unmapped": false}}, {"type": "Feature", "geometry": {"type": "LineString", "coordinates": [[10.8406385, 59.861741], [10.8404683, 59.8617796]]}, "properties": {"role": "edge", "from": "12025576978", "to": "12025576976", "length": 10.43, "culvert": false, "unmapped": false}}, {"type": "Feature", "geometry": {"type": "LineString", "coordinates": [[10.8404683, 59.8617796], [10.8399392, 59.8617772]]}, "properties": {"role": "edge", "from": "12025576976", "to": "12025576977", "length": 29.54, "culvert": false, "unmapped": false}}, {"type": "Feature", "geometry": {"type": "LineString", "coordinates": [[10.8399392, 59.8617772], [10.8394834, 59.8617874]]}, "properties": {"role": "edge", "from": "12025576977", "to": "999766438", "length": 25.47, "culvert": false, "unmapped": false}}, {"type": "Feature", "geometry": {"type": "LineString", "coordinates": [[10.8394834, 59.8617874], [10.8393591, 59.8617975]]}, "properties": {"role": "edge", "from": "999766438", "to": "12058799064", "length": 7.03, "culvert": false, "unmapped": false}}, {"type": "Feature", "geometry": {"type": "LineString", "coordinates": [[10.8393591, 59.8617975], [10.8392068, 59.8618531]]}, "properties": {"role": "edge", "from": "12058799064", "to": "12058799063", "length": 10.51, "culvert": false, "unmapped": false}}, {"type": "Feature", "geometry": {"type": "LineString", "coordinates": [[10.8392068, 59.8618531], [10.8386682, 59.861898]]}, "properties": {"role": "edge", "from": "12058799063", "to": "12058799062", "length": 30.48, "culvert": false, "unmapped": false}}, {"type": "Feature", "geometry": {"type": "LineString", "coordinates": [[10.8386682, 59.861898], [10.838401, 59.8619154]]}, "properties": {"role": "edge", "from": "12058799062", "to": "12058799061", "length": 15.04, "culvert": false, "unmapped": false}}, {"type": "Feature", "geometry": {"type": "LineString", "coordinates": [[10.838401, 59.8619154], [10.8381901, 59.8619028]]}, "properties": {"role": "edge", "from": "12058799061", "to": "999766531", "length": 11.86, "culvert": false, "unmapped": false}}, {"type": "Feature", "geometry": {"type": "LineString", "coordinates": [[10.8381901, 59.8619028], [10.8377637, 59.8618605]]}, "properties": {"role": "edge", "from": "999766531", "to": "12058799060", "length": 24.27, "culvert": false, "unmapped": false}}, {"type": "Feature", "geometry": {"type": "LineString", "coordinates": [[10.8377637, 59.8618605], [10.837067, 59.8618094]]}, "properties": {"role": "edge", "from": "12058799060", "to": "12058799059", "length": 39.31, "culvert": false, "unmapped": false}}, {"type": "Feature", "geometry": {"type": "LineString", "coordinates": [[10.837067, 59.8618094], [10.8369666, 59.8617703]]}, "properties": {"role": "edge", "from": "12058799059", "to": "999766299", "length": 7.09, "culvert": false, "unmapped": false}}, {"type": "Feature", "geometry": {"type": "LineString", "coordinates": [[10.8369666, 59.8617703], [10.8368641, 59.8617601]]}, "properties": {"role": "edge", "from": "999766299", "to": "12058799056", "length": 5.83, "culvert": false, "unmapped": false}}, {"type": "Feature", "geometry": {"type": "LineString", "coordinates": [[10.8368641, 59.8617601], [10.8367759, 59.8617861]]}, "properties": {"role": "edge", "from": "12058799056", "to": "12058799058", "length": 5.71, "culvert": false, "unmapped": false}}, {"type": "Feature", "geometry": {"type": "LineString", "coordinates": [[10.8367759, 59.8617861], [10.8366874, 59.861831]]}, "properties": {"role": "edge", "from": "12058799058", "to": "12058799057", "length": 7.02, "culvert": false, "unmapped": false}}, {"type": "Feature", "geometry": {"type": "LineString", "coordinates": [[10.8366874, 59.861831], [10.8364268, 59.8618473]]}, "properties": {"role": "edge", "from": "12058799057", "to": "999766616", "length": 14.66, "culvert": false, "unmapped": false}}, {"type": "Feature", "geometry": {"type": "LineString", "coordinates": [[10.8364268, 59.8618473], [10.8363367, 59.8618589]]}, "properties": {"role": "edge", "from": "999766616", "to": "999766381", "length": 5.19, "culvert": false, "unmapped": false}}, {"type": "Feature", "geometry": {"type": "LineString", "coordinates": [[10.8363367, 59.8618589], [10.8352098, 59.8619234]]}, "properties": {"role": "edge", "from": "999766381", "to": "999766413", "length": 63.32, "culvert": true, "unmapped": true}}, {"type": "Feature", "geometry": {"type": "LineString", "coordinates": [[10.8039177, 59.8488879], [10.8038649, 59.8488864]]}, "properties": {"role": "edge", "from": "299351638", "to": "299351486", "length": 2.95, "culvert": false, "unmapped": false}}, {"type": "Feature", "geometry": {"type": "LineString", "coordinates": [[10.8038649, 59.8488864], [10.8037335, 59.8488882]]}, "properties": {"role": "edge", "from": "299351486", "to": "4929090928", "length": 7.34, "culvert": false, "unmapped": false}}, {"type": "Feature", "geometry": {"type": "LineString", "coordinates": [[10.8037335, 59.8488882], [10.8035367, 59.8488868]]}, "properties": {"role": "edge", "from": "4929090928", "to": "299351297", "length": 10.99, "culvert": false, "unmapped": false}}, {"type": "Feature", "geometry": {"type": "LineString", "coordinates": [[10.8035367, 59.8488868], [10.8033914, 59.8489025]]}, "properties": {"role": "edge", "from": "299351297", "to": "4929090927", "length": 8.3, "culvert": false, "unmapped": false}}, {"type": "Feature", "geometry": {"type": "LineString", "coordinates": [[10.8033914, 59.8489025], [10.8032121, 59.8489304]]}, "properties": {"role": "edge", "from": "4929090927", "to": "4929090926", "length": 10.48, "culvert": false, "unmapped": false}}, {"type": "Feature", "geometry": {"type": "LineString", "coordinates": [[10.8032121, 59.8489304], [10.8031029, 59.848943]]}, "properties": {"role": "edge", "from": "4929090926", "to": "4929090925", "length": 6.26, "culvert": false, "unmapped": false}}, {"type": "Feature", "geometry": {"type": "LineString", "coordinates": [[10.8031029, 59.848943], [10.802999, 59.8489474]]}, "properties": {"role": "edge", "from": "4929090925", "to": "4929090924", "length": 5.82, "culvert": false, "unmapped": false}}, {"type": "Feature", "geometry": {"type": "LineString", "coordinates": [[10.802999, 59.8489474], [10.8029071, 59.8489413]]}, "properties": {"role": "edge", "from": "4929090924", "to": "4929090922", "length": 5.18, "culvert": false, "unmapped": false}}, {"type": "Feature", "geometry": {"type": "LineString", "coordinates": [[10.8029071, 59.8489413], [10.8028508, 59.8489208]]}, "properties": {"role": "edge", "from": "4929090922", "to": "4929090923", "length": 3.88, "culvert": false, "unmapped": false}}, {"type": "Feature", "geometry": {"type": "LineString", "coordinates": [[10.8028508, 59.8489208], [10.80283, 59.8488901]]}, "properties": {"role": "edge", "from": "4929090923", "to": "299351444", "length": 3.61, "culvert": false, "unmapped": false}}, {"type": "Feature", "geometry": {"type": "LineString", "coordinates": [[10.80283, 59.8488901], [10.802824, 59.8488068]]}, "properties": {"role": "edge", "from": "299351444", "to": "4929090921", "length": 9.27, "culvert": false, "unmapped": false}}, {"type": "Feature", "geometry": {"type": "LineString", "coordinates": [[10.802824, 59.8488068], [10.802798, 59.8487476]]}, "properties": {"role": "edge", "from": "4929090921", "to": "4929090820", "length": 6.74, "culvert": false, "unmapped": false}}, {"type": "Feature", "geometry": {"type": "LineString", "coordinates": [[10.802798, 59.8487476], [10.8027574, 59.8486864]]}, "properties": {"role": "edge", "from": "4929090820", "to": "1139932572", "length": 7.17, "culvert": false, "unmapped": false}}, {"type": "Feature", "geometry": {"type": "LineString", "coordinates": [[10.8027574, 59.8486864], [10.8027062, 59.8486597]]}, "properties": {"role": "edge", "from": "1139932572", "to": "4929090819", "length": 4.12, "culvert": false, "unmapped": false}}, {"type": "Feature", "geometry": {"type": "LineString", "coordinates": [[10.8027062, 59.8486597], [10.8026442, 59.8486406]]}, "properties": {"role": "edge", "from": "4929090819", "to": "299351301", "length": 4.06, "culvert": false, "unmapped": false}}, {"type": "Feature", "geometry": {"type": "LineString", "coordinates": [[10.8026442, 59.8486406], [10.8024792, 59.8486363]]}, "properties": {"role": "edge", "from": "299351301", "to": "4929090818", "length": 9.23, "culvert": false, "unmapped": false}}, {"type": "Feature", "geometry": {"type": "LineString", "coordinates": [[10.8024792, 59.8486363], [10.8022858, 59.8486425]]}, "properties": {"role": "edge", "from": "4929090818", "to": "299351446", "length": 10.82, "culvert": false, "unmapped": false}}, {"type": "Feature", "geometry": {"type": "LineString", "coordinates": [[10.8022858, 59.8486425], [10.8022219, 59.8486479]]}, "properties": {"role": "edge", "from": "299351446", "to": "10876408897", "length": 3.62, "culvert": false, "unmapped": false}}, {"type": "Feature", "geometry": {"type": "LineString", "coordinates": [[10.8022219, 59.8486479], [10.8021716, 59.848658]]}, "properties": {"role": "edge", "from": "10876408897", "to": "10876408896", "length": 3.03, "culvert": false, "unmapped": false}}, {"type": "Feature", "geometry": {"type": "LineString", "coordinates": [[10.8021716, 59.848658], [10.8020703, 59.8486887]]}, "properties": {"role": "edge", "from": "10876408896", "to": "1139932730", "length": 6.61, "culvert": false, "unmapped": false}}, {"type": "Feature", "geometry": {"type": "LineString", "coordinates": [[10.8020703, 59.8486887], [10.8019871, 59.8487253]]}, "properties": {"role": "edge", "from": "1139932730", "to": "10876408895", "length": 6.18, "culvert": false, "unmapped": false}}, {"type": "Feature", "geometry": {"type": "LineString", "coordinates": [[10.8019871, 59.8487253], [10.8019139, 59.8487736]]}, "properties": {"role": "edge", "from": "10876408895", "to": "10876408898", "length": 6.75, "culvert": false, "unmapped": false}}, {"type": "Feature", "geometry": {"type": "LineString", "coordinates": [[10.8019139, 59.8487736], [10.8018839, 59.8488199]]}, "properties": {"role": "edge", "from": "10876408898", "to": "1139932330", "length": 5.41, "culvert": false, "unmapped": false}}, {"type": "Feature", "geometry": {"type": "LineString", "coordinates": [[10.8018839, 59.8488199], [10.8018778, 59.8488797]]}, "properties": {"role": "edge", "from": "1139932330", "to": "10876408899", "length": 6.66, "culvert": false, "unmapped": false}}, {"type": "Feature", "geometry": {"type": "LineString", "coordinates": [[10.8018778, 59.8488797], [10.8018316, 59.8489386]]}, "properties": {"role": "edge", "from": "10876408899", "to": "1139932515", "length": 7.04, "culvert": false, "unmapped": false}}, {"type": "Feature", "geometry": {"type": "LineString", "coordinates": [[10.8018316, 59.8489386], [10.8017721, 59.8490049]]}, "properties": {"role": "edge", "from": "1139932515", "to": "10876408901", "length": 8.09, "culvert": false, "unmapped": false}}, {"type": "Feature", "geometry": {"type": "LineString", "coordinates": [[10.8017721, 59.8490049], [10.801728, 59.8490745]]}, "properties": {"role": "edge", "from": "10876408901", "to": "10876408900", "length": 8.12, "culvert": false, "unmapped": false}}, {"type": "Feature", "geometry": {"type": "LineString", "coordinates": [[10.801728, 59.8490745], [10.8016548, 59.8491434]]}, "properties": {"role": "edge", "from": "10876408900", "to": "1139932405", "length": 8.68, "culvert": false, "unmapped": false}}, {"type": "Feature", "geometry": {"type": "LineString", "coordinates": [[10.8016548, 59.8491434], [10.8014089, 59.8492075]]}, "properties": {"role": "edge", "from": "1139932405", "to": "10876408902", "length": 15.47, "culvert": false, "unmapped": false}}, {"type": "Feature", "geometry": {"type": "LineString", "coordinates": [[10.8014089, 59.8492075], [10.8012934, 59.8492699]]}, "properties": {"role": "edge", "from": "10876408902", "to": "1139932562", "length": 9.47, "culvert": false, "unmapped": false}}, {"type": "Feature", "geometry": {"type": "LineString", "coordinates": [[10.8041838, 59.8489531], [10.8039177, 59.8488879]]}, "properties": {"role": "edge", "from": "299351165", "to": "299351638", "length": 16.54, "culvert": true, "unmapped": false}}, {"type": "Feature", "geometry": {"type": "LineString", "coordinates": [[10.8279765, 59.8618387], [10.82785, 59.8618497]]}, "properties": {"role": "edge", "from": "6597158990", "to": "12058799036", "length": 7.17, "culvert": false, "unmapped": false}}, {"type": "Feature", "geometry": {"type": "LineString", "coordinates": [[10.82785, 59.8618497], [10.8277215, 59.8618548]]}, "properties": {"role": "edge", "from": "12058799036", "to": "999766534", "length": 7.2, "culvert": false, "unmapped": false}}, {"type": "Feature", "geometry": {"type": "LineString", "coordinates": [[10.8277215, 59.8618548], [10.8275303, 59.8618372]]}, "properties": {"role": "edge", "from": "999766534", "to": "999766471", "length": 10.85, "culvert": false, "unmapped": false}}, {"type": "Feature", "geometry": {"type": "LineString", "coordinates": [[10.8275303, 59.8618372], [10.8272151, 59.861846]]}, "properties": {"role": "edge", "from": "999766471", "to": "12058799035", "length": 17.62, "culvert": false, "unmapped": false}}, {"type": "Feature", "geometry": {"type": "LineString", "coordinates": [[10.8272151, 59.861846], [10.826988, 59.8618681]]}, "properties": {"role": "edge", "from": "12058799035", "to": "999766619", "length": 12.91, "culvert": false, "unmapped": false}}, {"type": "Feature", "geometry": {"type": "LineString", "coordinates": [[10.826988, 59.8618681], [10.8268819, 59.8618904]]}, "properties": {"role": "edge", "from": "999766619", "to": "12058799034", "length": 6.42, "culvert": false, "unmapped": false}}, {"type": "Feature", "geometry": {"type": "LineString", "coordinates": [[10.8268819, 59.8618904], [10.8267543, 59.8619172]]}, "properties": {"role": "edge", "from": "12058799034", "to": "999766557", "length": 7.72, "culvert": false, "unmapped": false}}, {"type": "Feature", "geometry": {"type": "LineString", "coordinates": [[10.8267543, 59.8619172], [10.8266613, 59.8619166]]}, "properties": {"role": "edge", "from": "999766557", "to": "6597158988", "length": 5.19, "culvert": false, "unmapped": false}}, {"type": "Feature", "geometry": {"type": "LineString", "coordinates": [[10.8266613, 59.8619166], [10.8265567, 59.8619032]]}, "properties": {"role": "edge", "from": "6597158988", "to": "6597158989", "length": 6.03, "culvert": false, "unmapped": false}}, {"type": "Feature", "geometry": {"type": "LineString", "coordinates": [[10.8265567, 59.8619032], [10.8263606, 59.8618971]]}, "properties": {"role": "edge", "from": "6597158989", "to": "999766334", "length": 10.97, "culvert": false, "unmapped": false}}, {"type": "Feature", "geometry": {"type": "LineString", "coordinates": [[10.8263606, 59.8618971], [10.8262935, 59.8618759]]}, "properties": {"role": "edge", "from": "999766334", "to": "12058799033", "length": 4.43, "culvert": false, "unmapped": false}}, {"type": "Feature", "geometry": {"type": "LineString", "coordinates": [[10.8262935, 59.8618759], [10.8262171, 59.8618306]]}, "properties": {"role": "edge", "from": "12058799033", "to": "6597158985", "length": 6.6, "culvert": false, "unmapped": false}}, {"type": "Feature", "geometry": {"type": "LineString", "coordinates": [[10.8262171, 59.8618306], [10.8261924, 59.8618155]]}, "properties": {"role": "edge", "from": "6597158985", "to": "6597158983", "length": 2.17, "culvert": false, "unmapped": false}}, {"type": "Feature", "geometry": {"type": "LineString", "coordinates": [[10.8261924, 59.8618155], [10.8261231, 59.861792]]}, "properties": {"role": "edge", "from": "6597158983", "to": "6597158984", "length": 4.67, "culvert": false, "unmapped": false}}, {"type": "Feature", "geometry": {"type": "LineString", "coordinates": [[10.8261231, 59.861792], [10.8260512, 59.8617701]]}, "properties": {"role": "edge", "from": "6597158984", "to": "999766645", "length": 4.7, "culvert": false, "unmapped": false}}, {"type": "Feature", "geometry": {"type": "LineString", "coordinates": [[10.8260512, 59.8617701], [10.8259375, 59.8617451]]}, "properties": {"role": "edge", "from": "999766645", "to": "6597158986", "length": 6.93, "culvert": false, "unmapped": false}}, {"type": "Feature", "geometry": {"type": "LineString", "coordinates": [[10.8259375, 59.8617451], [10.8257057, 59.8616966]]}, "properties": {"role": "edge", "from": "6597158986", "to": "6597158987", "length": 14.02, "culvert": false, "unmapped": false}}, {"type": "Feature", "geometry": {"type": "LineString", "coordinates": [[10.8257057, 59.8616966], [10.8254924, 59.8616404]]}, "properties": {"role": "edge", "from": "6597158987", "to": "12058799032", "length": 13.45, "culvert": false, "unmapped": false}}, {"type": "Feature", "geometry": {"type": "LineString", "coordinates": [[10.8254924, 59.8616404], [10.8253664, 59.8616222]]}, "properties": {"role": "edge", "from": "12058799032", "to": "999766414", "length": 7.32, "culvert": false, "unmapped": false}}, {"type": "Feature", "geometry": {"type": "LineString", "coordinates": [[10.8253664, 59.8616222], [10.8251197, 59.8615479]]}, "properties": {"role": "edge", "from": "999766414", "to": "10880397499", "length": 16.06, "culvert": false, "unmapped": false}}, {"type": "Feature", "geometry": {"type": "LineString", "coordinates": [[10.8251197, 59.8615479], [10.824993, 59.8614887]]}, "properties": {"role": "edge", "from": "10880397499", "to": "999766497", "length": 9.66, "culvert": false, "unmapped": false}}, {"type": "Feature", "geometry": {"type": "LineString", "coordinates": [[10.824993, 59.8614887], [10.8249188, 59.8614426]]}, "properties": {"role": "edge", "from": "999766497", "to": "10880397500", "length": 6.59, "culvert": false, "unmapped": false}}, {"type": "Feature", "geometry": {"type": "LineString", "coordinates": [[10.8249188, 59.8614426], [10.8248859, 59.8613643]]}, "properties": {"role": "edge", "from": "10880397500", "to": "10880397501", "length": 8.9, "culvert": false, "unmapped": false}}, {"type": "Feature", "geometry": {"type": "LineString", "coordinates": [[10.8248859, 59.8613643], [10.8248613, 59.861325]]}, "properties": {"role": "edge", "from": "10880397501", "to": "12058799031", "length": 4.58, "culvert": false, "unmapped": false}}, {"type": "Feature", "geometry": {"type": "LineString", "coordinates": [[10.8248613, 59.861325], [10.8248047, 59.86128]]}, "properties": {"role": "edge", "from": "12058799031", "to": "999766647", "length": 5.92, "culvert": false, "unmapped": false}}, {"type": "Feature", "geometry": {"type": "LineString", "coordinates": [[10.8248047, 59.86128], [10.8246478, 59.8611933]]}, "properties": {"role": "edge", "from": "999766647", "to": "12058799030", "length": 13.03, "culvert": false, "unmapped": false}}, {"type": "Feature", "geometry": {"type": "LineString", "coordinates": [[10.8246478, 59.8611933], [10.8244025, 59.8610849]]}, "properties": {"role": "edge", "from": "12058799030", "to": "12058799029", "length": 18.24, "culvert": false, "unmapped": false}}, {"type": "Feature", "geometry": {"type": "LineString", "coordinates": [[10.8244025, 59.8610849], [10.8243257, 59.8610343]]}, "properties": {"role": "edge", "from": "12058799029", "to": "999766580", "length": 7.07, "culvert": false, "unmapped": false}}, {"type": "Feature", "geometry": {"type": "LineString", "coordinates": [[10.8243257, 59.8610343], [10.8242553, 59.8610055]]}, "properties": {"role": "edge", "from": "999766580", "to": "12058799028", "length": 5.07, "culvert": false, "unmapped": false}}, {"type": "Feature", "geometry": {"type": "LineString", "coordinates": [[10.8242553, 59.8610055], [10.824142, 59.8609819]]}, "properties": {"role": "edge", "from": "12058799028", "to": "999766356", "length": 6.85, "culvert": false, "unmapped": false}}, {"type": "Feature", "geometry": {"type": "LineString", "coordinates": [[10.824142, 59.8609819], [10.8240655, 59.8609902]]}, "properties": {"role": "edge", "from": "999766356", "to": "6597158981", "length": 4.37, "culvert": false, "unmapped": false}}, {"type": "Feature", "geometry": {"type": "LineString", "coordinates": [[10.8240655, 59.8609902], [10.8239981, 59.8609963]]}, "properties": {"role": "edge", "from": "6597158981", "to": "999766666", "length": 3.82, "culvert": false, "unmapped": false}}, {"type": "Feature", "geometry": {"type": "LineString", "coordinates": [[10.8239981, 59.8609963], [10.8238808, 59.8610732]]}, "properties": {"role": "edge", "from": "999766666", "to": "6597158982", "length": 10.77, "culvert": false, "unmapped": false}}, {"type": "Feature", "geometry": {"type": "LineString", "coordinates": [[10.8238808, 59.8610732], [10.8238169, 59.8610911]]}, "properties": {"role": "edge", "from": "6597158982", "to": "999766434", "length": 4.09, "culvert": false, "unmapped": false}}, {"type": "Feature", "geometry": {"type": "LineString", "coordinates": [[10.8238169, 59.8610911], [10.8236964, 59.8611151]]}, "properties": {"role": "edge", "from": "999766434", "to": "6597158979", "length": 7.24, "culvert": false, "unmapped": false}}, {"type": "Feature", "geometry": {"type": "LineString", "coordinates": [[10.8236964, 59.8611151], [10.8235591, 59.8611287]]}, "properties": {"role": "edge", "from": "6597158979", "to": "6597158980", "length": 7.81, "culvert": false, "unmapped": false}}, {"type": "Feature", "geometry": {"type": "LineString", "coordinates": [[10.8235591, 59.8611287], [10.8233916, 59.8611525]]}, "properties": {"role": "edge", "from": "6597158980", "to": "6597158978", "length": 9.72, "culvert": false, "unmapped": false}}, {"type": "Feature", "geometry": {"type": "LineString", "coordinates": [[10.8233916, 59.8611525], [10.8233216, 59.8611493]]}, "properties": {"role": "edge", "from": "6597158978", "to": "6597158977", "length": 3.92, "culvert": false, "unmapped": false}}, {"type": "Feature", "geometry": {"type": "LineString", "coordinates": [[10.8233216, 59.8611493], [10.8232592, 59.8611469]]}, "properties": {"role": "edge", "from": "6597158977", "to": "999766378", "length": 3.49, "culvert": false, "unmapped": false}}, {"type": "Feature", "geometry": {"type": "LineString", "coordinates": [[10.8232592, 59.8611469], [10.8232042, 59.8611219]]}, "properties": {"role": "edge", "from": "999766378", "to": "6597158976", "length": 4.14, "culvert": false, "unmapped": false}}, {"type": "Feature", "geometry": {"type": "LineString", "coordinates": [[10.8232042, 59.8611219], [10.8230775, 59.8610572]]}, "properties": {"role": "edge", "from": "6597158976", "to": "6597158975", "length": 10.09, "culvert": false, "unmapped": false}}, {"type": "Feature", "geometry": {"type": "LineString", "coordinates": [[10.8230775, 59.8610572], [10.8229825, 59.8609961]]}, "properties": {"role": "edge", "from": "6597158975", "to": "999766524", "length": 8.62, "culvert": false, "unmapped": false}}, {"type": "Feature", "geometry": {"type": "LineString", "coordinates": [[10.8229825, 59.8609961], [10.8229569, 59.8608496]]}, "properties": {"role": "edge", "from": "999766524", "to": "6597158909", "length": 16.35, "culvert": false, "unmapped": false}}, {"type": "Feature", "geometry": {"type": "LineString", "coordinates": [[10.8229569, 59.8608496], [10.8229449, 59.8608332]]}, "properties": {"role": "edge", "from": "6597158909", "to": "999766461", "length": 1.94, "culvert": false, "unmapped": false}}, {"type": "Feature", "geometry": {"type": "LineString", "coordinates": [[10.8229449, 59.8608332], [10.8229037, 59.8607862]]}, "properties": {"role": "edge", "from": "999766461", "to": "6597158973", "length": 5.71, "culvert": false, "unmapped": false}}, {"type": "Feature", "geometry": {"type": "LineString", "coordinates": [[10.8229037, 59.8607862], [10.8228551, 59.8607648]]}, "properties": {"role": "edge", "from": "6597158973", "to": "12058799023", "length": 3.61, "culvert": false, "unmapped": false}}, {"type": "Feature", "geometry": {"type": "LineString", "coordinates": [[10.8228551, 59.8607648], [10.8227973, 59.8607496]]}, "properties": {"role": "edge", "from": "12058799023", "to": "999766612", "length": 3.64, "culvert": false, "unmapped": false}}, {"type": "Feature", "geometry": {"type": "LineString", "coordinates": [[10.8227973, 59.8607496], [10.8226249, 59.8607362]]}, "properties": {"role": "edge", "from": "999766612", "to": "6597158974", "length": 9.74, "culvert": false, "unmapped": false}}, {"type": "Feature", "geometry": {"type": "LineString", "coordinates": [[10.8226249, 59.8607362], [10.8224798, 59.8607483]]}, "properties": {"role": "edge", "from": "6597158974", "to": "999766551", "length": 8.21, "culvert": false, "unmapped": false}}, {"type": "Feature", "geometry": {"type": "LineString", "coordinates": [[10.8224798, 59.8607483], [10.8223734, 59.8607897]]}, "properties": {"role": "edge", "from": "999766551", "to": "6597158972", "length": 7.52, "culvert": false, "unmapped": false}}, {"type": "Feature", "geometry": {"type": "LineString", "coordinates": [[10.8223734, 59.8607897], [10.8221509, 59.8609163]]}, "properties": {"role": "edge", "from": "6597158972", "to": "999766323", "length": 18.77, "culvert": false, "unmapped": false}}, {"type": "Feature", "geometry": {"type": "LineString", "coordinates": [[10.8221509, 59.8609163], [10.8218328, 59.860873]]}, "properties": {"role": "edge", "from": "999766323", "to": "999766641", "length": 18.4, "culvert": false, "unmapped": false}}, {"type": "Feature", "geometry": {"type": "LineString", "coordinates": [[10.8218328, 59.860873], [10.8214548, 59.8608747]]}, "properties": {"role": "edge", "from": "999766641", "to": "6597152575", "length": 21.11, "culvert": false, "unmapped": false}}, {"type": "Feature", "geometry": {"type": "LineString", "coordinates": [[10.8214548, 59.8608747], [10.8210562, 59.8608802]]}, "properties": {"role": "edge", "from": "6597152575", "to": "999766402", "length": 22.26, "culvert": false, "unmapped": false}}, {"type": "Feature", "geometry": {"type": "LineString", "coordinates": [[10.8210562, 59.8608802], [10.8209461, 59.8608907]]}, "properties": {"role": "edge", "from": "999766402", "to": "6597158970", "length": 6.26, "culvert": false, "unmapped": false}}, {"type": "Feature", "geometry": {"type": "LineString", "coordinates": [[10.8209461, 59.8608907], [10.8208536, 59.8609101]]}, "properties": {"role": "edge", "from": "6597158970", "to": "6597158971", "length": 5.6, "culvert": false, "unmapped": false}}, {"type": "Feature", "geometry": {"type": "LineString", "coordinates": [[10.8208536, 59.8609101], [10.8207741, 59.8609225]]}, "properties": {"role": "edge", "from": "6597158971", "to": "999766349", "length": 4.65, "culvert": false, "unmapped": false}}, {"type": "Feature", "geometry": {"type": "LineString", "coordinates": [[10.8207741, 59.8609225], [10.8207232, 59.8609167]]}, "properties": {"role": "edge", "from": "999766349", "to": "6596306790", "length": 2.91, "culvert": false, "unmapped": false}}, {"type": "Feature", "geometry": {"type": "LineString", "coordinates": [[10.8207232, 59.8609167], [10.8206789, 59.8608918]]}, "properties": {"role": "edge", "from": "6596306790", "to": "6596306791", "length": 3.71, "culvert": false, "unmapped": false}}, {"type": "Feature", "geometry": {"type": "LineString", "coordinates": [[10.8206789, 59.8608918], [10.8206615, 59.8608766]]}, "properties": {"role": "edge", "from": "6596306791", "to": "6597158897", "length": 1.95, "culvert": false, "unmapped": false}}, {"type": "Feature", "geometry": {"type": "LineString", "coordinates": [[10.8206615, 59.8608766], [10.8206625, 59.8608293]]}, "properties": {"role": "edge", "from": "6597158897", "to": "6597158896", "length": 5.26, "culvert": false, "unmapped": false}}, {"type": "Feature", "geometry": {"type": "LineString", "coordinates": [[10.8206625, 59.8608293], [10.8206501, 59.8608029]]}, "properties": {"role": "edge", "from": "6597158896", "to": "6597158895", "length": 3.02, "culvert": false, "unmapped": false}}, {"type": "Feature", "geometry": {"type": "LineString", "coordinates": [[10.8206501, 59.8608029], [10.8206162, 59.8607795]]}, "properties": {"role": "edge", "from": "6597158895", "to": "6596306792", "length": 3.22, "culvert": false, "unmapped": false}}, {"type": "Feature", "geometry": {"type": "LineString", "coordinates": [[10.8206162, 59.8607795], [10.8205924, 59.8607662]]}, "properties": {"role": "edge", "from": "6596306792", "to": "6597158892", "length": 1.99, "culvert": false, "unmapped": false}}, {"type": "Feature", "geometry": {"type": "LineString", "coordinates": [[10.8205924, 59.8607662], [10.8205787, 59.8607322]]}, "properties": {"role": "edge", "from": "6597158892", "to": "6597158891", "length": 3.86, "culvert": false, "unmapped": false}}, {"type": "Feature", "geometry": {"type": "LineString", "coordinates": [[10.8205787, 59.8607322], [10.8205532, 59.8607084]]}, "properties": {"role": "edge", "from": "6597158891", "to": "6597158893", "length": 3.01, "culvert": false, "unmapped": false}}, {"type": "Feature", "geometry": {"type": "LineString", "coordinates": [[10.8205532, 59.8607084], [10.8204737, 59.8606581]]}, "properties": {"role": "edge", "from": "6597158893", "to": "6597158894", "length": 7.14, "culvert": false, "unmapped": false}}, {"type": "Feature", "geometry": {"type": "LineString", "coordinates": [[10.8204737, 59.8606581], [10.8203965, 59.8606159]]}, "properties": {"role": "edge", "from": "6597158894", "to": "999766478", "length": 6.37, "culvert": false, "unmapped": false}}, {"type": "Feature", "geometry": {"type": "LineString", "coordinates": [[10.8203965, 59.8606159], [10.8203049, 59.8605786]]}, "properties": {"role": "edge", "from": "999766478", "to": "10876457414", "length": 6.58, "culvert": false, "unmapped": false}}, {"type": "Feature", "geometry": {"type": "LineString", "coordinates": [[10.8203049, 59.8605786], [10.8201994, 59.8605791]]}, "properties": {"role": "edge", "from": "10876457414", "to": "10876457413", "length": 5.89, "culvert": false, "unmapped": false}}, {"type": "Feature", "geometry": {"type": "LineString", "coordinates": [[10.8201994, 59.8605791], [10.8200355, 59.8605408]]}, "properties": {"role": "edge", "from": "10876457413", "to": "10876457412", "length": 10.09, "culvert": false, "unmapped": false}}, {"type": "Feature", "geometry": {"type": "LineString", "coordinates": [[10.8200355, 59.8605408], [10.8199998, 59.8605013]]}, "properties": {"role": "edge", "from": "10876457412", "to": "999766492", "length": 4.82, "culvert": false, "unmapped": false}}, {"type": "Feature", "geometry": {"type": "LineString", "coordinates": [[10.8199998, 59.8605013], [10.8199413, 59.8604433]]}, "properties": {"role": "edge", "from": "999766492", "to": "10876457411", "length": 7.23, "culvert": false, "unmapped": false}}, {"type": "Feature", "geometry": {"type": "LineString", "coordinates": [[10.8199413, 59.8604433], [10.8200006, 59.8604006]]}, "properties": {"role": "edge", "from": "10876457411", "to": "999766643", "length": 5.79, "culvert": false, "unmapped": false}}, {"type": "Feature", "geometry": {"type": "LineString", "coordinates": [[10.8200006, 59.8604006], [10.8199905, 59.8603671]]}, "properties": {"role": "edge", "from": "999766643", "to": "10876457410", "length": 3.77, "culvert": false, "unmapped": false}}, {"type": "Feature", "geometry": {"type": "LineString", "coordinates": [[10.8199905, 59.8603671], [10.8198543, 59.8602717]]}, "properties": {"role": "edge", "from": "10876457410", "to": "10876457409", "length": 13.05, "culvert": false, "unmapped": false}}, {"type": "Feature", "geometry": {"type": "LineString", "coordinates": [[10.8198543, 59.8602717], [10.8197694, 59.8601579]]}, "properties": {"role": "edge", "from": "10876457409", "to": "999766577", "length": 13.51, "culvert": false, "unmapped": false}}, {"type": "Feature", "geometry": {"type": "LineString", "coordinates": [[10.8197694, 59.8601579], [10.8197577, 59.8600749]]}, "properties": {"role": "edge", "from": "999766577", "to": "10876457408", "length": 9.25, "culvert": false, "unmapped": false}}, {"type": "Feature", "geometry": {"type": "LineString", "coordinates": [[10.8197577, 59.8600749], [10.8197716, 59.8600069]]}, "properties": {"role": "edge", "from": "10876457408", "to": "999766352", "length": 7.6, "culvert": false, "unmapped": false}}, {"type": "Feature", "geometry": {"type": "LineString", "coordinates": [[10.8197716, 59.8600069], [10.8198104, 59.8599349]]}, "properties": {"role": "edge", "from": "999766352", "to": "10876457407", "length": 8.29, "culvert": false, "unmapped": false}}, {"type": "Feature", "geometry": {"type": "LineString", "coordinates": [[10.8198104, 59.8599349], [10.8198714, 59.8598731]]}, "properties": {"role": "edge", "from": "10876457407", "to": "999766663", "length": 7.67, "culvert": false, "unmapped": false}}, {"type": "Feature", "geometry": {"type": "LineString", "coordinates": [[10.8198714, 59.8598731], [10.8198658, 59.8598066]]}, "properties": {"role": "edge", "from": "999766663", "to": "999766421", "length": 7.4, "culvert": false, "unmapped": false}}, {"type": "Feature", "geometry": {"type": "LineString", "coordinates": [[10.8198658, 59.8598066], [10.8198215, 59.8597719]]}, "properties": {"role": "edge", "from": "999766421", "to": "10876457406", "length": 4.58, "culvert": false, "unmapped": false}}, {"type": "Feature", "geometry": {"type": "LineString", "coordinates": [[10.8198215, 59.8597719], [10.8197512, 59.8597525]]}, "properties": {"role": "edge", "from": "10876457406", "to": "999766366", "length": 4.48, "culvert": false, "unmapped": false}}, {"type": "Feature", "geometry": {"type": "LineString", "coordinates": [[10.8197512, 59.8597525], [10.8196268, 59.8597467]]}, "properties": {"role": "edge", "from": "999766366", "to": "6596306788", "length": 6.98, "culvert": false, "unmapped": false}}, {"type": "Feature", "geometry": {"type": "LineString", "coordinates": [[10.8196268, 59.8597467], [10.8194159, 59.8597689]]}, "properties": {"role": "edge", "from": "6596306788", "to": "6596297483", "length": 12.03, "culvert": false, "unmapped": false}}, {"type": "Feature", "geometry": {"type": "LineString", "coordinates": [[10.8194159, 59.8597689], [10.8193284, 59.8597723]]}, "properties": {"role": "edge", "from": "6596297483", "to": "6596306789", "length": 4.9, "culvert": false, "unmapped": false}}, {"type": "Feature", "geometry": {"type": "LineString", "coordinates": [[10.8193284, 59.8597723], [10.8192299, 59.8597706]]}, "properties": {"role": "edge", "from": "6596306789", "to": "6596297484", "length": 5.5, "culvert": false, "unmapped": false}}, {"type": "Feature", "geometry": {"type": "LineString", "coordinates": [[10.8192299, 59.8597706], [10.8191742, 59.8597659]]}, "properties": {"role": "edge", "from": "6596297484", "to": "999766521", "length": 3.15, "culvert": false, "unmapped": false}}, {"type": "Feature", "geometry": {"type": "LineString", "coordinates": [[10.8191742, 59.8597659], [10.819079, 59.85972]]}, "properties": {"role": "edge", "from": "999766521", "to": "10876457405", "length": 7.37, "culvert": false, "unmapped": false}}, {"type": "Feature", "geometry": {"type": "LineString", "coordinates": [[10.819079, 59.85972], [10.8190033, 59.8596678]]}, "properties": {"role": "edge", "from": "10876457405", "to": "10876435904", "length": 7.18, "culvert": false, "unmapped": false}}, {"type": "Feature", "geometry": {"type": "LineString", "coordinates": [[10.8190033, 59.8596678], [10.818897, 59.8596135]]}, "properties": {"role": "edge", "from": "10876435904", "to": "999766449", "length": 8.47, "culvert": false, "unmapped": false}}, {"type": "Feature", "geometry": {"type": "LineString", "coordinates": [[10.818897, 59.8596135], [10.8188308, 59.8595728]]}, "properties": {"role": "edge", "from": "999766449", "to": "10876435903", "length": 5.84, "culvert": false, "unmapped": false}}, {"type": "Feature", "geometry": {"type": "LineString", "coordinates": [[10.8188308, 59.8595728], [10.8187784, 59.8595214]]}, "properties": {"role": "edge", "from": "10876435903", "to": "10876435902", "length": 6.42, "culvert": false, "unmapped": false}}, {"type": "Feature", "geometry": {"type": "LineString", "coordinates": [[10.8187784, 59.8595214], [10.8187062, 59.8594411]]}, "properties": {"role": "edge", "from": "10876435902", "to": "10876435901", "length": 9.8, "culvert": false, "unmapped": false}}, {"type": "Feature", "geometry": {"type": "LineString", "coordinates": [[10.8187062, 59.8594411], [10.8186393, 59.8594185]]}, "properties": {"role": "edge", "from": "10876435901", "to": "999766593", "length": 4.5, "culvert": false, "unmapped": false}}, {"type": "Feature", "geometry": {"type": "LineString", "coordinates": [[10.8186393, 59.8594185], [10.8185308, 59.8593426]]}, "properties": {"role": "edge", "from": "999766593", "to": "10876435900", "length": 10.39, "culvert": false, "unmapped": false}}, {"type": "Feature", "geometry": {"type": "LineString", "coordinates": [[10.8185308, 59.8593426], [10.8183439, 59.8592003]]}, "properties": {"role": "edge", "from": "10876435900", "to": "10876435899", "length": 18.95, "culvert": false, "unmapped": false}}, {"type": "Feature", "geometry": {"type": "LineString", "coordinates": [[10.8183439, 59.8592003], [10.8181676, 59.8590984]]}, "properties": {"role": "edge", "from": "10876435899", "to": "6596306785", "length": 15.01, "culvert": false, "unmapped": false}}, {"type": "Feature", "geometry": {"type": "LineString", "coordinates": [[10.8181676, 59.8590984], [10.8181001, 59.8590569]]}, "properties": {"role": "edge", "from": "6596306785", "to": "10876435896", "length": 5.96, "culvert": false, "unmapped": false}}, {"type": "Feature", "geometry": {"type": "LineString", "coordinates": [[10.8181001, 59.8590569], [10.8179695, 59.8589714]]}, "properties": {"role": "edge", "from": "10876435896", "to": "10876435897", "length": 11.98, "culvert": false, "unmapped": false}}, {"type": "Feature", "geometry": {"type": "LineString", "coordinates": [[10.8179695, 59.8589714], [10.817882, 59.8589285]]}, "properties": {"role": "edge", "from": "10876435897", "to": "10876435898", "length": 6.83, "culvert": false, "unmapped": false}}, {"type": "Feature", "geometry": {"type": "LineString", "coordinates": [[10.817882, 59.8589285], [10.8178249, 59.8588968]]}, "properties": {"role": "edge", "from": "10876435898", "to": "999766541", "length": 4.75, "culvert": false, "unmapped": false}}, {"type": "Feature", "geometry": {"type": "LineString", "coordinates": [[10.8178249, 59.8588968], [10.8177573, 59.8588551]]}, "properties": {"role": "edge", "from": "999766541", "to": "6596306786", "length": 5.98, "culvert": false, "unmapped": false}}, {"type": "Feature", "geometry": {"type": "LineString", "coordinates": [[10.8177573, 59.8588551], [10.8177875, 59.8587463]]}, "properties": {"role": "edge", "from": "6596306786", "to": "6596306787", "length": 12.21, "culvert": true, "unmapped": false}}, {"type": "Feature", "geometry": {"type": "LineString", "coordinates": [[10.832195, 59.8619951], [10.8320962, 59.8620445]]}, "properties": {"role": "edge", "from": "6302785792", "to": "999766506", "length": 7.78, "culvert": true, "unmapped": false}}, {"type": "Feature", "geometry": {"type": "LineString", "coordinates": [[10.8320962, 59.8620445], [10.8320253, 59.8620809]]}, "properties": {"role": "edge", "from": "999766506", "to": "6302785787", "length": 5.66, "culvert": false, "unmapped": false}}, {"type": "Feature", "geometry": {"type": "LineString", "coordinates": [[10.8344967, 59.8617712], [10.834319, 59.8617503]]}, "properties": {"role": "edge", "from": "6596964031", "to": "999766554", "length": 10.19, "culvert": false, "unmapped": false}}, {"type": "Feature", "geometry": {"type": "LineString", "coordinates": [[10.834319, 59.8617503], [10.8342591, 59.8617591]]}, "properties": {"role": "edge", "from": "999766554", "to": "12058799055", "length": 3.48, "culvert": false, "unmapped": false}}, {"type": "Feature", "geometry": {"type": "LineString", "coordinates": [[10.8342591, 59.8617591], [10.834213, 59.861752]]}, "properties": {"role": "edge", "from": "12058799055", "to": "12058799054", "length": 2.69, "culvert": false, "unmapped": false}}, {"type": "Feature", "geometry": {"type": "LineString", "coordinates": [[10.834213, 59.861752], [10.8341949, 59.8617272]]}, "properties": {"role": "edge", "from": "12058799054", "to": "12025507962", "length": 2.94, "culvert": false, "unmapped": false}}, {"type": "Feature", "geometry": {"type": "LineString", "coordinates": [[10.8341949, 59.8617272], [10.8341932, 59.8616552]]}, "properties": {"role": "edge", "from": "12025507962", "to": "12025507963", "length": 8.01, "culvert": false, "unmapped": false}}, {"type": "Feature", "geometry": {"type": "LineString", "coordinates": [[10.8341932, 59.8616552], [10.8342124, 59.8615632]]}, "properties": {"role": "edge", "from": "12025507963", "to": "999766496", "length": 10.29, "culvert": false, "unmapped": false}}, {"type": "Feature", "geometry": {"type": "LineString", "coordinates": [[10.8342124, 59.8615632], [10.8341532, 59.8615035]]}, "properties": {"role": "edge", "from": "999766496", "to": "12058799053", "length": 7.42, "culvert": false, "unmapped": false}}, {"type": "Feature", "geometry": {"type": "LineString", "coordinates": [[10.8341532, 59.8615035], [10.8339325, 59.8614252]]}, "properties": {"role": "edge", "from": "12058799053", "to": "999766462", "length": 15.09, "culvert": false, "unmapped": false}}, {"type": "Feature", "geometry": {"type": "LineString", "coordinates": [[10.8339325, 59.8614252], [10.8338203, 59.8614107]]}, "properties": {"role": "edge", "from": "999766462", "to": "12025507961", "length": 6.47, "culvert": false, "unmapped": false}}, {"type": "Feature", "geometry": {"type": "LineString", "coordinates": [[10.8338203, 59.8614107], [10.8337416, 59.8614244]]}, "properties": {"role": "edge", "from": "12025507961", "to": "12058799052", "length": 4.65, "culvert": false, "unmapped": false}}, {"type": "Feature", "geometry": {"type": "LineString", "coordinates": [[10.8337416, 59.8614244], [10.8336827, 59.8614679]]}, "properties": {"role": "edge", "from": "12058799052", "to": "999766407", "length": 5.85, "culvert": false, "unmapped": false}}, {"type": "Feature", "geometry": {"type": "LineString", "coordinates": [[10.8336827, 59.8614679], [10.8336402, 59.8614826]]}, "properties": {"role": "edge", "from": "999766407", "to": "12058799051", "length": 2.88, "culvert": false, "unmapped": false}}, {"type": "Feature", "geometry": {"type": "LineString", "coordinates": [[10.8336402, 59.8614826], [10.8335878, 59.8614793]]}, "properties": {"role": "edge", "from": "12058799051", "to": "12025507960", "length": 2.95, "culvert": false, "unmapped": false}}, {"type": "Feature", "geometry": {"type": "LineString", "coordinates": [[10.8335878, 59.8614793], [10.8335257, 59.8614703]]}, "properties": {"role": "edge", "from": "12025507960", "to": "12058799050", "length": 3.61, "culvert": false, "unmapped": false}}, {"type": "Feature", "geometry": {"type": "LineString", "coordinates": [[10.8335257, 59.8614703], [10.8334288, 59.8614466]]}, "properties": {"role": "edge", "from": "12058799050", "to": "12058799049", "length": 6.02, "culvert": false, "unmapped": false}}, {"type": "Feature", "geometry": {"type": "LineString", "coordinates": [[10.8334288, 59.8614466], [10.8333259, 59.8614342]]}, "properties": {"role": "edge", "from": "12058799049", "to": "999766553", "length": 5.91, "culvert": false, "unmapped": false}}, {"type": "Feature", "geometry": {"type": "LineString", "coordinates": [[10.8333259, 59.8614342], [10.8332915, 59.8614432]]}, "properties": {"role": "edge", "from": "999766553", "to": "12058799048", "length": 2.17, "culvert": false, "unmapped": false}}, {"type": "Feature", "geometry": {"type": "LineString", "coordinates": [[10.8332915, 59.8614432], [10.8332778, 59.8614833]]}, "properties": {"role": "edge", "from": "12058799048", "to": "12058799047", "length": 4.52, "culvert": false, "unmapped": false}}, {"type": "Feature", "geometry": {"type": "LineString", "coordinates": [[10.8332778, 59.8614833], [10.8332938, 59.8615366]]}, "properties": {"role": "edge", "from": "12058799047", "to": "12058799046", "length": 5.99, "culvert": false, "unmapped": false}}, {"type": "Feature", "geometry": {"type": "LineString", "coordinates": [[10.8332938, 59.8615366], [10.833323, 59.8616043]]}, "properties": {"role": "edge", "from": "12058799046", "to": "999766490", "length": 7.7, "culvert": false, "unmapped": false}}, {"type": "Feature", "geometry": {"type": "LineString", "coordinates": [[10.833323, 59.8616043], [10.8332653, 59.8616771]]}, "properties": {"role": "edge", "from": "999766490", "to": "10880400607", "length": 8.71, "culvert": false, "unmapped": false}}, {"type": "Feature", "geometry": {"type": "LineString", "coordinates": [[10.8332653, 59.8616771], [10.8331804, 59.8617462]]}, "properties": {"role": "edge", "from": "10880400607", "to": "12058799043", "length": 9.03, "culvert": false, "unmapped": false}}, {"type": "Feature", "geometry": {"type": "LineString", "coordinates": [[10.8331804, 59.8617462], [10.8331445, 59.8617592]]}, "properties": {"role": "edge", "from": "12058799043", "to": "12058799044", "length": 2.47, "culvert": false, "unmapped": false}}, {"type": "Feature", "geometry": {"type": "LineString", "coordinates": [[10.8331445, 59.8617592], [10.8331002, 59.8617629]]}, "properties": {"role": "edge", "from": "12058799044", "to": "999766642", "length": 2.51, "culvert": false, "unmapped": false}}, {"type": "Feature", "geometry": {"type": "LineString", "coordinates": [[10.8331002, 59.8617629], [10.8330334, 59.86174]]}, "properties": {"role": "edge", "from": "999766642", "to": "12058799045", "length": 4.52, "culvert": false, "unmapped": false}}, {"type": "Feature", "geometry": {"type": "LineString", "coordinates": [[10.8330334, 59.86174], [10.832966, 59.8617043]]}, "properties": {"role": "edge", "from": "12058799045", "to": "12025507959", "length": 5.47, "culvert": false, "unmapped": false}}, {"type": "Feature", "geometry": {"type": "LineString", "coordinates": [[10.832966, 59.8617043], [10.8329107, 59.8616894]]}, "properties": {"role": "edge", "from": "12025507959", "to": "12058799042", "length": 3.5, "culvert": false, "unmapped": false}}, {"type": "Feature", "geometry": {"type": "LineString", "coordinates": [[10.8329107, 59.8616894], [10.8328248, 59.8616761]]}, "properties": {"role": "edge", "from": "12058799042", "to": "999766418", "length": 5.02, "culvert": false, "unmapped": false}}, {"type": "Feature", "geometry": {"type": "LineString", "coordinates": [[10.8328248, 59.8616761], [10.8327855, 59.8616792]]}, "properties": {"role": "edge", "from": "999766418", "to": "12058799041", "length": 2.22, "culvert": false, "unmapped": false}}, {"type": "Feature", "geometry": {"type": "LineString", "coordinates": [[10.8327855, 59.8616792], [10.8327309, 59.8616952]]}, "properties": {"role": "edge", "from": "12058799041", "to": "12058799040", "length": 3.53, "culvert": false, "unmapped": false}}, {"type": "Feature", "geometry": {"type": "LineString", "coordinates": [[10.8327309, 59.8616952], [10.8326822, 59.8617147]]}, "properties": {"role": "edge", "from": "12058799040", "to": "10880400606", "length": 3.48, "culvert": false, "unmapped": false}}, {"type": "Feature", "geometry": {"type": "LineString", "coordinates": [[10.8326822, 59.8617147], [10.8326699, 59.8617289]]}, "properties": {"role": "edge", "from": "10880400606", "to": "12058799039", "length": 1.72, "culvert": false, "unmapped": false}}, {"type": "Feature", "geometry": {"type": "LineString", "coordinates": [[10.8326699, 59.8617289], [10.8326696, 59.8617452]]}, "properties": {"role": "edge", "from": "12058799039", "to": "12058799037", "length": 1.81, "culvert": false, "unmapped": false}}, {"type": "Feature", "geometry": {"type": "LineString", "coordinates": [[10.8326696, 59.8617452], [10.8326804, 59.8617688]]}, "properties": {"role": "edge", "from": "12058799037", "to": "12058799038", "length": 2.69, "culvert": false, "unmapped": false}}, {"type": "Feature", "geometry": {"type": "LineString", "coordinates": [[10.8326804, 59.8617688], [10.8326735, 59.8617851]]}, "properties": {"role": "edge", "from": "12058799038", "to": "6596964006", "length": 1.85, "culvert": false, "unmapped": false}}, {"type": "Feature", "geometry": {"type": "LineString", "coordinates": [[10.8326735, 59.8617851], [10.8325504, 59.8618193]]}, "properties": {"role": "edge", "from": "6596964006", "to": "6596964007", "length": 7.85, "culvert": false, "unmapped": false}}, {"type": "Feature", "geometry": {"type": "LineString", "coordinates": [[10.8325504, 59.8618193], [10.8324508, 59.8618415]]}, "properties": {"role": "edge", "from": "6596964007", "to": "6596964004", "length": 6.08, "culvert": false, "unmapped": false}}, {"type": "Feature", "geometry": {"type": "LineString", "coordinates": [[10.8324508, 59.8618415], [10.832375, 59.8618915]]}, "properties": {"role": "edge", "from": "6596964004", "to": "6596964005", "length": 6.99, "culvert": false, "unmapped": false}}, {"type": "Feature", "geometry": {"type": "LineString", "coordinates": [[10.832375, 59.8618915], [10.8322738, 59.8619611]]}, "properties": {"role": "edge", "from": "6596964005", "to": "999766574", "length": 9.58, "culvert": false, "unmapped": false}}, {"type": "Feature", "geometry": {"type": "LineString", "coordinates": [[10.8322738, 59.8619611], [10.832195, 59.8619951]]}, "properties": {"role": "edge", "from": "999766574", "to": "6302785792", "length": 5.8, "culvert": false, "unmapped": false}}, {"type": "Feature", "geometry": {"type": "LineString", "coordinates": [[10.8161631, 59.8510141], [10.8160154, 59.8509224]]}, "properties": {"role": "edge", "from": "6535531064", "to": "10876177831", "length": 13.12, "culvert": false, "unmapped": false}}, {"type": "Feature", "geometry": {"type": "LineString", "coordinates": [[10.8160154, 59.8509224], [10.8158168, 59.8508303]]}, "properties": {"role": "edge", "from": "10876177831", "to": "10876177830", "length": 15.1, "culvert": false, "unmapped": false}}, {"type": "Feature", "geometry": {"type": "LineString", "coordinates": [[10.8158168, 59.8508303], [10.8156925, 59.8507977]]}, "properties": {"role": "edge", "from": "10876177830", "to": "999766379", "length": 7.83, "culvert": false, "unmapped": false}}, {"type": "Feature", "geometry": {"type": "LineString", "coordinates": [[10.8156925, 59.8507977], [10.8156088, 59.8506703]]}, "properties": {"role": "edge", "from": "999766379", "to": "10876177829", "length": 14.92, "culvert": false, "unmapped": false}}, {"type": "Feature", "geometry": {"type": "LineString", "coordinates": [[10.8156088, 59.8506703], [10.8155788, 59.8506522]]}, "properties": {"role": "edge", "from": "10876177829", "to": "10876177828", "length": 2.62, "culvert": false, "unmapped": false}}, {"type": "Feature", "geometry": {"type": "LineString", "coordinates": [[10.8155788, 59.8506522], [10.8155455, 59.8506373]]}, "properties": {"role": "edge", "from": "10876177828", "to": "10876177822", "length": 2.49, "culvert": false, "unmapped": false}}, {"type": "Feature", "geometry": {"type": "LineString", "coordinates": [[10.8155455, 59.8506373], [10.8155182, 59.8506349]]}, "properties": {"role": "edge", "from": "10876177822", "to": "10876177827", "length": 1.55, "culvert": false, "unmapped": false}}, {"type": "Feature", "geometry": {"type": "LineString", "coordinates": [[10.8155182, 59.8506349], [10.8154864, 59.8506351]]}, "properties": {"role": "edge", "from": "10876177827", "to": "10876177824", "length": 1.78, "culvert": false, "unmapped": false}}, {"type": "Feature", "geometry": {"type": "LineString", "coordinates": [[10.8154864, 59.8506351], [10.8154325, 59.8506394]]}, "properties": {"role": "edge", "from": "10876177824", "to": "10876177823", "length": 3.05, "culvert": false, "unmapped": false}}, {"type": "Feature", "geometry": {"type": "LineString", "coordinates": [[10.8154325, 59.8506394], [10.8153828, 59.8506412]]}, "properties": {"role": "edge", "from": "10876177823", "to": "10876177825", "length": 2.78, "culvert": false, "unmapped": false}}, {"type": "Feature", "geometry": {"type": "LineString", "coordinates": [[10.8153828, 59.8506412], [10.8152807, 59.8506304]]}, "properties": {"role": "edge", "from": "10876177825", "to": "10876177826", "length": 5.83, "culvert": false, "unmapped": false}}, {"type": "Feature", "geometry": {"type": "LineString", "coordinates": [[10.8152807, 59.8506304], [10.8151896, 59.8506166]]}, "properties": {"role": "edge", "from": "10876177826", "to": "10876177821", "length": 5.31, "culvert": false, "unmapped": false}}, {"type": "Feature", "geometry": {"type": "LineString", "coordinates": [[10.8151896, 59.8506166], [10.8150311, 59.8505656]]}, "properties": {"role": "edge", "from": "10876177821", "to": "999766459", "length": 10.51, "culvert": false, "unmapped": false}}, {"type": "Feature", "geometry": {"type": "LineString", "coordinates": [[10.8150311, 59.8505656], [10.8147959, 59.8505672]]}, "properties": {"role": "edge", "from": "999766459", "to": "10876177820", "length": 13.14, "culvert": false, "unmapped": false}}, {"type": "Feature", "geometry": {"type": "LineString", "coordinates": [[10.8147959, 59.8505672], [10.8146571, 59.8506038]]}, "properties": {"role": "edge", "from": "10876177820", "to": "10876177819", "length": 8.76, "culvert": false, "unmapped": false}}, {"type": "Feature", "geometry": {"type": "LineString", "coordinates": [[10.8146571, 59.8506038], [10.8144458, 59.8506207]]}, "properties": {"role": "edge", "from": "10876177819", "to": "10876177818", "length": 11.95, "culvert": false, "unmapped": false}}, {"type": "Feature", "geometry": {"type": "LineString", "coordinates": [[10.8144458, 59.8506207], [10.8142892, 59.8506178]]}, "properties": {"role": "edge", "from": "10876177818", "to": "10876177817", "length": 8.75, "culvert": false, "unmapped": false}}, {"type": "Feature", "geometry": {"type": "LineString", "coordinates": [[10.8142892, 59.8506178], [10.8140966, 59.850638]]}, "properties": {"role": "edge", "from": "10876177817", "to": "10876177816", "length": 10.99, "culvert": false, "unmapped": false}}, {"type": "Feature", "geometry": {"type": "LineString", "coordinates": [[10.8140966, 59.850638], [10.8139511, 59.8506433]]}, "properties": {"role": "edge", "from": "10876177816", "to": "10876177815", "length": 8.15, "culvert": false, "unmapped": false}}, {"type": "Feature", "geometry": {"type": "LineString", "coordinates": [[10.8139511, 59.8506433], [10.8137728, 59.8506135]]}, "properties": {"role": "edge", "from": "10876177815", "to": "10876177814", "length": 10.49, "culvert": false, "unmapped": false}}, {"type": "Feature", "geometry": {"type": "LineString", "coordinates": [[10.8137728, 59.8506135], [10.8136196, 59.8505986]]}, "properties": {"role": "edge", "from": "10876177814", "to": "10876177833", "length": 8.71, "culvert": false, "unmapped": false}}, {"type": "Feature", "geometry": {"type": "LineString", "coordinates": [[10.8136196, 59.8505986], [10.8134641, 59.850599]]}, "properties": {"role": "edge", "from": "10876177833", "to": "10876177813", "length": 8.68, "culvert": false, "unmapped": false}}, {"type": "Feature", "geometry": {"type": "LineString", "coordinates": [[10.8134641, 59.850599], [10.8132897, 59.8505959]]}, "properties": {"role": "edge", "from": "10876177813", "to": "10876177812", "length": 9.75, "culvert": false, "unmapped": false}}, {"type": "Feature", "geometry": {"type": "LineString", "coordinates": [[10.8132897, 59.8505959], [10.8132099, 59.8506028]]}, "properties": {"role": "edge", "from": "10876177812", "to": "10876177832", "length": 4.52, "culvert": false, "unmapped": false}}, {"type": "Feature", "geometry": {"type": "LineString", "coordinates": [[10.8132099, 59.8506028], [10.813146, 59.8506148]]}, "properties": {"role": "edge", "from": "10876177832", "to": "10876177811", "length": 3.81, "culvert": false, "unmapped": false}}, {"type": "Feature", "geometry": {"type": "LineString", "coordinates": [[10.813146, 59.8506148], [10.8130738, 59.8506204]]}, "properties": {"role": "edge", "from": "10876177811", "to": "10876177834", "length": 4.08, "culvert": false, "unmapped": false}}, {"type": "Feature", "geometry": {"type": "LineString", "coordinates": [[10.8130738, 59.8506204], [10.8129939, 59.8506218]]}, "properties": {"role": "edge", "from": "10876177834", "to": "10876177810", "length": 4.46, "culvert": false, "unmapped": false}}, {"type": "Feature", "geometry": {"type": "LineString", "coordinates": [[10.8129939, 59.8506218], [10.8127588, 59.8506214]]}, "properties": {"role": "edge", "from": "10876177810", "to": "10876177809", "length": 13.13, "culvert": false, "unmapped": false}}, {"type": "Feature", "geometry": {"type": "LineString", "coordinates": [[10.8127588, 59.8506214], [10.8126462, 59.8506231]]}, "properties": {"role": "edge", "from": "10876177809", "to": "10876177835", "length": 6.29, "culvert": false, "unmapped": false}}, {"type": "Feature", "geometry": {"type": "LineString", "coordinates": [[10.8126462, 59.8506231], [10.8125427, 59.850629]]}, "properties": {"role": "edge", "from": "10876177835", "to": "10876177808", "length": 5.82, "culvert": false, "unmapped": false}}, {"type": "Feature", "geometry": {"type": "LineString", "coordinates": [[10.8125427, 59.850629], [10.8124584, 59.8506366]]}, "properties": {"role": "edge", "from": "10876177808", "to": "10876177836", "length": 4.78, "culvert": false, "unmapped": false}}, {"type": "Feature", "geometry": {"type": "LineString", "coordinates": [[10.8124584, 59.8506366], [10.8123532, 59.8506399]]}, "properties": {"role": "edge", "from": "10876177836", "to": "10876177807", "length": 5.89, "culvert": false, "unmapped": false}}, {"type": "Feature", "geometry": {"type": "LineString", "coordinates": [[10.8123532, 59.8506399], [10.8121855, 59.8506304]]}, "properties": {"role": "edge", "from": "10876177807", "to": "10876177805", "length": 9.43, "culvert": false, "unmapped": false}}, {"type": "Feature", "geometry": {"type": "LineString", "coordinates": [[10.8121855, 59.8506304], [10.812028, 59.8506166]]}, "properties": {"role": "edge", "from": "10876177805", "to": "10876177806", "length": 8.93, "culvert": false, "unmapped": false}}, {"type": "Feature", "geometry": {"type": "LineString", "coordinates": [[10.812028, 59.8506166], [10.8118381, 59.8506147]]}, "properties": {"role": "edge", "from": "10876177806", "to": "10876167204", "length": 10.61, "culvert": false, "unmapped": false}}, {"type": "Feature", "geometry": {"type": "LineString", "coordinates": [[10.8118381, 59.8506147], [10.8117529, 59.8506139]]}, "properties": {"role": "edge", "from": "10876167204", "to": "299351188", "length": 4.76, "culvert": false, "unmapped": false}}, {"type": "Feature", "geometry": {"type": "LineString", "coordinates": [[10.8117529, 59.8506139], [10.8116168, 59.8506224]]}, "properties": {"role": "edge", "from": "299351188", "to": "10876167203", "length": 7.66, "culvert": false, "unmapped": false}}, {"type": "Feature", "geometry": {"type": "LineString", "coordinates": [[10.8116168, 59.8506224], [10.8114891, 59.8506354]]}, "properties": {"role": "edge", "from": "10876167203", "to": "10876177837", "length": 7.28, "culvert": false, "unmapped": false}}, {"type": "Feature", "geometry": {"type": "LineString", "coordinates": [[10.8114891, 59.8506354], [10.811358, 59.8506575]]}, "properties": {"role": "edge", "from": "10876177837", "to": "299351186", "length": 7.72, "culvert": false, "unmapped": false}}, {"type": "Feature", "geometry": {"type": "LineString", "coordinates": [[10.811358, 59.8506575], [10.8111591, 59.8506486]]}, "properties": {"role": "edge", "from": "299351186", "to": "10876167202", "length": 11.15, "culvert": false, "unmapped": false}}, {"type": "Feature", "geometry": {"type": "LineString", "coordinates": [[10.8111591, 59.8506486], [10.8110608, 59.8506297]]}, "properties": {"role": "edge", "from": "10876167202", "to": "10876177838", "length": 5.88, "culvert": false, "unmapped": false}}, {"type": "Feature", "geometry": {"type": "LineString", "coordinates": [[10.8110608, 59.8506297], [10.8109614, 59.8506127]]}, "properties": {"role": "edge", "from": "10876177838", "to": "10876167201", "length": 5.86, "culvert": false, "unmapped": false}}, {"type": "Feature", "geometry": {"type": "LineString", "coordinates": [[10.8109614, 59.8506127], [10.8108083, 59.8506115]]}, "properties": {"role": "edge", "from": "10876167201", "to": "10876167200", "length": 8.55, "culvert": false, "unmapped": false}}, {"type": "Feature", "geometry": {"type": "LineString", "coordinates": [[10.8108083, 59.8506115], [10.8106398, 59.8506171]]}, "properties": {"role": "edge", "from": "10876167200", "to": "10876177839", "length": 9.43, "culvert": false, "unmapped": false}}, {"type": "Feature", "geometry": {"type": "LineString", "coordinates": [[10.8106398, 59.8506171], [10.8105333, 59.8506122]]}, "properties": {"role": "edge", "from": "10876177839", "to": "299351185", "length": 5.97, "culvert": false, "unmapped": false}}, {"type": "Feature", "geometry": {"type": "LineString", "coordinates": [[10.8105333, 59.8506122], [10.8104112, 59.8506144]]}, "properties": {"role": "edge", "from": "299351185", "to": "10876177840", "length": 6.82, "culvert": false, "unmapped": false}}, {"type": "Feature", "geometry": {"type": "LineString", "coordinates": [[10.8104112, 59.8506144], [10.8103128, 59.8506212]]}, "properties": {"role": "edge", "from": "10876177840", "to": "10876167199", "length": 5.55, "culvert": false, "unmapped": false}}, {"type": "Feature", "geometry": {"type": "LineString", "coordinates": [[10.8103128, 59.8506212], [10.8101922, 59.8506175]]}, "properties": {"role": "edge", "from": "10876167199", "to": "10876177841", "length": 6.75, "culvert": false, "unmapped": false}}, {"type": "Feature", "geometry": {"type": "LineString", "coordinates": [[10.8101922, 59.8506175], [10.8101088, 59.8506211]]}, "properties": {"role": "edge", "from": "10876177841", "to": "10876167198", "length": 4.67, "culvert": false, "unmapped": false}}, {"type": "Feature", "geometry": {"type": "LineString", "coordinates": [[10.8101088, 59.8506211], [10.809993, 59.8506516]]}, "properties": {"role": "edge", "from": "10876167198", "to": "10876177842", "length": 7.3, "culvert": false, "unmapped": false}}, {"type": "Feature", "geometry": {"type": "LineString", "coordinates": [[10.809993, 59.8506516], [10.8099526, 59.8506622]]}, "properties": {"role": "edge", "from": "10876177842", "to": "10876177843", "length": 2.55, "culvert": false, "unmapped": false}}, {"type": "Feature", "geometry": {"type": "LineString", "coordinates": [[10.8099526, 59.8506622], [10.8099106, 59.8506644]]}, "properties": {"role": "edge", "from": "10876177843", "to": "299351184", "length": 2.36, "culvert": false, "unmapped": false}}, {"type": "Feature", "geometry": {"type": "LineString", "coordinates": [[10.8099106, 59.8506644], [10.8098229, 59.8506521]]}, "properties": {"role": "edge", "from": "299351184", "to": "10876177844", "length": 5.09, "culvert": false, "unmapped": false}}, {"type": "Feature", "geometry": {"type": "LineString", "coordinates": [[10.8098229, 59.8506521], [10.8097481, 59.8506371]]}, "properties": {"role": "edge", "from": "10876177844", "to": "10876167197", "length": 4.5, "culvert": false, "unmapped": false}}, {"type": "Feature", "geometry": {"type": "LineString", "coordinates": [[10.8097481, 59.8506371], [10.8096576, 59.8506351]]}, "properties": {"role": "edge", "from": "10876167197", "to": "10876177845", "length": 5.06, "culvert": false, "unmapped": false}}, {"type": "Feature", "geometry": {"type": "LineString", "coordinates": [[10.8096576, 59.8506351], [10.8095634, 59.8506393]]}, "properties": {"role": "edge", "from": "10876177845", "to": "299351182", "length": 5.28, "culvert": false, "unmapped": false}}, {"type": "Feature", "geometry": {"type": "LineString", "coordinates": [[10.8095634, 59.8506393], [10.8094379, 59.8506495]]}, "properties": {"role": "edge", "from": "299351182", "to": "10876177846", "length": 7.1, "culvert": false, "unmapped": false}}, {"type": "Feature", "geometry": {"type": "LineString", "coordinates": [[10.8094379, 59.8506495], [10.8093324, 59.8506697]]}, "properties": {"role": "edge", "from": "10876177846", "to": "10876167194", "length": 6.31, "culvert": false, "unmapped": false}}, {"type": "Feature", "geometry": {"type": "LineString", "coordinates": [[10.8093324, 59.8506697], [10.8092534, 59.8506751]]}, "properties": {"role": "edge", "from": "10876167194", "to": "10876177847", "length": 4.45, "culvert": false, "unmapped": false}}, {"type": "Feature", "geometry": {"type": "LineString", "coordinates": [[10.8092534, 59.8506751], [10.8091735, 59.8506748]]}, "properties": {"role": "edge", "from": "10876177847", "to": "10876167196", "length": 4.46, "culvert": false, "unmapped": false}}, {"type": "Feature", "geometry": {"type": "LineString", "coordinates": [[10.8091735, 59.8506748], [10.8090938, 59.8506674]]}, "properties": {"role": "edge", "from": "10876167196", "to": "10876177848", "length": 4.53, "culvert": false, "unmapped": false}}, {"type": "Feature", "geometry": {"type": "LineString", "coordinates": [[10.8090938, 59.8506674], [10.8090121, 59.8506521]]}, "properties": {"role": "edge", "from": "10876177848", "to": "10876167193", "length": 4.87, "culvert": false, "unmapped": false}}, {"type": "Feature", "geometry": {"type": "LineString", "coordinates": [[10.8090121, 59.8506521], [10.808893, 59.8506117]]}, "properties": {"role": "edge", "from": "10876167193", "to": "10876167195", "length": 8.03, "culvert": false, "unmapped": false}}, {"type": "Feature", "geometry": {"type": "LineString", "coordinates": [[10.808893, 59.8506117], [10.8088137, 59.8505672]]}, "properties": {"role": "edge", "from": "10876167195", "to": "10876177849", "length": 6.64, "culvert": false, "unmapped": false}}, {"type": "Feature", "geometry": {"type": "LineString", "coordinates": [[10.8088137, 59.8505672], [10.808754, 59.8505187]]}, "properties": {"role": "edge", "from": "10876177849", "to": "10876167191", "length": 6.34, "culvert": false, "unmapped": false}}, {"type": "Feature", "geometry": {"type": "LineString", "coordinates": [[10.808754, 59.8505187], [10.808663, 59.8504432]]}, "properties": {"role": "edge", "from": "10876167191", "to": "10876167192", "length": 9.81, "culvert": false, "unmapped": false}}, {"type": "Feature", "geometry": {"type": "LineString", "coordinates": [[10.808663, 59.8504432], [10.8085558, 59.8503508]]}, "properties": {"role": "edge", "from": "10876167192", "to": "299351180", "length": 11.89, "culvert": false, "unmapped": false}}, {"type": "Feature", "geometry": {"type": "LineString", "coordinates": [[10.8085558, 59.8503508], [10.8084779, 59.8502931]]}, "properties": {"role": "edge", "from": "299351180", "to": "10876177850", "length": 7.75, "culvert": false, "unmapped": false}}, {"type": "Feature", "geometry": {"type": "LineString", "coordinates": [[10.8084779, 59.8502931], [10.8083909, 59.8502353]]}, "properties": {"role": "edge", "from": "10876177850", "to": "299351179", "length": 8.06, "culvert": false, "unmapped": false}}, {"type": "Feature", "geometry": {"type": "LineString", "coordinates": [[10.8083909, 59.8502353], [10.8083642, 59.8501833]]}, "properties": {"role": "edge", "from": "299351179", "to": "10876177851", "length": 5.97, "culvert": false, "unmapped": false}}, {"type": "Feature", "geometry": {"type": "LineString", "coordinates": [[10.8083642, 59.8501833], [10.808352, 59.8501261]]}, "properties": {"role": "edge", "from": "10876177851", "to": "299351178", "length": 6.4, "culvert": false, "unmapped": false}}, {"type": "Feature", "geometry": {"type": "LineString", "coordinates": [[10.808352, 59.8501261], [10.8083465, 59.8500564]]}, "properties": {"role": "edge", "from": "299351178", "to": "10876167190", "length": 7.76, "culvert": false, "unmapped": false}}, {"type": "Feature", "geometry": {"type": "LineString", "coordinates": [[10.8083465, 59.8500564], [10.8083559, 59.8499842]]}, "properties": {"role": "edge", "from": "10876167190", "to": "10876167189", "length": 8.05, "culvert": false, "unmapped": false}}, {"type": "Feature", "geometry": {"type": "LineString", "coordinates": [[10.8083559, 59.8499842], [10.8083175, 59.8499246]]}, "properties": {"role": "edge", "from": "10876167189", "to": "299351177", "length": 6.97, "culvert": false, "unmapped": false}}, {"type": "Feature", "geometry": {"type": "LineString", "coordinates": [[10.8083175, 59.8499246], [10.8082365, 59.8498687]]}, "properties": {"role": "edge", "from": "299351177", "to": "10876177852", "length": 7.69, "culvert": false, "unmapped": false}}, {"type": "Feature", "geometry": {"type": "LineString", "coordinates": [[10.8082365, 59.8498687], [10.8080983, 59.8498003]]}, "properties": {"role": "edge", "from": "10876177852", "to": "10876177853", "length": 10.84, "culvert": false, "unmapped": false}}, {"type": "Feature", "geometry": {"type": "LineString", "coordinates": [[10.8080983, 59.8498003], [10.8079839, 59.8497431]]}, "properties": {"role": "edge", "from": "10876177853", "to": "299351176", "length": 9.02, "culvert": false, "unmapped": false}}, {"type": "Feature", "geometry": {"type": "LineString", "coordinates": [[10.8079839, 59.8497431], [10.807905, 59.8497131]]}, "properties": {"role": "edge", "from": "299351176", "to": "10876177854", "length": 5.53, "culvert": false, "unmapped": false}}, {"type": "Feature", "geometry": {"type": "LineString", "coordinates": [[10.807905, 59.8497131], [10.8078321, 59.8496999]]}, "properties": {"role": "edge", "from": "10876177854", "to": "10876167188", "length": 4.33, "culvert": false, "unmapped": false}}, {"type": "Feature", "geometry": {"type": "LineString", "coordinates": [[10.8078321, 59.8496999], [10.8076019, 59.8496535]]}, "properties": {"role": "edge", "from": "10876167188", "to": "10876167187", "length": 13.85, "culvert": false, "unmapped": false}}, {"type": "Feature", "geometry": {"type": "LineString", "coordinates": [[10.8076019, 59.8496535], [10.8073695, 59.8495655]]}, "properties": {"role": "edge", "from": "10876167187", "to": "299351174", "length": 16.25, "culvert": false, "unmapped": false}}, {"type": "Feature", "geometry": {"type": "LineString", "coordinates": [[10.8073695, 59.8495655], [10.807217, 59.8495124]]}, "properties": {"role": "edge", "from": "299351174", "to": "10876177855", "length": 10.36, "culvert": false, "unmapped": false}}, {"type": "Feature", "geometry": {"type": "LineString", "coordinates": [[10.807217, 59.8495124], [10.8070599, 59.8494512]]}, "properties": {"role": "edge", "from": "10876177855", "to": "10876177856", "length": 11.1, "culvert": false, "unmapped": false}}, {"type": "Feature", "geometry": {"type": "LineString", "coordinates": [[10.8070599, 59.8494512], [10.806936, 59.8494137]]}, "properties": {"role": "edge", "from": "10876177856", "to": "10876177857", "length": 8.08, "culvert": false, "unmapped": false}}, {"type": "Feature", "geometry": {"type": "LineString", "coordinates": [[10.806936, 59.8494137], [10.8068235, 59.8493903]]}, "properties": {"role": "edge", "from": "10876177857", "to": "299351172", "length": 6.8, "culvert": false, "unmapped": false}}, {"type": "Feature", "geometry": {"type": "LineString", "coordinates": [[10.8068235, 59.8493903], [10.8066351, 59.8493737]]}, "properties": {"role": "edge", "from": "299351172", "to": "10876177858", "length": 10.68, "culvert": false, "unmapped": false}}, {"type": "Feature", "geometry": {"type": "LineString", "coordinates": [[10.8066351, 59.8493737], [10.8064754, 59.8493774]]}, "properties": {"role": "edge", "from": "10876177858", "to": "10876177859", "length": 8.93, "culvert": false, "unmapped": false}}, {"type": "Feature", "geometry": {"type": "LineString", "coordinates": [[10.8064754, 59.8493774], [10.8063599, 59.8493709]]}, "properties": {"role": "edge", "from": "10876177859", "to": "10876177860", "length": 6.49, "culvert": false, "unmapped": false}}, {"type": "Feature", "geometry": {"type": "LineString", "coordinates": [[10.8063599, 59.8493709], [10.8062946, 59.8493723]]}, "properties": {"role": "edge", "from": "10876177860", "to": "10876177862", "length": 3.65, "culvert": false, "unmapped": false}}, {"type": "Feature", "geometry": {"type": "LineString", "coordinates": [[10.8062946, 59.8493723], [10.8062476, 59.8493849]]}, "properties": {"role": "edge", "from": "10876177862", "to": "10876177861", "length": 2.98, "culvert": false, "unmapped": false}}, {"type": "Feature", "geometry": {"type": "LineString", "coordinates": [[10.8062476, 59.8493849], [10.8060856, 59.8494032]]}, "properties": {"role": "edge", "from": "10876177861", "to": "10876177863", "length": 9.27, "culvert": false, "unmapped": false}}, {"type": "Feature", "geometry": {"type": "LineString", "coordinates": [[10.8060856, 59.8494032], [10.805881, 59.849394]]}, "properties": {"role": "edge", "from": "10876177863", "to": "299351171", "length": 11.47, "culvert": false, "unmapped": false}}, {"type": "Feature", "geometry": {"type": "LineString", "coordinates": [[10.805881, 59.849394], [10.8057339, 59.849378]]}, "properties": {"role": "edge", "from": "299351171", "to": "10876177865", "length": 8.41, "culvert": false, "unmapped": false}}, {"type": "Feature", "geometry": {"type": "LineString", "coordinates": [[10.8057339, 59.849378], [10.8055828, 59.849384]]}, "properties": {"role": "edge", "from": "10876177865", "to": "10876177864", "length": 8.47, "culvert": false, "unmapped": false}}, {"type": "Feature", "geometry": {"type": "LineString", "coordinates": [[10.8055828, 59.849384], [10.8052933, 59.8494145]]}, "properties": {"role": "edge", "from": "10876177864", "to": "299351169", "length": 16.52, "culvert": false, "unmapped": false}}, {"type": "Feature", "geometry": {"type": "LineString", "coordinates": [[10.8052933, 59.8494145], [10.8051514, 59.8494144]]}, "properties": {"role": "edge", "from": "299351169", "to": "10876177866", "length": 7.93, "culvert": false, "unmapped": false}}, {"type": "Feature", "geometry": {"type": "LineString", "coordinates": [[10.8051514, 59.8494144], [10.805043, 59.8494004]]}, "properties": {"role": "edge", "from": "10876177866", "to": "10876177867", "length": 6.25, "culvert": false, "unmapped": false}}, {"type": "Feature", "geometry": {"type": "LineString", "coordinates": [[10.805043, 59.8494004], [10.804995, 59.8493801]]}, "properties": {"role": "edge", "from": "10876177867", "to": "10876177868", "length": 3.5, "culvert": false, "unmapped": false}}, {"type": "Feature", "geometry": {"type": "LineString", "coordinates": [[10.804995, 59.8493801], [10.8049422, 59.8493446]]}, "properties": {"role": "edge", "from": "10876177868", "to": "299351168", "length": 4.93, "culvert": false, "unmapped": false}}, {"type": "Feature", "geometry": {"type": "LineString", "coordinates": [[10.8049422, 59.8493446], [10.8048934, 59.8492823]]}, "properties": {"role": "edge", "from": "299351168", "to": "1459219159", "length": 7.44, "culvert": false, "unmapped": false}}, {"type": "Feature", "geometry": {"type": "LineString", "coordinates": [[10.8048934, 59.8492823], [10.8048479, 59.8491339]]}, "properties": {"role": "edge", "from": "1459219159", "to": "299351167", "length": 16.7, "culvert": false, "unmapped": false}}, {"type": "Feature", "geometry": {"type": "LineString", "coordinates": [[10.8048479, 59.8491339], [10.8047585, 59.8490514]]}, "properties": {"role": "edge", "from": "299351167", "to": "299351166", "length": 10.44, "culvert": false, "unmapped": false}}, {"type": "Feature", "geometry": {"type": "LineString", "coordinates": [[10.8047585, 59.8490514], [10.8045816, 59.8490061]]}, "properties": {"role": "edge", "from": "299351166", "to": "4929090929", "length": 11.09, "culvert": false, "unmapped": false}}, {"type": "Feature", "geometry": {"type": "LineString", "coordinates": [[10.8045816, 59.8490061], [10.8044725, 59.8489848]]}, "properties": {"role": "edge", "from": "4929090929", "to": "4929090931", "length": 6.54, "culvert": false, "unmapped": false}}, {"type": "Feature", "geometry": {"type": "LineString", "coordinates": [[10.8044725, 59.8489848], [10.8042776, 59.8489643]]}, "properties": {"role": "edge", "from": "4929090931", "to": "4929090930", "length": 11.12, "culvert": false, "unmapped": false}}, {"type": "Feature", "geometry": {"type": "LineString", "coordinates": [[10.8042776, 59.8489643], [10.8041838, 59.8489531]]}, "properties": {"role": "edge", "from": "4929090930", "to": "299351165", "length": 5.38, "culvert": false, "unmapped": false}}, {"type": "Feature", "geometry": {"type": "LineString", "coordinates": [[10.8164038, 59.8510635], [10.8161631, 59.8510141]]}, "properties": {"role": "edge", "from": "6535531065", "to": "6535531064", "length": 14.52, "culvert": true, "unmapped": false}}, {"type": "Feature", "geometry": {"type": "LineString", "coordinates": [[10.8177875, 59.8587463], [10.8178365, 59.8586674]]}, "properties": {"role": "edge", "from": "6596306787", "to": "999766316", "length": 9.19, "culvert": false, "unmapped": false}}, {"type": "Feature", "geometry": {"type": "LineString", "coordinates": [[10.8178365, 59.8586674], [10.81797, 59.8586361]]}, "properties": {"role": "edge", "from": "999766316", "to": "6598085093", "length": 8.23, "culvert": false, "unmapped": false}}, {"type": "Feature", "geometry": {"type": "LineString", "coordinates": [[10.81797, 59.8586361], [10.8181737, 59.8586106]]}, "properties": {"role": "edge", "from": "6598085093", "to": "6598085094", "length": 11.72, "culvert": false, "unmapped": false}}, {"type": "Feature", "geometry": {"type": "LineString", "coordinates": [[10.8181737, 59.8586106], [10.8184481, 59.8586052]]}, "properties": {"role": "edge", "from": "6598085094", "to": "10876435895", "length": 15.33, "culvert": false, "unmapped": false}}, {"type": "Feature", "geometry": {"type": "LineString", "coordinates": [[10.8184481, 59.8586052], [10.818535, 59.8585802]]}, "properties": {"role": "edge", "from": "10876435895", "to": "999766636", "length": 5.59, "culvert": false, "unmapped": false}}, {"type": "Feature", "geometry": {"type": "LineString", "coordinates": [[10.818535, 59.8585802], [10.8185637, 59.8584849]]}, "properties": {"role": "edge", "from": "999766636", "to": "10876435894", "length": 10.72, "culvert": false, "unmapped": false}}, {"type": "Feature", "geometry": {"type": "LineString", "coordinates": [[10.8185637, 59.8584849], [10.818586, 59.8583175]]}, "properties": {"role": "edge", "from": "10876435894", "to": "10876435893", "length": 18.66, "culvert": false, "unmapped": false}}, {"type": "Feature", "geometry": {"type": "LineString", "coordinates": [[10.818586, 59.8583175], [10.8185477, 59.8581696]]}, "properties": {"role": "edge", "from": "10876435893", "to": "999766388", "length": 16.58, "culvert": false, "unmapped": false}}, {"type": "Feature", "geometry": {"type": "LineString", "coordinates": [[10.8185477, 59.8581696], [10.8185636, 59.8581354]]}, "properties": {"role": "edge", "from": "999766388", "to": "10880397498", "length": 3.91, "culvert": false, "unmapped": false}}, {"type": "Feature", "geometry": {"type": "LineString", "coordinates": [[10.8185636, 59.8581354], [10.8186096, 59.8581089]]}, "properties": {"role": "edge", "from": "10880397498", "to": "6598085086", "length": 3.91, "culvert": false, "unmapped": false}}, {"type": "Feature", "geometry": {"type": "LineString", "coordinates": [[10.8186096, 59.8581089], [10.8186516, 59.8580841]]}, "properties": {"role": "edge", "from": "6598085086", "to": "6598085088", "length": 3.62, "culvert": false, "unmapped": false}}, {"type": "Feature", "geometry": {"type": "LineString", "coordinates": [[10.8186516, 59.8580841], [10.8187695, 59.8580681]]}, "properties": {"role": "edge", "from": "6598085088", "to": "6598085087", "length": 6.82, "culvert": false, "unmapped": false}}, {"type": "Feature", "geometry": {"type": "LineString", "coordinates": [[10.8187695, 59.8580681], [10.8187735, 59.8580112]]}, "properties": {"role": "edge", "from": "6598085087", "to": "999766338", "length": 6.33, "culvert": false, "unmapped": false}}, {"type": "Feature", "geometry": {"type": "LineString", "coordinates": [[10.8187735, 59.8580112], [10.8187363, 59.8579503]]}, "properties": {"role": "edge", "from": "999766338", "to": "6598085089", "length": 7.08, "culvert": false, "unmapped": false}}, {"type": "Feature", "geometry": {"type": "LineString", "coordinates": [[10.8187363, 59.8579503], [10.8186827, 59.8578719]]}, "properties": {"role": "edge", "from": "6598085089", "to": "6598085090", "length": 9.22, "culvert": false, "unmapped": false}}, {"type": "Feature", "geometry": {"type": "LineString", "coordinates": [[10.8186827, 59.8578719], [10.8186124, 59.857769]]}, "properties": {"role": "edge", "from": "6598085090", "to": "6598085091", "length": 12.1, "culvert": false, "unmapped": false}}, {"type": "Feature", "geometry": {"type": "LineString", "coordinates": [[10.8186124, 59.857769], [10.8185529, 59.8576219]]}, "properties": {"role": "edge", "from": "6598085091", "to": "10876435891", "length": 16.69, "culvert": false, "unmapped": false}}, {"type": "Feature", "geometry": {"type": "LineString", "coordinates": [[10.8185529, 59.8576219], [10.8185467, 59.8575807]]}, "properties": {"role": "edge", "from": "10876435891", "to": "10876435892", "length": 4.59, "culvert": false, "unmapped": false}}, {"type": "Feature", "geometry": {"type": "LineString", "coordinates": [[10.8185467, 59.8575807], [10.8185712, 59.8575595]]}, "properties": {"role": "edge", "from": "10876435892", "to": "10876435890", "length": 2.73, "culvert": false, "unmapped": false}}, {"type": "Feature", "geometry": {"type": "LineString", "coordinates": [[10.8185712, 59.8575595], [10.8185756, 59.8574907]]}, "properties": {"role": "edge", "from": "10876435890", "to": "10880397497", "length": 7.65, "culvert": false, "unmapped": false}}, {"type": "Feature", "geometry": {"type": "LineString", "coordinates": [[10.8185756, 59.8574907], [10.8185311, 59.857384]]}, "properties": {"role": "edge", "from": "10880397497", "to": "6598085092", "length": 12.12, "culvert": false, "unmapped": false}}, {"type": "Feature", "geometry": {"type": "LineString", "coordinates": [[10.8185311, 59.857384], [10.8184165, 59.8572128]]}, "properties": {"role": "edge", "from": "6598085092", "to": "10876435889", "length": 20.08, "culvert": false, "unmapped": false}}, {"type": "Feature", "geometry": {"type": "LineString", "coordinates": [[10.8184165, 59.8572128], [10.8184568, 59.8570329]]}, "properties": {"role": "edge", "from": "10876435889", "to": "10876435888", "length": 20.13, "culvert": false, "unmapped": false}}, {"type": "Feature", "geometry": {"type": "LineString", "coordinates": [[10.8184568, 59.8570329], [10.8183813, 59.8569771]]}, "properties": {"role": "edge", "from": "10876435888", "to": "10880397496", "length": 7.5, "culvert": false, "unmapped": false}}, {"type": "Feature", "geometry": {"type": "LineString", "coordinates": [[10.8183813, 59.8569771], [10.8182848, 59.8568808]]}, "properties": {"role": "edge", "from": "10880397496", "to": "10876435887", "length": 11.99, "culvert": false, "unmapped": false}}, {"type": "Feature", "geometry": {"type": "LineString", "coordinates": [[10.8182848, 59.8568808], [10.8182551, 59.8568188]]}, "properties": {"role": "edge", "from": "10876435887", "to": "10880397495", "length": 7.09, "culvert": false, "unmapped": false}}, {"type": "Feature", "geometry": {"type": "LineString", "coordinates": [[10.8182551, 59.8568188], [10.8182155, 59.8567481]]}, "properties": {"role": "edge", "from": "10880397495", "to": "999766473", "length": 8.17, "culvert": false, "unmapped": false}}, {"type": "Feature", "geometry": {"type": "LineString", "coordinates": [[10.8182155, 59.8567481], [10.8180854, 59.8565353]]}, "properties": {"role": "edge", "from": "999766473", "to": "10876435885", "length": 24.75, "culvert": false, "unmapped": false}}, {"type": "Feature", "geometry": {"type": "LineString", "coordinates": [[10.8180854, 59.8565353], [10.8180261, 59.8564466]]}, "properties": {"role": "edge", "from": "10876435885", "to": "10876435886", "length": 10.4, "culvert": false, "unmapped": false}}, {"type": "Feature", "geometry": {"type": "LineString", "coordinates": [[10.8180261, 59.8564466], [10.8180152, 59.8563607]]}, "properties": {"role": "edge", "from": "10876435886", "to": "999766562", "length": 9.57, "culvert": false, "unmapped": false}}, {"type": "Feature", "geometry": {"type": "LineString", "coordinates": [[10.8180152, 59.8563607], [10.8178973, 59.856235]]}, "properties": {"role": "edge", "from": "999766562", "to": "10876435884", "length": 15.45, "culvert": false, "unmapped": false}}, {"type": "Feature", "geometry": {"type": "LineString", "coordinates": [[10.8178973, 59.856235], [10.8178931, 59.8561838]]}, "properties": {"role": "edge", "from": "10876435884", "to": "999766346", "length": 5.7, "culvert": false, "unmapped": false}}, {"type": "Feature", "geometry": {"type": "LineString", "coordinates": [[10.8178931, 59.8561838], [10.8179829, 59.8559974]]}, "properties": {"role": "edge", "from": "999766346", "to": "999766326", "length": 21.32, "culvert": false, "unmapped": false}}, {"type": "Feature", "geometry": {"type": "LineString", "coordinates": [[10.8179829, 59.8559974], [10.817961, 59.8558651]]}, "properties": {"role": "edge", "from": "999766326", "to": "10880397494", "length": 14.76, "culvert": false, "unmapped": false}}, {"type": "Feature", "geometry": {"type": "LineString", "coordinates": [[10.817961, 59.8558651], [10.8178977, 59.8556864]]}, "properties": {"role": "edge", "from": "10880397494", "to": "10880397493", "length": 20.18, "culvert": false, "unmapped": false}}, {"type": "Feature", "geometry": {"type": "LineString", "coordinates": [[10.8178977, 59.8556864], [10.8178931, 59.8556121]]}, "properties": {"role": "edge", "from": "10880397493", "to": "10880397492", "length": 8.27, "culvert": false, "unmapped": false}}, {"type": "Feature", "geometry": {"type": "LineString", "coordinates": [[10.8178931, 59.8556121], [10.8178397, 59.8553831]]}, "properties": {"role": "edge", "from": "10880397492", "to": "10880397491", "length": 25.64, "culvert": false, "unmapped": false}}, {"type": "Feature", "geometry": {"type": "LineString", "coordinates": [[10.8178397, 59.8553831], [10.8178051, 59.8552682]]}, "properties": {"role": "edge", "from": "10880397491", "to": "10880397490", "length": 12.92, "culvert": false, "unmapped": false}}, {"type": "Feature", "geometry": {"type": "LineString", "coordinates": [[10.8178051, 59.8552682], [10.8177112, 59.8552011]]}, "properties": {"role": "edge", "from": "10880397490", "to": "10880397489", "length": 9.12, "culvert": false, "unmapped": false}}, {"type": "Feature", "geometry": {"type": "LineString", "coordinates": [[10.8177112, 59.8552011], [10.8176708, 59.8550828]]}, "properties": {"role": "edge", "from": "10880397489", "to": "10880397488", "length": 13.35, "culvert": false, "unmapped": false}}, {"type": "Feature", "geometry": {"type": "LineString", "coordinates": [[10.8176708, 59.8550828], [10.8176991, 59.8549984]]}, "properties": {"role": "edge", "from": "10880397488", "to": "10880397487", "length": 9.52, "culvert": false, "unmapped": false}}, {"type": "Feature", "geometry": {"type": "LineString", "coordinates": [[10.8176991, 59.8549984], [10.8177365, 59.8549294]]}, "properties": {"role": "edge", "from": "10880397487", "to": "10880397486", "length": 7.95, "culvert": false, "unmapped": false}}, {"type": "Feature", "geometry": {"type": "LineString", "coordinates": [[10.8177365, 59.8549294], [10.8177271, 59.8548886]]}, "properties": {"role": "edge", "from": "10880397486", "to": "10880397485", "length": 4.57, "culvert": false, "unmapped": false}}, {"type": "Feature", "geometry": {"type": "LineString", "coordinates": [[10.8177271, 59.8548886], [10.8176921, 59.8547997]]}, "properties": {"role": "edge", "from": "10880397485", "to": "10880397484", "length": 10.08, "culvert": false, "unmapped": false}}, {"type": "Feature", "geometry": {"type": "LineString", "coordinates": [[10.8176921, 59.8547997], [10.8176422, 59.8547172]]}, "properties": {"role": "edge", "from": "10880397484", "to": "999766417", "length": 9.59, "culvert": false, "unmapped": false}}, {"type": "Feature", "geometry": {"type": "LineString", "coordinates": [[10.8176422, 59.8547172], [10.8176458, 59.8546865]]}, "properties": {"role": "edge", "from": "999766417", "to": "10880397483", "length": 3.42, "culvert": false, "unmapped": false}}, {"type": "Feature", "geometry": {"type": "LineString", "coordinates": [[10.8176458, 59.8546865], [10.8177593, 59.8546243]]}, "properties": {"role": "edge", "from": "10880397483", "to": "10880397482", "length": 9.38, "culvert": false, "unmapped": false}}, {"type": "Feature", "geometry": {"type": "LineString", "coordinates": [[10.8177593, 59.8546243], [10.8178973, 59.8546093]]}, "properties": {"role": "edge", "from": "10880397482", "to": "10880397481", "length": 7.88, "culvert": false, "unmapped": false}}, {"type": "Feature", "geometry": {"type": "LineString", "coordinates": [[10.8178973, 59.8546093], [10.8179991, 59.8545672]]}, "properties": {"role": "edge", "from": "10880397481", "to": "999766652", "length": 7.36, "culvert": false, "unmapped": false}}, {"type": "Feature", "geometry": {"type": "LineString", "coordinates": [[10.8179991, 59.8545672], [10.8180575, 59.8543556]]}, "properties": {"role": "edge", "from": "999766652", "to": "10880397480", "length": 23.75, "culvert": false, "unmapped": false}}, {"type": "Feature", "geometry": {"type": "LineString", "coordinates": [[10.8180575, 59.8543556], [10.8181126, 59.8542907]]}, "properties": {"role": "edge", "from": "10880397480", "to": "999766466", "length": 7.85, "culvert": false, "unmapped": false}}, {"type": "Feature", "geometry": {"type": "LineString", "coordinates": [[10.8181126, 59.8542907], [10.8182092, 59.8542466]]}, "properties": {"role": "edge", "from": "999766466", "to": "10880397479", "length": 7.29, "culvert": false, "unmapped": false}}, {"type": "Feature", "geometry": {"type": "LineString", "coordinates": [[10.8182092, 59.8542466], [10.8184102, 59.854195]]}, "properties": {"role": "edge", "from": "10880397479", "to": "999766409", "length": 12.61, "culvert": false, "unmapped": false}}, {"type": "Feature", "geometry": {"type": "LineString", "coordinates": [[10.8184102, 59.854195], [10.8184426, 59.8541472]]}, "properties": {"role": "edge", "from": "999766409", "to": "10880397478", "length": 5.61, "culvert": false, "unmapped": false}}, {"type": "Feature", "geometry": {"type": "LineString", "coordinates": [[10.8184426, 59.8541472], [10.8184468, 59.854071]]}, "properties": {"role": "edge", "from": "10880397478", "to": "10880397477", "length": 8.48, "culvert": false, "unmapped": false}}, {"type": "Feature", "geometry": {"type": "LineString", "coordinates": [[10.8184468, 59.854071], [10.8184313, 59.8539682]]}, "properties": {"role": "edge", "from": "10880397477", "to": "10880397476", "length": 11.46, "culvert": false, "unmapped": false}}, {"type": "Feature", "geometry": {"type": "LineString", "coordinates": [[10.8184313, 59.8539682], [10.818468, 59.8538611]]}, "properties": {"role": "edge", "from": "10880397476", "to": "10880397475", "length": 12.08, "culvert": false, "unmapped": false}}, {"type": "Feature", "geometry": {"type": "LineString", "coordinates": [[10.818468, 59.8538611], [10.818535, 59.8537564]]}, "properties": {"role": "edge", "from": "10880397475", "to": "10880397474", "length": 12.23, "culvert": false, "unmapped": false}}, {"type": "Feature", "geometry": {"type": "LineString", "coordinates": [[10.818535, 59.8537564], [10.8185588, 59.853656]]}, "properties": {"role": "edge", "from": "10880397474", "to": "999766361", "length": 11.24, "culvert": false, "unmapped": false}}, {"type": "Feature", "geometry": {"type": "LineString", "coordinates": [[10.8185588, 59.853656], [10.818609, 59.8535781]]}, "properties": {"role": "edge", "from": "999766361", "to": "10880397473", "length": 9.1, "culvert": false, "unmapped": false}}, {"type": "Feature", "geometry": {"type": "LineString", "coordinates": [[10.818609, 59.8535781], [10.8187144, 59.85344]]}, "properties": {"role": "edge", "from": "10880397473", "to": "10880397472", "length": 16.45, "culvert": false, "unmapped": false}}, {"type": "Feature", "geometry": {"type": "LineString", "coordinates": [[10.8187144, 59.85344], [10.8188152, 59.8533516]]}, "properties": {"role": "edge", "from": "10880397472", "to": "10880397471", "length": 11.33, "culvert": false, "unmapped": false}}, {"type": "Feature", "geometry": {"type": "LineString", "coordinates": [[10.8188152, 59.8533516], [10.8188995, 59.8532714]]}, "properties": {"role": "edge", "from": "10880397471", "to": "10880397470", "length": 10.08, "culvert": false, "unmapped": false}}, {"type": "Feature", "geometry": {"type": "LineString", "coordinates": [[10.8188995, 59.8532714], [10.8190109, 59.8532245]]}, "properties": {"role": "edge", "from": "10880397470", "to": "10880397469", "length": 8.12, "culvert": false, "unmapped": false}}, {"type": "Feature", "geometry": {"type": "LineString", "coordinates": [[10.8190109, 59.8532245], [10.8191223, 59.8531509]]}, "properties": {"role": "edge", "from": "10880397469", "to": "999766502", "length": 10.28, "culvert": false, "unmapped": false}}, {"type": "Feature", "geometry": {"type": "LineString", "coordinates": [[10.8191223, 59.8531509], [10.8191429, 59.853105]]}, "properties": {"role": "edge", "from": "999766502", "to": "10880397467", "length": 5.23, "culvert": false, "unmapped": false}}, {"type": "Feature", "geometry": {"type": "LineString", "coordinates": [[10.8191429, 59.853105], [10.8191591, 59.8530418]]}, "properties": {"role": "edge", "from": "10880397467", "to": "10880397468", "length": 7.09, "culvert": false, "unmapped": false}}, {"type": "Feature", "geometry": {"type": "LineString", "coordinates": [[10.8191591, 59.8530418], [10.819199, 59.8529796]]}, "properties": {"role": "edge", "from": "10880397468", "to": "10880397466", "length": 7.27, "culvert": false, "unmapped": false}}, {"type": "Feature", "geometry": {"type": "LineString", "coordinates": [[10.819199, 59.8529796], [10.8192203, 59.8528907]]}, "properties": {"role": "edge", "from": "10880397466", "to": "10880397465", "length": 9.96, "culvert": false, "unmapped": false}}, {"type": "Feature", "geometry": {"type": "LineString", "coordinates": [[10.8192203, 59.8528907], [10.8193278, 59.852775]]}, "properties": {"role": "edge", "from": "10880397465", "to": "10880397464", "length": 14.2, "culvert": false, "unmapped": false}}, {"type": "Feature", "geometry": {"type": "LineString", "coordinates": [[10.8193278, 59.852775], [10.8193709, 59.8526803]]}, "properties": {"role": "edge", "from": "10880397464", "to": "10880397463", "length": 10.8, "culvert": false, "unmapped": false}}, {"type": "Feature", "geometry": {"type": "LineString", "coordinates": [[10.8193709, 59.8526803], [10.8193907, 59.8526053]]}, "properties": {"role": "edge", "from": "10880397463", "to": "10880397462", "length": 8.41, "culvert": false, "unmapped": false}}, {"type": "Feature", "geometry": {"type": "LineString", "coordinates": [[10.8193907, 59.8526053], [10.819459, 59.8524844]]}, "properties": {"role": "edge", "from": "10880397462", "to": "10880397461", "length": 13.97, "culvert": false, "unmapped": false}}, {"type": "Feature", "geometry": {"type": "LineString", "coordinates": [[10.819459, 59.8524844], [10.8195276, 59.8524124]]}, "properties": {"role": "edge", "from": "10880397461", "to": "10880397460", "length": 8.88, "culvert": false, "unmapped": false}}, {"type": "Feature", "geometry": {"type": "LineString", "coordinates": [[10.8195276, 59.8524124], [10.8195991, 59.8523279]]}, "properties": {"role": "edge", "from": "10880397460", "to": "10880397459", "length": 10.21, "culvert": false, "unmapped": false}}, {"type": "Feature", "geometry": {"type": "LineString", "coordinates": [[10.8195991, 59.8523279], [10.8196743, 59.8522274]]}, "properties": {"role": "edge", "from": "10880397459", "to": "999766436", "length": 11.94, "culvert": false, "unmapped": false}}, {"type": "Feature", "geometry": {"type": "LineString", "coordinates": [[10.8196743, 59.8522274], [10.8196877, 59.852151]]}, "properties": {"role": "edge", "from": "999766436", "to": "10880397458", "length": 8.53, "culvert": false, "unmapped": false}}, {"type": "Feature", "geometry": {"type": "LineString", "coordinates": [[10.8196877, 59.852151], [10.8196944, 59.8520993]]}, "properties": {"role": "edge", "from": "10880397458", "to": "10880397457", "length": 5.76, "culvert": false, "unmapped": false}}, {"type": "Feature", "geometry": {"type": "LineString", "coordinates": [[10.8196944, 59.8520993], [10.8197543, 59.8519811]]}, "properties": {"role": "edge", "from": "10880397457", "to": "10880397456", "length": 13.56, "culvert": false, "unmapped": false}}, {"type": "Feature", "geometry": {"type": "LineString", "coordinates": [[10.8197543, 59.8519811], [10.8198149, 59.8519123]]}, "properties": {"role": "edge", "from": "10880397456", "to": "10880397455", "length": 8.37, "culvert": false, "unmapped": false}}, {"type": "Feature", "geometry": {"type": "LineString", "coordinates": [[10.8198149, 59.8519123], [10.8198595, 59.8518421]]}, "properties": {"role": "edge", "from": "10880397455", "to": "999766528", "length": 8.19, "culvert": false, "unmapped": false}}, {"type": "Feature", "geometry": {"type": "LineString", "coordinates": [[10.8198595, 59.8518421], [10.8198482, 59.8517916]]}, "properties": {"role": "edge", "from": "999766528", "to": "10880397454", "length": 5.65, "culvert": false, "unmapped": false}}, {"type": "Feature", "geometry": {"type": "LineString", "coordinates": [[10.8198482, 59.8517916], [10.8198012, 59.8517421]]}, "properties": {"role": "edge", "from": "10880397454", "to": "999766441", "length": 6.1, "culvert": false, "unmapped": false}}, {"type": "Feature", "geometry": {"type": "LineString", "coordinates": [[10.8198012, 59.8517421], [10.8197172, 59.8517212]]}, "properties": {"role": "edge", "from": "999766441", "to": "10880397453", "length": 5.24, "culvert": false, "unmapped": false}}, {"type": "Feature", "geometry": {"type": "LineString", "coordinates": [[10.8197172, 59.8517212], [10.8195978, 59.8517166]]}, "properties": {"role": "edge", "from": "10880397453", "to": "999766585", "length": 6.69, "culvert": false, "unmapped": false}}, {"type": "Feature", "geometry": {"type": "LineString", "coordinates": [[10.8195978, 59.8517166], [10.8195545, 59.8517241]]}, "properties": {"role": "edge", "from": "999766585", "to": "13358066899", "length": 2.56, "culvert": false, "unmapped": false}}, {"type": "Feature", "geometry": {"type": "LineString", "coordinates": [[10.8195545, 59.8517241], [10.8194688, 59.8517389]]}, "properties": {"role": "edge", "from": "13358066899", "to": "10880397452", "length": 5.06, "culvert": false, "unmapped": false}}, {"type": "Feature", "geometry": {"type": "LineString", "coordinates": [[10.8194688, 59.8517389], [10.8193295, 59.8517649]]}, "properties": {"role": "edge", "from": "10880397452", "to": "999766608", "length": 8.3, "culvert": false, "unmapped": false}}, {"type": "Feature", "geometry": {"type": "LineString", "coordinates": [[10.8193295, 59.8517649], [10.8191331, 59.851737]]}, "properties": {"role": "edge", "from": "999766608", "to": "10880397451", "length": 11.4, "culvert": false, "unmapped": false}}, {"type": "Feature", "geometry": {"type": "LineString", "coordinates": [[10.8191331, 59.851737], [10.8189522, 59.8517096]]}, "properties": {"role": "edge", "from": "10880397451", "to": "10880397449", "length": 10.55, "culvert": false, "unmapped": false}}, {"type": "Feature", "geometry": {"type": "LineString", "coordinates": [[10.8189522, 59.8517096], [10.8188772, 59.8516956]]}, "properties": {"role": "edge", "from": "10880397449", "to": "999766672", "length": 4.47, "culvert": false, "unmapped": false}}, {"type": "Feature", "geometry": {"type": "LineString", "coordinates": [[10.8188772, 59.8516956], [10.818839, 59.851678]]}, "properties": {"role": "edge", "from": "999766672", "to": "10880397450", "length": 2.9, "culvert": false, "unmapped": false}}, {"type": "Feature", "geometry": {"type": "LineString", "coordinates": [[10.818839, 59.851678], [10.8187357, 59.8516028]]}, "properties": {"role": "edge", "from": "10880397450", "to": "10880397448", "length": 10.16, "culvert": false, "unmapped": false}}, {"type": "Feature", "geometry": {"type": "LineString", "coordinates": [[10.8187357, 59.8516028], [10.8186309, 59.851528]]}, "properties": {"role": "edge", "from": "10880397448", "to": "999766377", "length": 10.17, "culvert": false, "unmapped": false}}, {"type": "Feature", "geometry": {"type": "LineString", "coordinates": [[10.8186309, 59.851528], [10.8185642, 59.8515004]]}, "properties": {"role": "edge", "from": "999766377", "to": "996426990", "length": 4.83, "culvert": false, "unmapped": false}}, {"type": "Feature", "geometry": {"type": "LineString", "coordinates": [[10.8185642, 59.8515004], [10.8184904, 59.8514782]]}, "properties": {"role": "edge", "from": "996426990", "to": "6595922307", "length": 4.8, "culvert": false, "unmapped": false}}, {"type": "Feature", "geometry": {"type": "LineString", "coordinates": [[10.8184904, 59.8514782], [10.8184415, 59.851462]]}, "properties": {"role": "edge", "from": "6595922307", "to": "6595922309", "length": 3.27, "culvert": false, "unmapped": false}}, {"type": "Feature", "geometry": {"type": "LineString", "coordinates": [[10.8184415, 59.851462], [10.8183943, 59.8514526]]}, "properties": {"role": "edge", "from": "6595922309", "to": "6595922310", "length": 2.84, "culvert": false, "unmapped": false}}, {"type": "Feature", "geometry": {"type": "LineString", "coordinates": [[10.8183943, 59.8514526], [10.8181335, 59.8514568]]}, "properties": {"role": "edge", "from": "6595922310", "to": "6595922311", "length": 14.57, "culvert": false, "unmapped": false}}, {"type": "Feature", "geometry": {"type": "LineString", "coordinates": [[10.8181335, 59.8514568], [10.8179264, 59.8514501]]}, "properties": {"role": "edge", "from": "6595922311", "to": "10880397447", "length": 11.59, "culvert": false, "unmapped": false}}, {"type": "Feature", "geometry": {"type": "LineString", "coordinates": [[10.8179264, 59.8514501], [10.817708, 59.8514386]]}, "properties": {"role": "edge", "from": "10880397447", "to": "999766613", "length": 12.26, "culvert": false, "unmapped": false}}, {"type": "Feature", "geometry": {"type": "LineString", "coordinates": [[10.817708, 59.8514386], [10.8175512, 59.8514103]]}, "properties": {"role": "edge", "from": "999766613", "to": "10880397446", "length": 9.31, "culvert": false, "unmapped": false}}, {"type": "Feature", "geometry": {"type": "LineString", "coordinates": [[10.8175512, 59.8514103], [10.8173968, 59.8513419]]}, "properties": {"role": "edge", "from": "10880397446", "to": "10880397445", "length": 11.5, "culvert": false, "unmapped": false}}, {"type": "Feature", "geometry": {"type": "LineString", "coordinates": [[10.8173968, 59.8513419], [10.8172592, 59.8513359]]}, "properties": {"role": "edge", "from": "10880397445", "to": "10880397444", "length": 7.71, "culvert": false, "unmapped": false}}, {"type": "Feature", "geometry": {"type": "LineString", "coordinates": [[10.8172592, 59.8513359], [10.8170538, 59.8512967]]}, "properties": {"role": "edge", "from": "10880397444", "to": "999766318", "length": 12.27, "culvert": false, "unmapped": false}}, {"type": "Feature", "geometry": {"type": "LineString", "coordinates": [[10.8170538, 59.8512967], [10.8169647, 59.8512494]]}, "properties": {"role": "edge", "from": "999766318", "to": "10880397443", "length": 7.24, "culvert": false, "unmapped": false}}, {"type": "Feature", "geometry": {"type": "LineString", "coordinates": [[10.8169647, 59.8512494], [10.8168926, 59.8511828]]}, "properties": {"role": "edge", "from": "10880397443", "to": "10880397442", "length": 8.43, "culvert": false, "unmapped": false}}, {"type": "Feature", "geometry": {"type": "LineString", "coordinates": [[10.8168926, 59.8511828], [10.816747, 59.8511481]]}, "properties": {"role": "edge", "from": "10880397442", "to": "6535531063", "length": 9.0, "culvert": false, "unmapped": false}}, {"type": "Feature", "geometry": {"type": "LineString", "coordinates": [[10.816747, 59.8511481], [10.8164038, 59.8510635]]}, "properties": {"role": "edge", "from": "6535531063", "to": "6535531065", "length": 21.35, "culvert": false, "unmapped": false}}, {"type": "Feature", "geometry": {"type": "LineString", "coordinates": [[10.8346147, 59.8618008], [10.8344967, 59.8617712]]}, "properties": {"role": "edge", "from": "6596964030", "to": "6596964031", "length": 7.36, "culvert": true, "unmapped": false}}, {"type": "Feature", "geometry": {"type": "LineString", "coordinates": [[10.8352098, 59.8619234], [10.8350373, 59.8619068]]}, "properties": {"role": "edge", "from": "999766413", "to": "6596964028", "length": 9.81, "culvert": false, "unmapped": false}}, {"type": "Feature", "geometry": {"type": "LineString", "coordinates": [[10.8350373, 59.8619068], [10.8348514, 59.8618804]]}, "properties": {"role": "edge", "from": "6596964028", "to": "2684939338", "length": 10.79, "culvert": false, "unmapped": false}}, {"type": "Feature", "geometry": {"type": "LineString", "coordinates": [[10.8348514, 59.8618804], [10.8347448, 59.861843]]}, "properties": {"role": "edge", "from": "2684939338", "to": "6596964029", "length": 7.26, "culvert": false, "unmapped": false}}, {"type": "Feature", "geometry": {"type": "LineString", "coordinates": [[10.8347448, 59.861843], [10.8346147, 59.8618008]]}, "properties": {"role": "edge", "from": "6596964029", "to": "6596964030", "length": 8.65, "culvert": false, "unmapped": false}}, {"type": "Feature", "geometry": {"type": "LineString", "coordinates": [[10.8281532, 59.8618212], [10.8279765, 59.8618387]]}, "properties": {"role": "edge", "from": "6597158991", "to": "6597158990", "length": 10.06, "culvert": true, "unmapped": false}}, {"type": "Feature", "geometry": {"type": "LineString", "coordinates": [[10.8320253, 59.8620809], [10.8318862, 59.8620895]]}, "properties": {"role": "edge", "from": "6302785787", "to": "12025507958", "length": 7.82, "culvert": false, "unmapped": false}}, {"type": "Feature", "geometry": {"type": "LineString", "coordinates": [[10.8318862, 59.8620895], [10.8318526, 59.8620769]]}, "properties": {"role": "edge", "from": "12025507958", "to": "999766661", "length": 2.34, "culvert": false, "unmapped": false}}, {"type": "Feature", "geometry": {"type": "LineString", "coordinates": [[10.8318526, 59.8620769], [10.8317873, 59.8620233]]}, "properties": {"role": "edge", "from": "999766661", "to": "6302785788", "length": 6.99, "culvert": false, "unmapped": false}}, {"type": "Feature", "geometry": {"type": "LineString", "coordinates": [[10.8317873, 59.8620233], [10.8317385, 59.8619723]]}, "properties": {"role": "edge", "from": "6302785788", "to": "999766588", "length": 6.29, "culvert": false, "unmapped": false}}, {"type": "Feature", "geometry": {"type": "LineString", "coordinates": [[10.8317385, 59.8619723], [10.831659, 59.8619634]]}, "properties": {"role": "edge", "from": "999766588", "to": "6302785484", "length": 4.55, "culvert": false, "unmapped": false}}, {"type": "Feature", "geometry": {"type": "LineString", "coordinates": [[10.831659, 59.8619634], [10.8313928, 59.8619428]]}, "properties": {"role": "edge", "from": "6302785484", "to": "6302785785", "length": 15.04, "culvert": false, "unmapped": false}}, {"type": "Feature", "geometry": {"type": "LineString", "coordinates": [[10.8313928, 59.8619428], [10.8312654, 59.8619251]]}, "properties": {"role": "edge", "from": "6302785785", "to": "10880400605", "length": 7.38, "culvert": false, "unmapped": false}}, {"type": "Feature", "geometry": {"type": "LineString", "coordinates": [[10.8312654, 59.8619251], [10.8311552, 59.861916]]}, "properties": {"role": "edge", "from": "10880400605", "to": "10880397504", "length": 6.24, "culvert": false, "unmapped": false}}, {"type": "Feature", "geometry": {"type": "LineString", "coordinates": [[10.8311552, 59.861916], [10.8310188, 59.8619419]]}, "properties": {"role": "edge", "from": "10880397504", "to": "6302785483", "length": 8.14, "culvert": false, "unmapped": false}}, {"type": "Feature", "geometry": {"type": "LineString", "coordinates": [[10.8310188, 59.8619419], [10.8304174, 59.8619392]]}, "properties": {"role": "edge", "from": "6302785483", "to": "10880397503", "length": 33.58, "culvert": false, "unmapped": false}}, {"type": "Feature", "geometry": {"type": "LineString", "coordinates": [[10.8304174, 59.8619392], [10.8303363, 59.8618444]]}, "properties": {"role": "edge", "from": "10880397503", "to": "999766364", "length": 11.47, "culvert": false, "unmapped": false}}, {"type": "Feature", "geometry": {"type": "LineString", "coordinates": [[10.8303363, 59.8618444], [10.8298722, 59.8617984]]}, "properties": {"role": "edge", "from": "999766364", "to": "6597517896", "length": 26.41, "culvert": false, "unmapped": false}}, {"type": "Feature", "geometry": {"type": "LineString", "coordinates": [[10.8298722, 59.8617984], [10.8295747, 59.8617814]]}, "properties": {"role": "edge", "from": "6597517896", "to": "6597517895", "length": 16.72, "culvert": false, "unmapped": false}}, {"type": "Feature", "geometry": {"type": "LineString", "coordinates": [[10.8295747, 59.8617814], [10.8293703, 59.8617804]]}, "properties": {"role": "edge", "from": "6597517895", "to": "999766301", "length": 11.41, "culvert": false, "unmapped": false}}, {"type": "Feature", "geometry": {"type": "LineString", "coordinates": [[10.8293703, 59.8617804], [10.8290016, 59.8618524]]}, "properties": {"role": "edge", "from": "999766301", "to": "999766443", "length": 22.09, "culvert": false, "unmapped": false}}, {"type": "Feature", "geometry": {"type": "LineString", "coordinates": [[10.8290016, 59.8618524], [10.8286375, 59.8618501]]}, "properties": {"role": "edge", "from": "999766443", "to": "10880397502", "length": 20.33, "culvert": false, "unmapped": false}}, {"type": "Feature", "geometry": {"type": "LineString", "coordinates": [[10.8286375, 59.8618501], [10.8284094, 59.861837]]}, "properties": {"role": "edge", "from": "10880397502", "to": "6597517894", "length": 12.82, "culvert": false, "unmapped": false}}, {"type": "Feature", "geometry": {"type": "LineString", "coordinates": [[10.8284094, 59.861837], [10.8283391, 59.8618283]]}, "properties": {"role": "edge", "from": "6597517894", "to": "999766384", "length": 4.04, "culvert": false, "unmapped": false}}, {"type": "Feature", "geometry": {"type": "LineString", "coordinates": [[10.8283391, 59.8618283], [10.8281532, 59.8618212]]}, "properties": {"role": "edge", "from": "999766384", "to": "6597158991", "length": 10.41, "culvert": false, "unmapped": false}}, {"type": "Feature", "geometry": {"type": "LineString", "coordinates": [[10.8512923, 59.8664173], [10.8511582, 59.8661918]]}, "properties": {"role": "edge", "from": "7435703327", "to": "7435703326", "length": 26.17, "culvert": true, "unmapped": false}}, {"type": "Feature", "geometry": {"type": "LineString", "coordinates": [[10.8513983, 59.8670306], [10.8514036, 59.8669041]]}, "properties": {"role": "edge", "from": "257433602", "to": "7435703318", "length": 14.07, "culvert": false, "unmapped": false}}, {"type": "Feature", "geometry": {"type": "LineString", "coordinates": [[10.8514036, 59.8669041], [10.8513902, 59.86676]]}, "properties": {"role": "edge", "from": "7435703318", "to": "7435703317", "length": 16.04, "culvert": false, "unmapped": false}}, {"type": "Feature", "geometry": {"type": "LineString", "coordinates": [[10.8513902, 59.86676], [10.8513674, 59.8666193]]}, "properties": {"role": "edge", "from": "7435703317", "to": "7435703319", "length": 15.7, "culvert": false, "unmapped": false}}, {"type": "Feature", "geometry": {"type": "LineString", "coordinates": [[10.8513674, 59.8666193], [10.8512923, 59.8664173]]}, "properties": {"role": "edge", "from": "7435703319", "to": "7435703327", "length": 22.85, "culvert": false, "unmapped": false}}, {"type": "Feature", "geometry": {"type": "Point", "coordinates": [10.8511582, 59.8661918]}, "properties": {"role": "node", "id": "7435703326", "dist_to_outlet_m": 4656.433552653674, "observable": true, "access": false}}, {"type": "Feature", "geometry": {"type": "Point", "coordinates": [10.8511377, 59.8661196]}, "properties": {"role": "node", "id": "999766607", "dist_to_outlet_m": 4648.324130337244, "observable": true, "access": true}}, {"type": "Feature", "geometry": {"type": "Point", "coordinates": [10.8510549, 59.8660288]}, "properties": {"role": "node", "id": "7435703325", "dist_to_outlet_m": 4637.219939243375, "observable": true, "access": false}}, {"type": "Feature", "geometry": {"type": "Point", "coordinates": [10.8509959, 59.8659783]}, "properties": {"role": "node", "id": "7435703324", "dist_to_outlet_m": 4630.70999168188, "observable": true, "access": false}}, {"type": "Feature", "geometry": {"type": "Point", "coordinates": [10.8509262, 59.865915]}, "properties": {"role": "node", "id": "7435703323", "dist_to_outlet_m": 4622.667539054751, "observable": true, "access": false}}, {"type": "Feature", "geometry": {"type": "Point", "coordinates": [10.8508564, 59.8658364]}, "properties": {"role": "node", "id": "12025589074", "dist_to_outlet_m": 4613.098402952879, "observable": true, "access": false}}, {"type": "Feature", "geometry": {"type": "Point", "coordinates": [10.8505306, 59.8655306]}, "properties": {"role": "node", "id": "7435703322", "dist_to_outlet_m": 4574.536708263402, "observable": true, "access": false}}, {"type": "Feature", "geometry": {"type": "Point", "coordinates": [10.8504592, 59.865457]}, "properties": {"role": "node", "id": "8347002982", "dist_to_outlet_m": 4565.433769384011, "observable": true, "access": false}}, {"type": "Feature", "geometry": {"type": "Point", "coordinates": [10.8503533, 59.8653533]}, "properties": {"role": "node", "id": "12025589081", "dist_to_outlet_m": 4552.475748496729, "observable": true, "access": false}}, {"type": "Feature", "geometry": {"type": "Point", "coordinates": [10.8502758, 59.865268]}, "properties": {"role": "node", "id": "7435703321", "dist_to_outlet_m": 4542.05072939392, "observable": true, "access": true}}, {"type": "Feature", "geometry": {"type": "Point", "coordinates": [10.8502383, 59.8652141]}, "properties": {"role": "node", "id": "12025589080", "dist_to_outlet_m": 4535.7022481417525, "observable": true, "access": false}}, {"type": "Feature", "geometry": {"type": "Point", "coordinates": [10.8501611, 59.865139]}, "properties": {"role": "node", "id": "12025589079", "dist_to_outlet_m": 4526.30503880928, "observable": true, "access": false}}, {"type": "Feature", "geometry": {"type": "Point", "coordinates": [10.8501344, 59.8651229]}, "properties": {"role": "node", "id": "12025589078", "dist_to_outlet_m": 4523.975544298883, "observable": true, "access": false}}, {"type": "Feature", "geometry": {"type": "Point", "coordinates": [10.8500384, 59.8650189]}, "properties": {"role": "node", "id": "7435703320", "dist_to_outlet_m": 4511.229859563343, "observable": true, "access": false}}, {"type": "Feature", "geometry": {"type": "Point", "coordinates": [10.8499969, 59.8649658]}, "properties": {"role": "node", "id": "12025589076", "dist_to_outlet_m": 4504.887174079865, "observable": true, "access": false}}, {"type": "Feature", "geometry": {"type": "Point", "coordinates": [10.8499763, 59.8649316]}, "properties": {"role": "node", "id": "12025589075", "dist_to_outlet_m": 4500.914234556925, "observable": true, "access": false}}, {"type": "Feature", "geometry": {"type": "Point", "coordinates": [10.849961, 59.8648975]}, "properties": {"role": "node", "id": "12025589077", "dist_to_outlet_m": 4497.027480961214, "observable": true, "access": false}}, {"type": "Feature", "geometry": {"type": "Point", "coordinates": [10.8499299, 59.8648522]}, "properties": {"role": "node", "id": "12025576991", "dist_to_outlet_m": 4491.699548896965, "observable": true, "access": false}}, {"type": "Feature", "geometry": {"type": "Point", "coordinates": [10.8498182, 59.8647604]}, "properties": {"role": "node", "id": "12025589073", "dist_to_outlet_m": 4479.737954965696, "observable": true, "access": false}}, {"type": "Feature", "geometry": {"type": "Point", "coordinates": [10.8497583, 59.8647212]}, "properties": {"role": "node", "id": "12025576992", "dist_to_outlet_m": 4474.244218906568, "observable": true, "access": false}}, {"type": "Feature", "geometry": {"type": "Point", "coordinates": [10.8497292, 59.8646688]}, "properties": {"role": "node", "id": "12025589072", "dist_to_outlet_m": 4468.195381798447, "observable": true, "access": false}}, {"type": "Feature", "geometry": {"type": "Point", "coordinates": [10.8496613, 59.8645918]}, "properties": {"role": "node", "id": "12025576989", "dist_to_outlet_m": 4458.831838820639, "observable": true, "access": false}}, {"type": "Feature", "geometry": {"type": "Point", "coordinates": [10.8495987, 59.8645293]}, "properties": {"role": "node", "id": "12025589071", "dist_to_outlet_m": 4451.052982153545, "observable": true, "access": false}}, {"type": "Feature", "geometry": {"type": "Point", "coordinates": [10.8495448, 59.8645025]}, "properties": {"role": "node", "id": "12025589070", "dist_to_outlet_m": 4446.818075512093, "observable": true, "access": false}}, {"type": "Feature", "geometry": {"type": "Point", "coordinates": [10.8495265, 59.8644851]}, "properties": {"role": "node", "id": "12025576990", "dist_to_outlet_m": 4444.630135271658, "observable": true, "access": false}}, {"type": "Feature", "geometry": {"type": "Point", "coordinates": [10.8494344, 59.864394]}, "properties": {"role": "node", "id": "12025589069", "dist_to_outlet_m": 4433.27016170645, "observable": true, "access": true}}, {"type": "Feature", "geometry": {"type": "Point", "coordinates": [10.8492778, 59.8642728]}, "properties": {"role": "node", "id": "12025526068", "dist_to_outlet_m": 4417.20617483046, "observable": true, "access": false}}, {"type": "Feature", "geometry": {"type": "Point", "coordinates": [10.8492411, 59.8642232]}, "properties": {"role": "node", "id": "12025526067", "dist_to_outlet_m": 4411.322660185625, "observable": true, "access": false}}, {"type": "Feature", "geometry": {"type": "Point", "coordinates": [10.8491632, 59.8641372]}, "properties": {"role": "node", "id": "999766549", "dist_to_outlet_m": 4400.817489000688, "observable": true, "access": false}}, {"type": "Feature", "geometry": {"type": "Point", "coordinates": [10.8491009, 59.8640495]}, "properties": {"role": "node", "id": "12025576988", "dist_to_outlet_m": 4390.464055133019, "observable": true, "access": false}}, {"type": "Feature", "geometry": {"type": "Point", "coordinates": [10.8488865, 59.8638895]}, "properties": {"role": "node", "id": "12025576987", "dist_to_outlet_m": 4369.021451197526, "observable": true, "access": false}}, {"type": "Feature", "geometry": {"type": "Point", "coordinates": [10.8486044, 59.8636294]}, "properties": {"role": "node", "id": "2641370008", "dist_to_outlet_m": 4336.089873636352, "observable": true, "access": false}}, {"type": "Feature", "geometry": {"type": "Point", "coordinates": [10.848458, 59.8634598]}, "properties": {"role": "node", "id": "999766501", "dist_to_outlet_m": 4315.536350439882, "observable": true, "access": true}}, {"type": "Feature", "geometry": {"type": "Point", "coordinates": [10.8482788, 59.8632921]}, "properties": {"role": "node", "id": "12025526065", "dist_to_outlet_m": 4294.374855679333, "observable": true, "access": false}}, {"type": "Feature", "geometry": {"type": "Point", "coordinates": [10.8482235, 59.8632622]}, "properties": {"role": "node", "id": "4353129562", "dist_to_outlet_m": 4289.837801631007, "observable": true, "access": false}}, {"type": "Feature", "geometry": {"type": "Point", "coordinates": [10.8481165, 59.8631884]}, "properties": {"role": "node", "id": "4353129561", "dist_to_outlet_m": 4279.687713593973, "observable": true, "access": false}}, {"type": "Feature", "geometry": {"type": "Point", "coordinates": [10.848003, 59.8631612]}, "properties": {"role": "node", "id": "13358035279", "dist_to_outlet_m": 4272.6664948145935, "observable": true, "access": false}}, {"type": "Feature", "geometry": {"type": "Point", "coordinates": [10.8479448, 59.8631473]}, "properties": {"role": "node", "id": "999766622", "dist_to_outlet_m": 4269.068456740436, "observable": true, "access": false}}, {"type": "Feature", "geometry": {"type": "Point", "coordinates": [10.8478066, 59.8631547]}, "properties": {"role": "node", "id": "12025576986", "dist_to_outlet_m": 4261.309368641561, "observable": true, "access": false}}, {"type": "Feature", "geometry": {"type": "Point", "coordinates": [10.8477149, 59.8631567]}, "properties": {"role": "node", "id": "12025526060", "dist_to_outlet_m": 4256.185177079005, "observable": true, "access": false}}, {"type": "Feature", "geometry": {"type": "Point", "coordinates": [10.8475623, 59.8631554]}, "properties": {"role": "node", "id": "2641370000", "dist_to_outlet_m": 4247.664704863295, "observable": true, "access": false}}, {"type": "Feature", "geometry": {"type": "Point", "coordinates": [10.847387, 59.8631498]}, "properties": {"role": "node", "id": "8347009219", "dist_to_outlet_m": 4237.85838809927, "observable": true, "access": false}}, {"type": "Feature", "geometry": {"type": "Point", "coordinates": [10.8472078, 59.8631345]}, "properties": {"role": "node", "id": "999766304", "dist_to_outlet_m": 4227.710506285148, "observable": true, "access": false}}, {"type": "Feature", "geometry": {"type": "Point", "coordinates": [10.8470092, 59.8630638]}, "properties": {"role": "node", "id": "12025526059", "dist_to_outlet_m": 4214.1189071099825, "observable": true, "access": false}}, {"type": "Feature", "geometry": {"type": "Point", "coordinates": [10.8467379, 59.8629737]}, "properties": {"role": "node", "id": "7771168839", "dist_to_outlet_m": 4195.959193678072, "observable": true, "access": true}}, {"type": "Feature", "geometry": {"type": "Point", "coordinates": [10.8465947, 59.8629377]}, "properties": {"role": "node", "id": "7771168840", "dist_to_outlet_m": 4187.018474613663, "observable": true, "access": false}}, {"type": "Feature", "geometry": {"type": "Point", "coordinates": [10.8464597, 59.8628966]}, "properties": {"role": "node", "id": "12025526058", "dist_to_outlet_m": 4178.2043744057655, "observable": true, "access": false}}, {"type": "Feature", "geometry": {"type": "Point", "coordinates": [10.8463252, 59.8628592]}, "properties": {"role": "node", "id": "999766536", "dist_to_outlet_m": 4169.620826098331, "observable": true, "access": false}}, {"type": "Feature", "geometry": {"type": "Point", "coordinates": [10.8459109, 59.8628462]}, "properties": {"role": "node", "id": "12025576985", "dist_to_outlet_m": 4146.446237801654, "observable": true, "access": false}}, {"type": "Feature", "geometry": {"type": "Point", "coordinates": [10.845695, 59.8628311]}, "properties": {"role": "node", "id": "12025526057", "dist_to_outlet_m": 4134.2766233410875, "observable": true, "access": false}}, {"type": "Feature", "geometry": {"type": "Point", "coordinates": [10.8455653, 59.8628164]}, "properties": {"role": "node", "id": "999766590", "dist_to_outlet_m": 4126.8535480115925, "observable": true, "access": false}}, {"type": "Feature", "geometry": {"type": "Point", "coordinates": [10.8451772, 59.8627682]}, "properties": {"role": "node", "id": "12025576984", "dist_to_outlet_m": 4104.533691325271, "observable": true, "access": false}}, {"type": "Feature", "geometry": {"type": "Point", "coordinates": [10.8448965, 59.8627163]}, "properties": {"role": "node", "id": "2631972171", "dist_to_outlet_m": 4087.8339217690136, "observable": true, "access": true}}, {"type": "Feature", "geometry": {"type": "Point", "coordinates": [10.8447464, 59.8626935]}, "properties": {"role": "node", "id": "12025576983", "dist_to_outlet_m": 4079.07901648515, "observable": true, "access": false}}, {"type": "Feature", "geometry": {"type": "Point", "coordinates": [10.8445478, 59.8626317]}, "properties": {"role": "node", "id": "999766444", "dist_to_outlet_m": 4066.0347004704486, "observable": true, "access": false}}, {"type": "Feature", "geometry": {"type": "Point", "coordinates": [10.8444014, 59.8625539]}, "properties": {"role": "node", "id": "12025576982", "dist_to_outlet_m": 4054.1333854660174, "observable": true, "access": false}}, {"type": "Feature", "geometry": {"type": "Point", "coordinates": [10.8442633, 59.8624482]}, "properties": {"role": "node", "id": "2631972169", "dist_to_outlet_m": 4040.0769728286277, "observable": true, "access": false}}, {"type": "Feature", "geometry": {"type": "Point", "coordinates": [10.8441832, 59.8623283]}, "properties": {"role": "node", "id": "2631972166", "dist_to_outlet_m": 4026.014715208171, "observable": true, "access": false}}, {"type": "Feature", "geometry": {"type": "Point", "coordinates": [10.8441691, 59.8621746]}, "properties": {"role": "node", "id": "2631972163", "dist_to_outlet_m": 4008.905935904111, "observable": true, "access": false}}, {"type": "Feature", "geometry": {"type": "Point", "coordinates": [10.8441202, 59.8621465]}, "properties": {"role": "node", "id": "2631972162", "dist_to_outlet_m": 4004.7567089514832, "observable": true, "access": false}}, {"type": "Feature", "geometry": {"type": "Point", "coordinates": [10.8439261, 59.8621182]}, "properties": {"role": "node", "id": "12025526056", "dist_to_outlet_m": 3993.4726367139524, "observable": true, "access": false}}, {"type": "Feature", "geometry": {"type": "Point", "coordinates": [10.8436944, 59.8620642]}, "properties": {"role": "node", "id": "999766650", "dist_to_outlet_m": 3979.2113581821077, "observable": true, "access": false}}, {"type": "Feature", "geometry": {"type": "Point", "coordinates": [10.8435755, 59.8618889]}, "properties": {"role": "node", "id": "999766583", "dist_to_outlet_m": 3958.619592821362, "observable": true, "access": true}}, {"type": "Feature", "geometry": {"type": "Point", "coordinates": [10.8435203, 59.8618744]}, "properties": {"role": "node", "id": "2631972161", "dist_to_outlet_m": 3955.1415193071657, "observable": true, "access": false}}, {"type": "Feature", "geometry": {"type": "Point", "coordinates": [10.8431543, 59.8618742]}, "properties": {"role": "node", "id": "12025576981", "dist_to_outlet_m": 3934.7079281813194, "observable": true, "access": false}}, {"type": "Feature", "geometry": {"type": "Point", "coordinates": [10.8428878, 59.861891]}, "properties": {"role": "node", "id": "999766359", "dist_to_outlet_m": 3919.7125687952384, "observable": true, "access": false}}, {"type": "Feature", "geometry": {"type": "Point", "coordinates": [10.8427344, 59.861883]}, "properties": {"role": "node", "id": "12058799065", "dist_to_outlet_m": 3911.102259366786, "observable": true, "access": false}}, {"type": "Feature", "geometry": {"type": "Point", "coordinates": [10.8424392, 59.8618589]}, "properties": {"role": "node", "id": "2631972160", "dist_to_outlet_m": 3894.404956713258, "observable": true, "access": false}}, {"type": "Feature", "geometry": {"type": "Point", "coordinates": [10.842192, 59.861845]}, "properties": {"role": "node", "id": "12025576974", "dist_to_outlet_m": 3880.5176287904355, "observable": true, "access": false}}, {"type": "Feature", "geometry": {"type": "Point", "coordinates": [10.8419623, 59.861808]}, "properties": {"role": "node", "id": "12025576980", "dist_to_outlet_m": 3867.049784523382, "observable": true, "access": false}}, {"type": "Feature", "geometry": {"type": "Point", "coordinates": [10.841705, 59.8617873]}, "properties": {"role": "node", "id": "12025576973", "dist_to_outlet_m": 3852.501595776922, "observable": true, "access": true}}, {"type": "Feature", "geometry": {"type": "Point", "coordinates": [10.8413584, 59.8617968]}, "properties": {"role": "node", "id": "12025576979", "dist_to_outlet_m": 3833.1222484151267, "observable": true, "access": false}}, {"type": "Feature", "geometry": {"type": "Point", "coordinates": [10.8411189, 59.8617827]}, "properties": {"role": "node", "id": "12025576972", "dist_to_outlet_m": 3819.6594551216444, "observable": true, "access": false}}, {"type": "Feature", "geometry": {"type": "Point", "coordinates": [10.8408072, 59.8617417]}, "properties": {"role": "node", "id": "999766670", "dist_to_outlet_m": 3801.6700849357694, "observable": true, "access": false}}, {"type": "Feature", "geometry": {"type": "Point", "coordinates": [10.8407111, 59.8617375]}, "properties": {"role": "node", "id": "12025576975", "dist_to_outlet_m": 3796.284565424981, "observable": true, "access": false}}, {"type": "Feature", "geometry": {"type": "Point", "coordinates": [10.8406385, 59.861741]}, "properties": {"role": "node", "id": "12025576978", "dist_to_outlet_m": 3792.212689510737, "observable": true, "access": false}}, {"type": "Feature", "geometry": {"type": "Point", "coordinates": [10.8404683, 59.8617796]}, "properties": {"role": "node", "id": "12025576976", "dist_to_outlet_m": 3781.7860778009854, "observable": true, "access": false}}, {"type": "Feature", "geometry": {"type": "Point", "coordinates": [10.8399392, 59.8617772]}, "properties": {"role": "node", "id": "12025576977", "dist_to_outlet_m": 3752.2454247207975, "observable": true, "access": false}}, {"type": "Feature", "geometry": {"type": "Point", "coordinates": [10.8394834, 59.8617874]}, "properties": {"role": "node", "id": "999766438", "dist_to_outlet_m": 3726.7730275711474, "observable": true, "access": true}}, {"type": "Feature", "geometry": {"type": "Point", "coordinates": [10.8393591, 59.8617975]}, "properties": {"role": "node", "id": "12058799064", "dist_to_outlet_m": 3719.743121530882, "observable": true, "access": false}}, {"type": "Feature", "geometry": {"type": "Point", "coordinates": [10.8392068, 59.8618531]}, "properties": {"role": "node", "id": "12058799063", "dist_to_outlet_m": 3709.230234633303, "observable": true, "access": false}}, {"type": "Feature", "geometry": {"type": "Point", "coordinates": [10.8386682, 59.861898]}, "properties": {"role": "node", "id": "12058799062", "dist_to_outlet_m": 3678.748831993756, "observable": true, "access": false}}, {"type": "Feature", "geometry": {"type": "Point", "coordinates": [10.838401, 59.8619154]}, "properties": {"role": "node", "id": "12058799061", "dist_to_outlet_m": 3663.706270751206, "observable": true, "access": false}}, {"type": "Feature", "geometry": {"type": "Point", "coordinates": [10.8381901, 59.8619028]}, "properties": {"role": "node", "id": "999766531", "dist_to_outlet_m": 3651.8487879687764, "observable": true, "access": false}}, {"type": "Feature", "geometry": {"type": "Point", "coordinates": [10.8377637, 59.8618605]}, "properties": {"role": "node", "id": "12058799060", "dist_to_outlet_m": 3627.5828985946064, "observable": true, "access": false}}, {"type": "Feature", "geometry": {"type": "Point", "coordinates": [10.837067, 59.8618094]}, "properties": {"role": "node", "id": "12058799059", "dist_to_outlet_m": 3588.273642064908, "observable": true, "access": true}}, {"type": "Feature", "geometry": {"type": "Point", "coordinates": [10.8369666, 59.8617703]}, "properties": {"role": "node", "id": "999766299", "dist_to_outlet_m": 3581.179843950004, "observable": true, "access": false}}, {"type": "Feature", "geometry": {"type": "Point", "coordinates": [10.8368641, 59.8617601]}, "properties": {"role": "node", "id": "12058799056", "dist_to_outlet_m": 3575.345992884783, "observable": true, "access": false}}, {"type": "Feature", "geometry": {"type": "Point", "coordinates": [10.8367759, 59.8617861]}, "properties": {"role": "node", "id": "12058799058", "dist_to_outlet_m": 3569.635848402453, "observable": true, "access": false}}, {"type": "Feature", "geometry": {"type": "Point", "coordinates": [10.8366874, 59.861831]}, "properties": {"role": "node", "id": "12058799057", "dist_to_outlet_m": 3562.6116595774556, "observable": true, "access": false}}, {"type": "Feature", "geometry": {"type": "Point", "coordinates": [10.8364268, 59.8618473]}, "properties": {"role": "node", "id": "999766616", "dist_to_outlet_m": 3547.9500283702114, "observable": true, "access": false}}, {"type": "Feature", "geometry": {"type": "Point", "coordinates": [10.8363367, 59.8618589]}, "properties": {"role": "node", "id": "999766381", "dist_to_outlet_m": 3542.757050096497, "observable": true, "access": false}}, {"type": "Feature", "geometry": {"type": "Point", "coordinates": [10.8039177, 59.8488879]}, "properties": {"role": "node", "id": "299351638", "dist_to_outlet_m": 211.36930811142898, "observable": true, "access": false}}, {"type": "Feature", "geometry": {"type": "Point", "coordinates": [10.8038649, 59.8488864]}, "properties": {"role": "node", "id": "299351486", "dist_to_outlet_m": 208.41564916555495, "observable": true, "access": false}}, {"type": "Feature", "geometry": {"type": "Point", "coordinates": [10.8037335, 59.8488882]}, "properties": {"role": "node", "id": "4929090928", "dist_to_outlet_m": 201.0740665620104, "observable": true, "access": true}}, {"type": "Feature", "geometry": {"type": "Point", "coordinates": [10.8035367, 59.8488868]}, "properties": {"role": "node", "id": "299351297", "dist_to_outlet_m": 190.08143899532558, "observable": true, "access": false}}, {"type": "Feature", "geometry": {"type": "Point", "coordinates": [10.8033914, 59.8489025]}, "properties": {"role": "node", "id": "4929090927", "dist_to_outlet_m": 181.78060195499032, "observable": true, "access": false}}, {"type": "Feature", "geometry": {"type": "Point", "coordinates": [10.8032121, 59.8489304]}, "properties": {"role": "node", "id": "4929090926", "dist_to_outlet_m": 171.29694336622313, "observable": true, "access": false}}, {"type": "Feature", "geometry": {"type": "Point", "coordinates": [10.8031029, 59.848943]}, "properties": {"role": "node", "id": "4929090925", "dist_to_outlet_m": 165.0391391753712, "observable": true, "access": false}}, {"type": "Feature", "geometry": {"type": "Point", "coordinates": [10.802999, 59.8489474]}, "properties": {"role": "node", "id": "4929090924", "dist_to_outlet_m": 159.2156161190221, "observable": true, "access": false}}, {"type": "Feature", "geometry": {"type": "Point", "coordinates": [10.8029071, 59.8489413]}, "properties": {"role": "node", "id": "4929090922", "dist_to_outlet_m": 154.03827140463994, "observable": true, "access": false}}, {"type": "Feature", "geometry": {"type": "Point", "coordinates": [10.8028508, 59.8489208]}, "properties": {"role": "node", "id": "4929090923", "dist_to_outlet_m": 150.15452506104248, "observable": true, "access": false}}, {"type": "Feature", "geometry": {"type": "Point", "coordinates": [10.80283, 59.8488901]}, "properties": {"role": "node", "id": "299351444", "dist_to_outlet_m": 146.54858560915875, "observable": true, "access": false}}, {"type": "Feature", "geometry": {"type": "Point", "coordinates": [10.802824, 59.8488068]}, "properties": {"role": "node", "id": "4929090921", "dist_to_outlet_m": 137.27998829437678, "observable": true, "access": false}}, {"type": "Feature", "geometry": {"type": "Point", "coordinates": [10.802798, 59.8487476]}, "properties": {"role": "node", "id": "4929090820", "dist_to_outlet_m": 130.53898214738769, "observable": true, "access": false}}, {"type": "Feature", "geometry": {"type": "Point", "coordinates": [10.8027574, 59.8486864]}, "properties": {"role": "node", "id": "1139932572", "dist_to_outlet_m": 123.36600010630934, "observable": true, "access": false}}, {"type": "Feature", "geometry": {"type": "Point", "coordinates": [10.8027062, 59.8486597]}, "properties": {"role": "node", "id": "4929090819", "dist_to_outlet_m": 119.24389881501375, "observable": true, "access": false}}, {"type": "Feature", "geometry": {"type": "Point", "coordinates": [10.8026442, 59.8486406]}, "properties": {"role": "node", "id": "299351301", "dist_to_outlet_m": 115.1816799749254, "observable": true, "access": false}}, {"type": "Feature", "geometry": {"type": "Point", "coordinates": [10.8024792, 59.8486363]}, "properties": {"role": "node", "id": "4929090818", "dist_to_outlet_m": 105.953759892416, "observable": true, "access": false}}, {"type": "Feature", "geometry": {"type": "Point", "coordinates": [10.8022858, 59.8486425]}, "properties": {"role": "node", "id": "299351446", "dist_to_outlet_m": 95.1300703327165, "observable": true, "access": false}}, {"type": "Feature", "geometry": {"type": "Point", "coordinates": [10.8022219, 59.8486479]}, "properties": {"role": "node", "id": "10876408897", "dist_to_outlet_m": 91.51099066751912, "observable": true, "access": false}}, {"type": "Feature", "geometry": {"type": "Point", "coordinates": [10.8021716, 59.848658]}, "properties": {"role": "node", "id": "10876408896", "dist_to_outlet_m": 88.48548897553954, "observable": true, "access": false}}, {"type": "Feature", "geometry": {"type": "Point", "coordinates": [10.8020703, 59.8486887]}, "properties": {"role": "node", "id": "1139932730", "dist_to_outlet_m": 81.8776470662122, "observable": true, "access": false}}, {"type": "Feature", "geometry": {"type": "Point", "coordinates": [10.8019871, 59.8487253]}, "properties": {"role": "node", "id": "10876408895", "dist_to_outlet_m": 75.70059745846937, "observable": true, "access": false}}, {"type": "Feature", "geometry": {"type": "Point", "coordinates": [10.8019139, 59.8487736]}, "properties": {"role": "node", "id": "10876408898", "dist_to_outlet_m": 68.9508562502156, "observable": true, "access": true}}, {"type": "Feature", "geometry": {"type": "Point", "coordinates": [10.8018839, 59.8488199]}, "properties": {"role": "node", "id": "1139932330", "dist_to_outlet_m": 63.53673654355384, "observable": true, "access": false}}, {"type": "Feature", "geometry": {"type": "Point", "coordinates": [10.8018778, 59.8488797]}, "properties": {"role": "node", "id": "10876408899", "dist_to_outlet_m": 56.878557741222764, "observable": true, "access": false}}, {"type": "Feature", "geometry": {"type": "Point", "coordinates": [10.8018316, 59.8489386]}, "properties": {"role": "node", "id": "1139932515", "dist_to_outlet_m": 49.83920581522642, "observable": true, "access": false}}, {"type": "Feature", "geometry": {"type": "Point", "coordinates": [10.8017721, 59.8490049]}, "properties": {"role": "node", "id": "10876408901", "dist_to_outlet_m": 41.75261533177507, "observable": true, "access": false}}, {"type": "Feature", "geometry": {"type": "Point", "coordinates": [10.801728, 59.8490745]}, "properties": {"role": "node", "id": "10876408900", "dist_to_outlet_m": 33.630964358995136, "observable": true, "access": false}}, {"type": "Feature", "geometry": {"type": "Point", "coordinates": [10.8016548, 59.8491434]}, "properties": {"role": "node", "id": "1139932405", "dist_to_outlet_m": 24.94706832383865, "observable": true, "access": false}}, {"type": "Feature", "geometry": {"type": "Point", "coordinates": [10.8014089, 59.8492075]}, "properties": {"role": "node", "id": "10876408902", "dist_to_outlet_m": 9.47395634825799, "observable": true, "access": false}}, {"type": "Feature", "geometry": {"type": "Point", "coordinates": [10.8012934, 59.8492699]}, "properties": {"role": "node", "id": "1139932562", "dist_to_outlet_m": 0.0, "observable": true, "access": false}}, {"type": "Feature", "geometry": {"type": "Point", "coordinates": [10.8041838, 59.8489531]}, "properties": {"role": "node", "id": "299351165", "dist_to_outlet_m": 227.9053379362846, "observable": true, "access": false}}, {"type": "Feature", "geometry": {"type": "Point", "coordinates": [10.8279765, 59.8618387]}, "properties": {"role": "node", "id": "6597158990", "dist_to_outlet_m": 2964.3531872508997, "observable": true, "access": false}}, {"type": "Feature", "geometry": {"type": "Point", "coordinates": [10.82785, 59.8618497]}, "properties": {"role": "node", "id": "12058799036", "dist_to_outlet_m": 2957.185619570908, "observable": true, "access": false}}, {"type": "Feature", "geometry": {"type": "Point", "coordinates": [10.8277215, 59.8618548]}, "properties": {"role": "node", "id": "999766534", "dist_to_outlet_m": 2949.9891515820614, "observable": true, "access": false}}, {"type": "Feature", "geometry": {"type": "Point", "coordinates": [10.8275303, 59.8618372]}, "properties": {"role": "node", "id": "999766471", "dist_to_outlet_m": 2939.136637758182, "observable": true, "access": false}}, {"type": "Feature", "geometry": {"type": "Point", "coordinates": [10.8272151, 59.861846]}, "properties": {"role": "node", "id": "12058799035", "dist_to_outlet_m": 2921.5119931257277, "observable": true, "access": false}}, {"type": "Feature", "geometry": {"type": "Point", "coordinates": [10.826988, 59.8618681]}, "properties": {"role": "node", "id": "999766619", "dist_to_outlet_m": 2908.597167479168, "observable": true, "access": false}}, {"type": "Feature", "geometry": {"type": "Point", "coordinates": [10.8268819, 59.8618904]}, "properties": {"role": "node", "id": "12058799034", "dist_to_outlet_m": 2902.175598627604, "observable": true, "access": false}}, {"type": "Feature", "geometry": {"type": "Point", "coordinates": [10.8267543, 59.8619172]}, "properties": {"role": "node", "id": "999766557", "dist_to_outlet_m": 2894.4535833385676, "observable": true, "access": false}}, {"type": "Feature", "geometry": {"type": "Point", "coordinates": [10.8266613, 59.8619166]}, "properties": {"role": "node", "id": "6597158988", "dist_to_outlet_m": 2889.261022429366, "observable": true, "access": false}}, {"type": "Feature", "geometry": {"type": "Point", "coordinates": [10.8265567, 59.8619032]}, "properties": {"role": "node", "id": "6597158989", "dist_to_outlet_m": 2883.2341769658087, "observable": true, "access": true}}, {"type": "Feature", "geometry": {"type": "Point", "coordinates": [10.8263606, 59.8618971]}, "properties": {"role": "node", "id": "999766334", "dist_to_outlet_m": 2872.2650386848422, "observable": true, "access": false}}, {"type": "Feature", "geometry": {"type": "Point", "coordinates": [10.8262935, 59.8618759]}, "properties": {"role": "node", "id": "12058799033", "dist_to_outlet_m": 2867.838901329447, "observable": true, "access": false}}, {"type": "Feature", "geometry": {"type": "Point", "coordinates": [10.8262171, 59.8618306]}, "properties": {"role": "node", "id": "6597158985", "dist_to_outlet_m": 2861.238440353384, "observable": true, "access": false}}, {"type": "Feature", "geometry": {"type": "Point", "coordinates": [10.8261924, 59.8618155]}, "properties": {"role": "node", "id": "6597158983", "dist_to_outlet_m": 2859.0657003951364, "observable": true, "access": false}}, {"type": "Feature", "geometry": {"type": "Point", "coordinates": [10.8261231, 59.861792]}, "properties": {"role": "node", "id": "6597158984", "dist_to_outlet_m": 2854.396945936375, "observable": true, "access": false}}, {"type": "Feature", "geometry": {"type": "Point", "coordinates": [10.8260512, 59.8617701]}, "properties": {"role": "node", "id": "999766645", "dist_to_outlet_m": 2849.701901964269, "observable": true, "access": false}}, {"type": "Feature", "geometry": {"type": "Point", "coordinates": [10.8259375, 59.8617451]}, "properties": {"role": "node", "id": "6597158986", "dist_to_outlet_m": 2842.772064222001, "observable": true, "access": false}}, {"type": "Feature", "geometry": {"type": "Point", "coordinates": [10.8257057, 59.8616966]}, "properties": {"role": "node", "id": "6597158987", "dist_to_outlet_m": 2828.752011383974, "observable": true, "access": false}}, {"type": "Feature", "geometry": {"type": "Point", "coordinates": [10.8254924, 59.8616404]}, "properties": {"role": "node", "id": "12058799032", "dist_to_outlet_m": 2815.3034351422693, "observable": true, "access": false}}, {"type": "Feature", "geometry": {"type": "Point", "coordinates": [10.8253664, 59.8616222]}, "properties": {"role": "node", "id": "999766414", "dist_to_outlet_m": 2807.983556731129, "observable": true, "access": false}}, {"type": "Feature", "geometry": {"type": "Point", "coordinates": [10.8251197, 59.8615479]}, "properties": {"role": "node", "id": "10880397499", "dist_to_outlet_m": 2791.9224439051027, "observable": true, "access": false}}, {"type": "Feature", "geometry": {"type": "Point", "coordinates": [10.824993, 59.8614887]}, "properties": {"role": "node", "id": "999766497", "dist_to_outlet_m": 2782.2596685250414, "observable": true, "access": false}}, {"type": "Feature", "geometry": {"type": "Point", "coordinates": [10.8249188, 59.8614426]}, "properties": {"role": "node", "id": "10880397500", "dist_to_outlet_m": 2775.6689279184952, "observable": true, "access": true}}, {"type": "Feature", "geometry": {"type": "Point", "coordinates": [10.8248859, 59.8613643]}, "properties": {"role": "node", "id": "10880397501", "dist_to_outlet_m": 2766.7707188783183, "observable": true, "access": false}}, {"type": "Feature", "geometry": {"type": "Point", "coordinates": [10.8248613, 59.861325]}, "properties": {"role": "node", "id": "12058799031", "dist_to_outlet_m": 2762.1900141556503, "observable": true, "access": false}}, {"type": "Feature", "geometry": {"type": "Point", "coordinates": [10.8248047, 59.86128]}, "properties": {"role": "node", "id": "999766647", "dist_to_outlet_m": 2756.271962192173, "observable": true, "access": false}}, {"type": "Feature", "geometry": {"type": "Point", "coordinates": [10.8246478, 59.8611933]}, "properties": {"role": "node", "id": "12058799030", "dist_to_outlet_m": 2743.24601038141, "observable": true, "access": false}}, {"type": "Feature", "geometry": {"type": "Point", "coordinates": [10.8244025, 59.8610849]}, "properties": {"role": "node", "id": "12058799029", "dist_to_outlet_m": 2725.001890111663, "observable": true, "access": false}}, {"type": "Feature", "geometry": {"type": "Point", "coordinates": [10.8243257, 59.8610343]}, "properties": {"role": "node", "id": "999766580", "dist_to_outlet_m": 2717.927826453931, "observable": true, "access": false}}, {"type": "Feature", "geometry": {"type": "Point", "coordinates": [10.8242553, 59.8610055]}, "properties": {"role": "node", "id": "12058799028", "dist_to_outlet_m": 2712.85789153194, "observable": true, "access": false}}, {"type": "Feature", "geometry": {"type": "Point", "coordinates": [10.824142, 59.8609819]}, "properties": {"role": "node", "id": "999766356", "dist_to_outlet_m": 2706.0095193104416, "observable": true, "access": false}}, {"type": "Feature", "geometry": {"type": "Point", "coordinates": [10.8240655, 59.8609902]}, "properties": {"role": "node", "id": "6597158981", "dist_to_outlet_m": 2701.63987503556, "observable": true, "access": false}}, {"type": "Feature", "geometry": {"type": "Point", "coordinates": [10.8239981, 59.8609963]}, "properties": {"role": "node", "id": "999766666", "dist_to_outlet_m": 2697.8162275529353, "observable": true, "access": false}}, {"type": "Feature", "geometry": {"type": "Point", "coordinates": [10.8238808, 59.8610732]}, "properties": {"role": "node", "id": "6597158982", "dist_to_outlet_m": 2687.0455918791645, "observable": true, "access": false}}, {"type": "Feature", "geometry": {"type": "Point", "coordinates": [10.8238169, 59.8610911]}, "properties": {"role": "node", "id": "999766434", "dist_to_outlet_m": 2682.9603348284645, "observable": true, "access": false}}, {"type": "Feature", "geometry": {"type": "Point", "coordinates": [10.8236964, 59.8611151]}, "properties": {"role": "node", "id": "6597158979", "dist_to_outlet_m": 2675.72275858356, "observable": true, "access": false}}, {"type": "Feature", "geometry": {"type": "Point", "coordinates": [10.8235591, 59.8611287]}, "properties": {"role": "node", "id": "6597158980", "dist_to_outlet_m": 2667.909457933732, "observable": true, "access": false}}, {"type": "Feature", "geometry": {"type": "Point", "coordinates": [10.8233916, 59.8611525]}, "properties": {"role": "node", "id": "6597158978", "dist_to_outlet_m": 2658.1905692092187, "observable": true, "access": false}}, {"type": "Feature", "geometry": {"type": "Point", "coordinates": [10.8233216, 59.8611493]}, "properties": {"role": "node", "id": "6597158977", "dist_to_outlet_m": 2654.2662578027152, "observable": true, "access": false}}, {"type": "Feature", "geometry": {"type": "Point", "coordinates": [10.8232592, 59.8611469]}, "properties": {"role": "node", "id": "999766378", "dist_to_outlet_m": 2650.772217689762, "observable": true, "access": false}}, {"type": "Feature", "geometry": {"type": "Point", "coordinates": [10.8232042, 59.8611219]}, "properties": {"role": "node", "id": "6597158976", "dist_to_outlet_m": 2646.630138475413, "observable": true, "access": true}}, {"type": "Feature", "geometry": {"type": "Point", "coordinates": [10.8230775, 59.8610572]}, "properties": {"role": "node", "id": "6597158975", "dist_to_outlet_m": 2636.5407292680984, "observable": true, "access": false}}, {"type": "Feature", "geometry": {"type": "Point", "coordinates": [10.8229825, 59.8609961]}, "properties": {"role": "node", "id": "999766524", "dist_to_outlet_m": 2627.921548492065, "observable": true, "access": false}}, {"type": "Feature", "geometry": {"type": "Point", "coordinates": [10.8229569, 59.8608496]}, "properties": {"role": "node", "id": "6597158909", "dist_to_outlet_m": 2611.568910309587, "observable": true, "access": false}}, {"type": "Feature", "geometry": {"type": "Point", "coordinates": [10.8229449, 59.8608332]}, "properties": {"role": "node", "id": "999766461", "dist_to_outlet_m": 2609.6261363324497, "observable": true, "access": false}}, {"type": "Feature", "geometry": {"type": "Point", "coordinates": [10.8229037, 59.8607862]}, "properties": {"role": "node", "id": "6597158973", "dist_to_outlet_m": 2603.9161537766036, "observable": true, "access": false}}, {"type": "Feature", "geometry": {"type": "Point", "coordinates": [10.8228551, 59.8607648]}, "properties": {"role": "node", "id": "12058799023", "dist_to_outlet_m": 2600.3071504720842, "observable": true, "access": false}}, {"type": "Feature", "geometry": {"type": "Point", "coordinates": [10.8227973, 59.8607496]}, "properties": {"role": "node", "id": "999766612", "dist_to_outlet_m": 2596.664279852941, "observable": true, "access": false}}, {"type": "Feature", "geometry": {"type": "Point", "coordinates": [10.8226249, 59.8607362]}, "properties": {"role": "node", "id": "6597158974", "dist_to_outlet_m": 2586.924310067218, "observable": true, "access": false}}, {"type": "Feature", "geometry": {"type": "Point", "coordinates": [10.8224798, 59.8607483]}, "properties": {"role": "node", "id": "999766551", "dist_to_outlet_m": 2578.712212275937, "observable": true, "access": false}}, {"type": "Feature", "geometry": {"type": "Point", "coordinates": [10.8223734, 59.8607897]}, "properties": {"role": "node", "id": "6597158972", "dist_to_outlet_m": 2571.196835155846, "observable": true, "access": false}}, {"type": "Feature", "geometry": {"type": "Point", "coordinates": [10.8221509, 59.8609163]}, "properties": {"role": "node", "id": "999766323", "dist_to_outlet_m": 2552.422208141212, "observable": true, "access": false}}, {"type": "Feature", "geometry": {"type": "Point", "coordinates": [10.8218328, 59.860873]}, "properties": {"role": "node", "id": "999766641", "dist_to_outlet_m": 2534.0212637446402, "observable": true, "access": false}}, {"type": "Feature", "geometry": {"type": "Point", "coordinates": [10.8214548, 59.8608747]}, "properties": {"role": "node", "id": "6597152575", "dist_to_outlet_m": 2512.9162500392167, "observable": true, "access": true}}, {"type": "Feature", "geometry": {"type": "Point", "coordinates": [10.8210562, 59.8608802]}, "properties": {"role": "node", "id": "999766402", "dist_to_outlet_m": 2490.6535622814763, "observable": true, "access": false}}, {"type": "Feature", "geometry": {"type": "Point", "coordinates": [10.8209461, 59.8608907]}, "properties": {"role": "node", "id": "6597158970", "dist_to_outlet_m": 2484.3966589621778, "observable": true, "access": false}}, {"type": "Feature", "geometry": {"type": "Point", "coordinates": [10.8208536, 59.8609101]}, "properties": {"role": "node", "id": "6597158971", "dist_to_outlet_m": 2478.799855797769, "observable": true, "access": false}}, {"type": "Feature", "geometry": {"type": "Point", "coordinates": [10.8207741, 59.8609225]}, "properties": {"role": "node", "id": "999766349", "dist_to_outlet_m": 2474.1520570872913, "observable": true, "access": false}}, {"type": "Feature", "geometry": {"type": "Point", "coordinates": [10.8207232, 59.8609167]}, "properties": {"role": "node", "id": "6596306790", "dist_to_outlet_m": 2471.2379935764484, "observable": true, "access": false}}, {"type": "Feature", "geometry": {"type": "Point", "coordinates": [10.8206789, 59.8608918]}, "properties": {"role": "node", "id": "6596306791", "dist_to_outlet_m": 2467.5254078346743, "observable": true, "access": false}}, {"type": "Feature", "geometry": {"type": "Point", "coordinates": [10.8206615, 59.8608766]}, "properties": {"role": "node", "id": "6597158897", "dist_to_outlet_m": 2465.5759495117322, "observable": true, "access": false}}, {"type": "Feature", "geometry": {"type": "Point", "coordinates": [10.8206625, 59.8608293]}, "properties": {"role": "node", "id": "6597158896", "dist_to_outlet_m": 2460.316133159938, "observable": true, "access": false}}, {"type": "Feature", "geometry": {"type": "Point", "coordinates": [10.8206501, 59.8608029]}, "properties": {"role": "node", "id": "6597158895", "dist_to_outlet_m": 2457.3000562424695, "observable": true, "access": false}}, {"type": "Feature", "geometry": {"type": "Point", "coordinates": [10.8206162, 59.8607795]}, "properties": {"role": "node", "id": "6596306792", "dist_to_outlet_m": 2454.0825354356652, "observable": true, "access": false}}, {"type": "Feature", "geometry": {"type": "Point", "coordinates": [10.8205924, 59.8607662]}, "properties": {"role": "node", "id": "6597158892", "dist_to_outlet_m": 2452.0943723431446, "observable": true, "access": false}}, {"type": "Feature", "geometry": {"type": "Point", "coordinates": [10.8205787, 59.8607322]}, "properties": {"role": "node", "id": "6597158891", "dist_to_outlet_m": 2448.2371453538194, "observable": true, "access": false}}, {"type": "Feature", "geometry": {"type": "Point", "coordinates": [10.8205532, 59.8607084]}, "properties": {"role": "node", "id": "6597158893", "dist_to_outlet_m": 2445.2320557507487, "observable": true, "access": false}}, {"type": "Feature", "geometry": {"type": "Point", "coordinates": [10.8204737, 59.8606581]}, "properties": {"role": "node", "id": "6597158894", "dist_to_outlet_m": 2438.091748073381, "observable": true, "access": false}}, {"type": "Feature", "geometry": {"type": "Point", "coordinates": [10.8203965, 59.8606159]}, "properties": {"role": "node", "id": "999766478", "dist_to_outlet_m": 2431.7201993964595, "observable": true, "access": false}}, {"type": "Feature", "geometry": {"type": "Point", "coordinates": [10.8203049, 59.8605786]}, "properties": {"role": "node", "id": "10876457414", "dist_to_outlet_m": 2425.1355870871434, "observable": true, "access": false}}, {"type": "Feature", "geometry": {"type": "Point", "coordinates": [10.8201994, 59.8605791]}, "properties": {"role": "node", "id": "10876457413", "dist_to_outlet_m": 2419.2450882538246, "observable": true, "access": false}}, {"type": "Feature", "geometry": {"type": "Point", "coordinates": [10.8200355, 59.8605408]}, "properties": {"role": "node", "id": "10876457412", "dist_to_outlet_m": 2409.151804228549, "observable": true, "access": false}}, {"type": "Feature", "geometry": {"type": "Point", "coordinates": [10.8199998, 59.8605013]}, "properties": {"role": "node", "id": "999766492", "dist_to_outlet_m": 2404.3285031183404, "observable": true, "access": false}}, {"type": "Feature", "geometry": {"type": "Point", "coordinates": [10.8199413, 59.8604433]}, "properties": {"role": "node", "id": "10876457411", "dist_to_outlet_m": 2397.0993019724256, "observable": true, "access": false}}, {"type": "Feature", "geometry": {"type": "Point", "coordinates": [10.8200006, 59.8604006]}, "properties": {"role": "node", "id": "999766643", "dist_to_outlet_m": 2391.3109232943166, "observable": true, "access": false}}, {"type": "Feature", "geometry": {"type": "Point", "coordinates": [10.8199905, 59.8603671]}, "properties": {"role": "node", "id": "10876457410", "dist_to_outlet_m": 2387.543452645633, "observable": true, "access": false}}, {"type": "Feature", "geometry": {"type": "Point", "coordinates": [10.8198543, 59.8602717]}, "properties": {"role": "node", "id": "10876457409", "dist_to_outlet_m": 2374.4914274028497, "observable": true, "access": true}}, {"type": "Feature", "geometry": {"type": "Point", "coordinates": [10.8197694, 59.8601579]}, "properties": {"role": "node", "id": "999766577", "dist_to_outlet_m": 2360.978753207454, "observable": true, "access": false}}, {"type": "Feature", "geometry": {"type": "Point", "coordinates": [10.8197577, 59.8600749]}, "properties": {"role": "node", "id": "10876457408", "dist_to_outlet_m": 2351.726485123897, "observable": true, "access": false}}, {"type": "Feature", "geometry": {"type": "Point", "coordinates": [10.8197716, 59.8600069]}, "properties": {"role": "node", "id": "999766352", "dist_to_outlet_m": 2344.1255072065505, "observable": true, "access": false}}, {"type": "Feature", "geometry": {"type": "Point", "coordinates": [10.8198104, 59.8599349]}, "properties": {"role": "node", "id": "10876457407", "dist_to_outlet_m": 2335.8315650560585, "observable": true, "access": false}}, {"type": "Feature", "geometry": {"type": "Point", "coordinates": [10.8198714, 59.8598731]}, "properties": {"role": "node", "id": "999766663", "dist_to_outlet_m": 2328.1620321248747, "observable": true, "access": false}}, {"type": "Feature", "geometry": {"type": "Point", "coordinates": [10.8198658, 59.8598066]}, "properties": {"role": "node", "id": "999766421", "dist_to_outlet_m": 2320.760962182906, "observable": true, "access": false}}, {"type": "Feature", "geometry": {"type": "Point", "coordinates": [10.8198215, 59.8597719]}, "properties": {"role": "node", "id": "10876457406", "dist_to_outlet_m": 2316.177791864626, "observable": true, "access": false}}, {"type": "Feature", "geometry": {"type": "Point", "coordinates": [10.8197512, 59.8597525]}, "properties": {"role": "node", "id": "999766366", "dist_to_outlet_m": 2311.6990057333087, "observable": true, "access": false}}, {"type": "Feature", "geometry": {"type": "Point", "coordinates": [10.8196268, 59.8597467]}, "properties": {"role": "node", "id": "6596306788", "dist_to_outlet_m": 2304.7235004453764, "observable": true, "access": false}}, {"type": "Feature", "geometry": {"type": "Point", "coordinates": [10.8194159, 59.8597689]}, "properties": {"role": "node", "id": "6596297483", "dist_to_outlet_m": 2292.692353376443, "observable": true, "access": false}}, {"type": "Feature", "geometry": {"type": "Point", "coordinates": [10.8193284, 59.8597723]}, "properties": {"role": "node", "id": "6596306789", "dist_to_outlet_m": 2287.7923608498418, "observable": true, "access": false}}, {"type": "Feature", "geometry": {"type": "Point", "coordinates": [10.8192299, 59.8597706]}, "properties": {"role": "node", "id": "6596297484", "dist_to_outlet_m": 2282.2895645504987, "observable": true, "access": false}}, {"type": "Feature", "geometry": {"type": "Point", "coordinates": [10.8191742, 59.8597659]}, "properties": {"role": "node", "id": "999766521", "dist_to_outlet_m": 2279.136060334694, "observable": true, "access": false}}, {"type": "Feature", "geometry": {"type": "Point", "coordinates": [10.819079, 59.85972]}, "properties": {"role": "node", "id": "10876457405", "dist_to_outlet_m": 2271.7670905953905, "observable": true, "access": false}}, {"type": "Feature", "geometry": {"type": "Point", "coordinates": [10.8190033, 59.8596678]}, "properties": {"role": "node", "id": "10876435904", "dist_to_outlet_m": 2264.5869349475984, "observable": true, "access": false}}, {"type": "Feature", "geometry": {"type": "Point", "coordinates": [10.818897, 59.8596135]}, "properties": {"role": "node", "id": "999766449", "dist_to_outlet_m": 2256.1204660842186, "observable": true, "access": false}}, {"type": "Feature", "geometry": {"type": "Point", "coordinates": [10.8188308, 59.8595728]}, "properties": {"role": "node", "id": "10876435903", "dist_to_outlet_m": 2250.277266586773, "observable": true, "access": false}}, {"type": "Feature", "geometry": {"type": "Point", "coordinates": [10.8187784, 59.8595214]}, "properties": {"role": "node", "id": "10876435902", "dist_to_outlet_m": 2243.856554041288, "observable": true, "access": true}}, {"type": "Feature", "geometry": {"type": "Point", "coordinates": [10.8187062, 59.8594411]}, "properties": {"role": "node", "id": "10876435901", "dist_to_outlet_m": 2234.05979042461, "observable": true, "access": false}}, {"type": "Feature", "geometry": {"type": "Point", "coordinates": [10.8186393, 59.8594185]}, "properties": {"role": "node", "id": "999766593", "dist_to_outlet_m": 2229.55785767344, "observable": true, "access": false}}, {"type": "Feature", "geometry": {"type": "Point", "coordinates": [10.8185308, 59.8593426]}, "properties": {"role": "node", "id": "10876435900", "dist_to_outlet_m": 2219.169055860778, "observable": true, "access": false}}, {"type": "Feature", "geometry": {"type": "Point", "coordinates": [10.8183439, 59.8592003]}, "properties": {"role": "node", "id": "10876435899", "dist_to_outlet_m": 2200.2147721257916, "observable": true, "access": false}}, {"type": "Feature", "geometry": {"type": "Point", "coordinates": [10.8181676, 59.8590984]}, "properties": {"role": "node", "id": "6596306785", "dist_to_outlet_m": 2185.2053937053515, "observable": true, "access": false}}, {"type": "Feature", "geometry": {"type": "Point", "coordinates": [10.8181001, 59.8590569]}, "properties": {"role": "node", "id": "10876435896", "dist_to_outlet_m": 2179.247346611044, "observable": true, "access": false}}, {"type": "Feature", "geometry": {"type": "Point", "coordinates": [10.8179695, 59.8589714]}, "properties": {"role": "node", "id": "10876435897", "dist_to_outlet_m": 2167.265744411625, "observable": true, "access": false}}, {"type": "Feature", "geometry": {"type": "Point", "coordinates": [10.817882, 59.8589285]}, "properties": {"role": "node", "id": "10876435898", "dist_to_outlet_m": 2160.437598560178, "observable": true, "access": false}}, {"type": "Feature", "geometry": {"type": "Point", "coordinates": [10.8178249, 59.8588968]}, "properties": {"role": "node", "id": "999766541", "dist_to_outlet_m": 2155.684805198387, "observable": true, "access": false}}, {"type": "Feature", "geometry": {"type": "Point", "coordinates": [10.8177573, 59.8588551]}, "properties": {"role": "node", "id": "6596306786", "dist_to_outlet_m": 2149.705979491165, "observable": true, "access": false}}, {"type": "Feature", "geometry": {"type": "Point", "coordinates": [10.832195, 59.8619951]}, "properties": {"role": "node", "id": "6302785792", "dist_to_outlet_m": 3221.912367914938, "observable": true, "access": false}}, {"type": "Feature", "geometry": {"type": "Point", "coordinates": [10.8320962, 59.8620445]}, "properties": {"role": "node", "id": "999766506", "dist_to_outlet_m": 3214.1278443466776, "observable": true, "access": true}}, {"type": "Feature", "geometry": {"type": "Point", "coordinates": [10.8344967, 59.8617712]}, "properties": {"role": "node", "id": "6596964031", "dist_to_outlet_m": 3435.571570147855, "observable": true, "access": false}}, {"type": "Feature", "geometry": {"type": "Point", "coordinates": [10.834319, 59.8617503]}, "properties": {"role": "node", "id": "999766554", "dist_to_outlet_m": 3425.3820827584755, "observable": true, "access": false}}, {"type": "Feature", "geometry": {"type": "Point", "coordinates": [10.8342591, 59.8617591]}, "properties": {"role": "node", "id": "12058799055", "dist_to_outlet_m": 3421.8976688812313, "observable": true, "access": false}}, {"type": "Feature", "geometry": {"type": "Point", "coordinates": [10.834213, 59.861752]}, "properties": {"role": "node", "id": "12058799054", "dist_to_outlet_m": 3419.2055585707217, "observable": true, "access": false}}, {"type": "Feature", "geometry": {"type": "Point", "coordinates": [10.8341949, 59.8617272]}, "properties": {"role": "node", "id": "12025507962", "dist_to_outlet_m": 3416.268605865556, "observable": true, "access": false}}, {"type": "Feature", "geometry": {"type": "Point", "coordinates": [10.8341932, 59.8616552]}, "properties": {"role": "node", "id": "12025507963", "dist_to_outlet_m": 3408.262008590924, "observable": true, "access": false}}, {"type": "Feature", "geometry": {"type": "Point", "coordinates": [10.8342124, 59.8615632]}, "properties": {"role": "node", "id": "999766496", "dist_to_outlet_m": 3397.976067854022, "observable": true, "access": false}}, {"type": "Feature", "geometry": {"type": "Point", "coordinates": [10.8341532, 59.8615035]}, "properties": {"role": "node", "id": "12058799053", "dist_to_outlet_m": 3390.5604456442384, "observable": true, "access": false}}, {"type": "Feature", "geometry": {"type": "Point", "coordinates": [10.8339325, 59.8614252]}, "properties": {"role": "node", "id": "999766462", "dist_to_outlet_m": 3375.4730730002125, "observable": true, "access": false}}, {"type": "Feature", "geometry": {"type": "Point", "coordinates": [10.8338203, 59.8614107]}, "properties": {"role": "node", "id": "12025507961", "dist_to_outlet_m": 3369.0047520560092, "observable": true, "access": false}}, {"type": "Feature", "geometry": {"type": "Point", "coordinates": [10.8337416, 59.8614244]}, "properties": {"role": "node", "id": "12058799052", "dist_to_outlet_m": 3364.3543250810803, "observable": true, "access": false}}, {"type": "Feature", "geometry": {"type": "Point", "coordinates": [10.8336827, 59.8614679]}, "properties": {"role": "node", "id": "999766407", "dist_to_outlet_m": 3358.5054000908503, "observable": true, "access": false}}, {"type": "Feature", "geometry": {"type": "Point", "coordinates": [10.8336402, 59.8614826]}, "properties": {"role": "node", "id": "12058799051", "dist_to_outlet_m": 3355.6241000977907, "observable": true, "access": true}}, {"type": "Feature", "geometry": {"type": "Point", "coordinates": [10.8335878, 59.8614793]}, "properties": {"role": "node", "id": "12025507960", "dist_to_outlet_m": 3352.6756793597046, "observable": true, "access": false}}, {"type": "Feature", "geometry": {"type": "Point", "coordinates": [10.8335257, 59.8614703]}, "properties": {"role": "node", "id": "12058799050", "dist_to_outlet_m": 3349.067085632639, "observable": true, "access": false}}, {"type": "Feature", "geometry": {"type": "Point", "coordinates": [10.8334288, 59.8614466]}, "properties": {"role": "node", "id": "12058799049", "dist_to_outlet_m": 3343.049413621612, "observable": true, "access": false}}, {"type": "Feature", "geometry": {"type": "Point", "coordinates": [10.8333259, 59.8614342]}, "properties": {"role": "node", "id": "999766553", "dist_to_outlet_m": 3337.141342465155, "observable": true, "access": false}}, {"type": "Feature", "geometry": {"type": "Point", "coordinates": [10.8332915, 59.8614432]}, "properties": {"role": "node", "id": "12058799048", "dist_to_outlet_m": 3334.975689381522, "observable": true, "access": false}}, {"type": "Feature", "geometry": {"type": "Point", "coordinates": [10.8332778, 59.8614833]}, "properties": {"role": "node", "id": "12058799047", "dist_to_outlet_m": 3330.4516461138132, "observable": true, "access": false}}, {"type": "Feature", "geometry": {"type": "Point", "coordinates": [10.8332938, 59.8615366]}, "properties": {"role": "node", "id": "12058799046", "dist_to_outlet_m": 3324.4580161266717, "observable": true, "access": false}}, {"type": "Feature", "geometry": {"type": "Point", "coordinates": [10.833323, 59.8616043]}, "properties": {"role": "node", "id": "999766490", "dist_to_outlet_m": 3316.7556209195436, "observable": true, "access": false}}, {"type": "Feature", "geometry": {"type": "Point", "coordinates": [10.8332653, 59.8616771]}, "properties": {"role": "node", "id": "10880400607", "dist_to_outlet_m": 3308.0432059056925, "observable": true, "access": false}}, {"type": "Feature", "geometry": {"type": "Point", "coordinates": [10.8331804, 59.8617462]}, "properties": {"role": "node", "id": "12058799043", "dist_to_outlet_m": 3299.015232483699, "observable": true, "access": false}}, {"type": "Feature", "geometry": {"type": "Point", "coordinates": [10.8331445, 59.8617592]}, "properties": {"role": "node", "id": "12058799044", "dist_to_outlet_m": 3296.5440535149082, "observable": true, "access": false}}, {"type": "Feature", "geometry": {"type": "Point", "coordinates": [10.8331002, 59.8617629]}, "properties": {"role": "node", "id": "999766642", "dist_to_outlet_m": 3294.0368143367778, "observable": true, "access": false}}, {"type": "Feature", "geometry": {"type": "Point", "coordinates": [10.8330334, 59.86174]}, "properties": {"role": "node", "id": "12058799045", "dist_to_outlet_m": 3289.5210031813044, "observable": true, "access": false}}, {"type": "Feature", "geometry": {"type": "Point", "coordinates": [10.832966, 59.8617043]}, "properties": {"role": "node", "id": "12025507959", "dist_to_outlet_m": 3284.051288826685, "observable": true, "access": false}}, {"type": "Feature", "geometry": {"type": "Point", "coordinates": [10.8329107, 59.8616894]}, "properties": {"role": "node", "id": "12058799042", "dist_to_outlet_m": 3280.5474412812837, "observable": true, "access": false}}, {"type": "Feature", "geometry": {"type": "Point", "coordinates": [10.8328248, 59.8616761]}, "properties": {"role": "node", "id": "999766418", "dist_to_outlet_m": 3275.528815530843, "observable": true, "access": false}}, {"type": "Feature", "geometry": {"type": "Point", "coordinates": [10.8327855, 59.8616792]}, "properties": {"role": "node", "id": "12058799041", "dist_to_outlet_m": 3273.3077929190745, "observable": true, "access": false}}, {"type": "Feature", "geometry": {"type": "Point", "coordinates": [10.8327309, 59.8616952]}, "properties": {"role": "node", "id": "12058799040", "dist_to_outlet_m": 3269.7782847138747, "observable": true, "access": false}}, {"type": "Feature", "geometry": {"type": "Point", "coordinates": [10.8326822, 59.8617147]}, "properties": {"role": "node", "id": "10880400606", "dist_to_outlet_m": 3266.3006431588196, "observable": true, "access": false}}, {"type": "Feature", "geometry": {"type": "Point", "coordinates": [10.8326699, 59.8617289]}, "properties": {"role": "node", "id": "12058799039", "dist_to_outlet_m": 3264.578811543414, "observable": true, "access": false}}, {"type": "Feature", "geometry": {"type": "Point", "coordinates": [10.8326696, 59.8617452]}, "properties": {"role": "node", "id": "12058799037", "dist_to_outlet_m": 3262.7662568527035, "observable": true, "access": false}}, {"type": "Feature", "geometry": {"type": "Point", "coordinates": [10.8326804, 59.8617688]}, "properties": {"role": "node", "id": "12058799038", "dist_to_outlet_m": 3260.0736766682835, "observable": true, "access": false}}, {"type": "Feature", "geometry": {"type": "Point", "coordinates": [10.8326735, 59.8617851]}, "properties": {"role": "node", "id": "6596964006", "dist_to_outlet_m": 3258.220713698657, "observable": true, "access": false}}, {"type": "Feature", "geometry": {"type": "Point", "coordinates": [10.8325504, 59.8618193]}, "properties": {"role": "node", "id": "6596964007", "dist_to_outlet_m": 3250.366116105868, "observable": true, "access": false}}, {"type": "Feature", "geometry": {"type": "Point", "coordinates": [10.8324508, 59.8618415]}, "properties": {"role": "node", "id": "6596964004", "dist_to_outlet_m": 3244.2821922604153, "observable": true, "access": false}}, {"type": "Feature", "geometry": {"type": "Point", "coordinates": [10.832375, 59.8618915]}, "properties": {"role": "node", "id": "6596964005", "dist_to_outlet_m": 3237.2950947584754, "observable": true, "access": false}}, {"type": "Feature", "geometry": {"type": "Point", "coordinates": [10.8322738, 59.8619611]}, "properties": {"role": "node", "id": "999766574", "dist_to_outlet_m": 3227.7130056707497, "observable": true, "access": false}}, {"type": "Feature", "geometry": {"type": "Point", "coordinates": [10.8161631, 59.8510141]}, "properties": {"role": "node", "id": "6535531064", "dist_to_outlet_m": 1033.5103652331516, "observable": true, "access": false}}, {"type": "Feature", "geometry": {"type": "Point", "coordinates": [10.8160154, 59.8509224]}, "properties": {"role": "node", "id": "10876177831", "dist_to_outlet_m": 1020.3950532583436, "observable": true, "access": false}}, {"type": "Feature", "geometry": {"type": "Point", "coordinates": [10.8158168, 59.8508303]}, "properties": {"role": "node", "id": "10876177830", "dist_to_outlet_m": 1005.2987558353892, "observable": true, "access": false}}, {"type": "Feature", "geometry": {"type": "Point", "coordinates": [10.8156925, 59.8507977]}, "properties": {"role": "node", "id": "999766379", "dist_to_outlet_m": 997.4673841192232, "observable": true, "access": false}}, {"type": "Feature", "geometry": {"type": "Point", "coordinates": [10.8156088, 59.8506703]}, "properties": {"role": "node", "id": "10876177829", "dist_to_outlet_m": 982.5498430325796, "observable": true, "access": false}}, {"type": "Feature", "geometry": {"type": "Point", "coordinates": [10.8155788, 59.8506522]}, "properties": {"role": "node", "id": "10876177828", "dist_to_outlet_m": 979.9311031753405, "observable": true, "access": true}}, {"type": "Feature", "geometry": {"type": "Point", "coordinates": [10.8155455, 59.8506373]}, "properties": {"role": "node", "id": "10876177822", "dist_to_outlet_m": 977.440387503304, "observable": true, "access": false}}, {"type": "Feature", "geometry": {"type": "Point", "coordinates": [10.8155182, 59.8506349]}, "properties": {"role": "node", "id": "10876177827", "dist_to_outlet_m": 975.8925492624605, "observable": true, "access": false}}, {"type": "Feature", "geometry": {"type": "Point", "coordinates": [10.8154864, 59.8506351]}, "properties": {"role": "node", "id": "10876177824", "dist_to_outlet_m": 974.1164336597693, "observable": true, "access": false}}, {"type": "Feature", "geometry": {"type": "Point", "coordinates": [10.8154325, 59.8506394]}, "properties": {"role": "node", "id": "10876177823", "dist_to_outlet_m": 971.0684730285758, "observable": true, "access": false}}, {"type": "Feature", "geometry": {"type": "Point", "coordinates": [10.8153828, 59.8506412]}, "properties": {"role": "node", "id": "10876177825", "dist_to_outlet_m": 968.2856052809514, "observable": true, "access": false}}, {"type": "Feature", "geometry": {"type": "Point", "coordinates": [10.8152807, 59.8506304]}, "properties": {"role": "node", "id": "10876177826", "dist_to_outlet_m": 962.4584050780356, "observable": true, "access": false}}, {"type": "Feature", "geometry": {"type": "Point", "coordinates": [10.8151896, 59.8506166]}, "properties": {"role": "node", "id": "10876177821", "dist_to_outlet_m": 957.1442544818319, "observable": true, "access": false}}, {"type": "Feature", "geometry": {"type": "Point", "coordinates": [10.8150311, 59.8505656]}, "properties": {"role": "node", "id": "999766459", "dist_to_outlet_m": 946.6315509113361, "observable": true, "access": false}}, {"type": "Feature", "geometry": {"type": "Point", "coordinates": [10.8147959, 59.8505672]}, "properties": {"role": "node", "id": "10876177820", "dist_to_outlet_m": 933.4947957138395, "observable": true, "access": false}}, {"type": "Feature", "geometry": {"type": "Point", "coordinates": [10.8146571, 59.8506038]}, "properties": {"role": "node", "id": "10876177819", "dist_to_outlet_m": 924.7396554627983, "observable": true, "access": false}}, {"type": "Feature", "geometry": {"type": "Point", "coordinates": [10.8144458, 59.8506207]}, "properties": {"role": "node", "id": "10876177818", "dist_to_outlet_m": 912.7902107114215, "observable": true, "access": false}}, {"type": "Feature", "geometry": {"type": "Point", "coordinates": [10.8142892, 59.8506178]}, "properties": {"role": "node", "id": "10876177817", "dist_to_outlet_m": 904.0384179465005, "observable": true, "access": false}}, {"type": "Feature", "geometry": {"type": "Point", "coordinates": [10.8140966, 59.850638]}, "properties": {"role": "node", "id": "10876177816", "dist_to_outlet_m": 893.0500147339455, "observable": true, "access": false}}, {"type": "Feature", "geometry": {"type": "Point", "coordinates": [10.8139511, 59.8506433]}, "properties": {"role": "node", "id": "10876177815", "dist_to_outlet_m": 884.9027438330262, "observable": true, "access": false}}, {"type": "Feature", "geometry": {"type": "Point", "coordinates": [10.8137728, 59.8506135]}, "properties": {"role": "node", "id": "10876177814", "dist_to_outlet_m": 874.4081302977743, "observable": true, "access": true}}, {"type": "Feature", "geometry": {"type": "Point", "coordinates": [10.8136196, 59.8505986]}, "properties": {"role": "node", "id": "10876177833", "dist_to_outlet_m": 865.6932230965765, "observable": true, "access": false}}, {"type": "Feature", "geometry": {"type": "Point", "coordinates": [10.8134641, 59.850599]}, "properties": {"role": "node", "id": "10876177813", "dist_to_outlet_m": 857.008687006325, "observable": true, "access": false}}, {"type": "Feature", "geometry": {"type": "Point", "coordinates": [10.8132897, 59.8505959]}, "properties": {"role": "node", "id": "10876177812", "dist_to_outlet_m": 847.2626323855106, "observable": true, "access": false}}, {"type": "Feature", "geometry": {"type": "Point", "coordinates": [10.8132099, 59.8506028]}, "properties": {"role": "node", "id": "10876177832", "dist_to_outlet_m": 842.7403717272681, "observable": true, "access": false}}, {"type": "Feature", "geometry": {"type": "Point", "coordinates": [10.813146, 59.8506148]}, "properties": {"role": "node", "id": "10876177811", "dist_to_outlet_m": 838.9303648716062, "observable": true, "access": false}}, {"type": "Feature", "geometry": {"type": "Point", "coordinates": [10.8130738, 59.8506204]}, "properties": {"role": "node", "id": "10876177834", "dist_to_outlet_m": 834.8503173683565, "observable": true, "access": false}}, {"type": "Feature", "geometry": {"type": "Point", "coordinates": [10.8129939, 59.8506218]}, "properties": {"role": "node", "id": "10876177810", "dist_to_outlet_m": 830.3853206511243, "observable": true, "access": false}}, {"type": "Feature", "geometry": {"type": "Point", "coordinates": [10.8127588, 59.8506214]}, "properties": {"role": "node", "id": "10876177809", "dist_to_outlet_m": 817.2553015311963, "observable": true, "access": false}}, {"type": "Feature", "geometry": {"type": "Point", "coordinates": [10.8126462, 59.8506231]}, "properties": {"role": "node", "id": "10876177835", "dist_to_outlet_m": 810.9639385486985, "observable": true, "access": false}}, {"type": "Feature", "geometry": {"type": "Point", "coordinates": [10.8125427, 59.850629]}, "properties": {"role": "node", "id": "10876177808", "dist_to_outlet_m": 805.1465256448571, "observable": true, "access": false}}, {"type": "Feature", "geometry": {"type": "Point", "coordinates": [10.8124584, 59.8506366]}, "properties": {"role": "node", "id": "10876177836", "dist_to_outlet_m": 800.3632683503872, "observable": true, "access": false}}, {"type": "Feature", "geometry": {"type": "Point", "coordinates": [10.8123532, 59.8506399]}, "properties": {"role": "node", "id": "10876177807", "dist_to_outlet_m": 794.4765786219798, "observable": true, "access": false}}, {"type": "Feature", "geometry": {"type": "Point", "coordinates": [10.8121855, 59.8506304]}, "properties": {"role": "node", "id": "10876177805", "dist_to_outlet_m": 785.051432503102, "observable": true, "access": false}}, {"type": "Feature", "geometry": {"type": "Point", "coordinates": [10.812028, 59.8506166]}, "properties": {"role": "node", "id": "10876177806", "dist_to_outlet_m": 776.12247662398, "observable": true, "access": false}}, {"type": "Feature", "geometry": {"type": "Point", "coordinates": [10.8118381, 59.8506147]}, "properties": {"role": "node", "id": "10876167204", "dist_to_outlet_m": 765.514771616592, "observable": true, "access": true}}, {"type": "Feature", "geometry": {"type": "Point", "coordinates": [10.8117529, 59.8506139]}, "properties": {"role": "node", "id": "299351188", "dist_to_outlet_m": 760.7556609066136, "observable": true, "access": false}}, {"type": "Feature", "geometry": {"type": "Point", "coordinates": [10.8116168, 59.8506224]}, "properties": {"role": "node", "id": "10876167203", "dist_to_outlet_m": 753.096163273423, "observable": true, "access": false}}, {"type": "Feature", "geometry": {"type": "Point", "coordinates": [10.8114891, 59.8506354]}, "properties": {"role": "node", "id": "10876177837", "dist_to_outlet_m": 745.8193108488027, "observable": true, "access": false}}, {"type": "Feature", "geometry": {"type": "Point", "coordinates": [10.811358, 59.8506575]}, "properties": {"role": "node", "id": "299351186", "dist_to_outlet_m": 738.0962084296397, "observable": true, "access": false}}, {"type": "Feature", "geometry": {"type": "Point", "coordinates": [10.8111591, 59.8506486]}, "properties": {"role": "node", "id": "10876167202", "dist_to_outlet_m": 726.9439886046985, "observable": true, "access": false}}, {"type": "Feature", "geometry": {"type": "Point", "coordinates": [10.8110608, 59.8506297]}, "properties": {"role": "node", "id": "10876177838", "dist_to_outlet_m": 721.0655932573804, "observable": true, "access": false}}, {"type": "Feature", "geometry": {"type": "Point", "coordinates": [10.8109614, 59.8506127]}, "properties": {"role": "node", "id": "10876167201", "dist_to_outlet_m": 715.2012525801929, "observable": true, "access": false}}, {"type": "Feature", "geometry": {"type": "Point", "coordinates": [10.8108083, 59.8506115]}, "properties": {"role": "node", "id": "10876167200", "dist_to_outlet_m": 706.6498288081149, "observable": true, "access": false}}, {"type": "Feature", "geometry": {"type": "Point", "coordinates": [10.8106398, 59.8506171]}, "properties": {"role": "node", "id": "10876177839", "dist_to_outlet_m": 697.2188028077466, "observable": true, "access": false}}, {"type": "Feature", "geometry": {"type": "Point", "coordinates": [10.8105333, 59.8506122]}, "properties": {"role": "node", "id": "299351185", "dist_to_outlet_m": 691.2460500825658, "observable": true, "access": false}}, {"type": "Feature", "geometry": {"type": "Point", "coordinates": [10.8104112, 59.8506144]}, "properties": {"role": "node", "id": "10876177840", "dist_to_outlet_m": 684.4225800456011, "observable": true, "access": false}}, {"type": "Feature", "geometry": {"type": "Point", "coordinates": [10.8103128, 59.8506212]}, "properties": {"role": "node", "id": "10876167199", "dist_to_outlet_m": 678.8753291964797, "observable": true, "access": false}}, {"type": "Feature", "geometry": {"type": "Point", "coordinates": [10.8101922, 59.8506175]}, "properties": {"role": "node", "id": "10876177841", "dist_to_outlet_m": 672.1274654485838, "observable": true, "access": false}}, {"type": "Feature", "geometry": {"type": "Point", "coordinates": [10.8101088, 59.8506211]}, "properties": {"role": "node", "id": "10876167198", "dist_to_outlet_m": 667.4525439626573, "observable": true, "access": false}}, {"type": "Feature", "geometry": {"type": "Point", "coordinates": [10.809993, 59.8506516]}, "properties": {"role": "node", "id": "10876177842", "dist_to_outlet_m": 660.150008632878, "observable": true, "access": true}}, {"type": "Feature", "geometry": {"type": "Point", "coordinates": [10.8099526, 59.8506622]}, "properties": {"role": "node", "id": "10876177843", "dist_to_outlet_m": 657.6044222387047, "observable": true, "access": false}}, {"type": "Feature", "geometry": {"type": "Point", "coordinates": [10.8099106, 59.8506644]}, "properties": {"role": "node", "id": "299351184", "dist_to_outlet_m": 655.2460732196181, "observable": true, "access": false}}, {"type": "Feature", "geometry": {"type": "Point", "coordinates": [10.8098229, 59.8506521]}, "properties": {"role": "node", "id": "10876177844", "dist_to_outlet_m": 650.1608043848046, "observable": true, "access": false}}, {"type": "Feature", "geometry": {"type": "Point", "coordinates": [10.8097481, 59.8506371]}, "properties": {"role": "node", "id": "10876167197", "dist_to_outlet_m": 645.6626846979144, "observable": true, "access": false}}, {"type": "Feature", "geometry": {"type": "Point", "coordinates": [10.8096576, 59.8506351]}, "properties": {"role": "node", "id": "10876177845", "dist_to_outlet_m": 640.6035222430454, "observable": true, "access": false}}, {"type": "Feature", "geometry": {"type": "Point", "coordinates": [10.8095634, 59.8506393]}, "properties": {"role": "node", "id": "299351182", "dist_to_outlet_m": 635.3219231754603, "observable": true, "access": false}}, {"type": "Feature", "geometry": {"type": "Point", "coordinates": [10.8094379, 59.8506495]}, "properties": {"role": "node", "id": "10876177846", "dist_to_outlet_m": 628.2217877993302, "observable": true, "access": false}}, {"type": "Feature", "geometry": {"type": "Point", "coordinates": [10.8093324, 59.8506697]}, "properties": {"role": "node", "id": "10876167194", "dist_to_outlet_m": 621.9161782396145, "observable": true, "access": false}}, {"type": "Feature", "geometry": {"type": "Point", "coordinates": [10.8092534, 59.8506751]}, "properties": {"role": "node", "id": "10876177847", "dist_to_outlet_m": 617.4634946096473, "observable": true, "access": false}}, {"type": "Feature", "geometry": {"type": "Point", "coordinates": [10.8091735, 59.8506748]}, "properties": {"role": "node", "id": "10876167196", "dist_to_outlet_m": 613.0010950330166, "observable": true, "access": false}}, {"type": "Feature", "geometry": {"type": "Point", "coordinates": [10.8090938, 59.8506674]}, "properties": {"role": "node", "id": "10876177848", "dist_to_outlet_m": 608.4745718464325, "observable": true, "access": false}}, {"type": "Feature", "geometry": {"type": "Point", "coordinates": [10.8090121, 59.8506521]}, "properties": {"role": "node", "id": "10876167193", "dist_to_outlet_m": 603.6049167860949, "observable": true, "access": false}}, {"type": "Feature", "geometry": {"type": "Point", "coordinates": [10.808893, 59.8506117]}, "properties": {"role": "node", "id": "10876167195", "dist_to_outlet_m": 595.5784948191061, "observable": true, "access": false}}, {"type": "Feature", "geometry": {"type": "Point", "coordinates": [10.8088137, 59.8505672]}, "properties": {"role": "node", "id": "10876177849", "dist_to_outlet_m": 588.9378249118002, "observable": true, "access": false}}, {"type": "Feature", "geometry": {"type": "Point", "coordinates": [10.808754, 59.8505187]}, "properties": {"role": "node", "id": "10876167191", "dist_to_outlet_m": 582.5974359623101, "observable": true, "access": false}}, {"type": "Feature", "geometry": {"type": "Point", "coordinates": [10.808663, 59.8504432]}, "properties": {"role": "node", "id": "10876167192", "dist_to_outlet_m": 572.7837399969321, "observable": true, "access": false}}, {"type": "Feature", "geometry": {"type": "Point", "coordinates": [10.8085558, 59.8503508]}, "properties": {"role": "node", "id": "299351180", "dist_to_outlet_m": 560.8922522988869, "observable": true, "access": false}}, {"type": "Feature", "geometry": {"type": "Point", "coordinates": [10.8084779, 59.8502931]}, "properties": {"role": "node", "id": "10876177850", "dist_to_outlet_m": 553.1403291014593, "observable": true, "access": false}}, {"type": "Feature", "geometry": {"type": "Point", "coordinates": [10.8083909, 59.8502353]}, "properties": {"role": "node", "id": "299351179", "dist_to_outlet_m": 545.0833022011838, "observable": true, "access": true}}, {"type": "Feature", "geometry": {"type": "Point", "coordinates": [10.8083642, 59.8501833]}, "properties": {"role": "node", "id": "10876177851", "dist_to_outlet_m": 539.1119804053945, "observable": true, "access": false}}, {"type": "Feature", "geometry": {"type": "Point", "coordinates": [10.808352, 59.8501261]}, "properties": {"role": "node", "id": "299351178", "dist_to_outlet_m": 532.7152390415985, "observable": true, "access": false}}, {"type": "Feature", "geometry": {"type": "Point", "coordinates": [10.8083465, 59.8500564]}, "properties": {"role": "node", "id": "10876167190", "dist_to_outlet_m": 524.9588679228642, "observable": true, "access": false}}, {"type": "Feature", "geometry": {"type": "Point", "coordinates": [10.8083559, 59.8499842]}, "properties": {"role": "node", "id": "10876167189", "dist_to_outlet_m": 516.9134476915232, "observable": true, "access": false}}, {"type": "Feature", "geometry": {"type": "Point", "coordinates": [10.8083175, 59.8499246]}, "properties": {"role": "node", "id": "299351177", "dist_to_outlet_m": 509.94786052571175, "observable": true, "access": false}}, {"type": "Feature", "geometry": {"type": "Point", "coordinates": [10.8082365, 59.8498687]}, "properties": {"role": "node", "id": "10876177852", "dist_to_outlet_m": 502.2601420229896, "observable": true, "access": false}}, {"type": "Feature", "geometry": {"type": "Point", "coordinates": [10.8080983, 59.8498003]}, "properties": {"role": "node", "id": "10876177853", "dist_to_outlet_m": 491.424034729181, "observable": true, "access": false}}, {"type": "Feature", "geometry": {"type": "Point", "coordinates": [10.8079839, 59.8497431]}, "properties": {"role": "node", "id": "299351176", "dist_to_outlet_m": 482.40870945367794, "observable": true, "access": false}}, {"type": "Feature", "geometry": {"type": "Point", "coordinates": [10.807905, 59.8497131]}, "properties": {"role": "node", "id": "10876177854", "dist_to_outlet_m": 476.8819037585575, "observable": true, "access": false}}, {"type": "Feature", "geometry": {"type": "Point", "coordinates": [10.8078321, 59.8496999]}, "properties": {"role": "node", "id": "10876167188", "dist_to_outlet_m": 472.5539586654482, "observable": true, "access": false}}, {"type": "Feature", "geometry": {"type": "Point", "coordinates": [10.8076019, 59.8496535]}, "properties": {"role": "node", "id": "10876167187", "dist_to_outlet_m": 458.70067860844733, "observable": true, "access": false}}, {"type": "Feature", "geometry": {"type": "Point", "coordinates": [10.8073695, 59.8495655]}, "properties": {"role": "node", "id": "299351174", "dist_to_outlet_m": 442.44589788822344, "observable": true, "access": false}}, {"type": "Feature", "geometry": {"type": "Point", "coordinates": [10.807217, 59.8495124]}, "properties": {"role": "node", "id": "10876177855", "dist_to_outlet_m": 432.0822907832495, "observable": true, "access": true}}, {"type": "Feature", "geometry": {"type": "Point", "coordinates": [10.8070599, 59.8494512]}, "properties": {"role": "node", "id": "10876177856", "dist_to_outlet_m": 420.9785002787489, "observable": true, "access": false}}, {"type": "Feature", "geometry": {"type": "Point", "coordinates": [10.806936, 59.8494137]}, "properties": {"role": "node", "id": "10876177857", "dist_to_outlet_m": 412.89940865276344, "observable": true, "access": false}}, {"type": "Feature", "geometry": {"type": "Point", "coordinates": [10.8068235, 59.8493903]}, "properties": {"role": "node", "id": "299351172", "dist_to_outlet_m": 406.09879079534215, "observable": true, "access": false}}, {"type": "Feature", "geometry": {"type": "Point", "coordinates": [10.8066351, 59.8493737]}, "properties": {"role": "node", "id": "10876177858", "dist_to_outlet_m": 395.4158983914819, "observable": true, "access": false}}, {"type": "Feature", "geometry": {"type": "Point", "coordinates": [10.8064754, 59.8493774]}, "properties": {"role": "node", "id": "10876177859", "dist_to_outlet_m": 386.4871014200552, "observable": true, "access": false}}, {"type": "Feature", "geometry": {"type": "Point", "coordinates": [10.8063599, 59.8493709]}, "properties": {"role": "node", "id": "10876177860", "dist_to_outlet_m": 379.99601214596515, "observable": true, "access": false}}, {"type": "Feature", "geometry": {"type": "Point", "coordinates": [10.8062946, 59.8493723]}, "properties": {"role": "node", "id": "10876177862", "dist_to_outlet_m": 376.34565790586714, "observable": true, "access": false}}, {"type": "Feature", "geometry": {"type": "Point", "coordinates": [10.8062476, 59.8493849]}, "properties": {"role": "node", "id": "10876177861", "dist_to_outlet_m": 373.3701873992122, "observable": true, "access": false}}, {"type": "Feature", "geometry": {"type": "Point", "coordinates": [10.8060856, 59.8494032]}, "properties": {"role": "node", "id": "10876177863", "dist_to_outlet_m": 364.09642222613127, "observable": true, "access": false}}, {"type": "Feature", "geometry": {"type": "Point", "coordinates": [10.805881, 59.849394]}, "properties": {"role": "node", "id": "299351171", "dist_to_outlet_m": 352.62373276720785, "observable": true, "access": false}}, {"type": "Feature", "geometry": {"type": "Point", "coordinates": [10.8057339, 59.849378]}, "properties": {"role": "node", "id": "10876177865", "dist_to_outlet_m": 344.21770701704827, "observable": true, "access": false}}, {"type": "Feature", "geometry": {"type": "Point", "coordinates": [10.8055828, 59.849384]}, "properties": {"role": "node", "id": "10876177864", "dist_to_outlet_m": 335.7523774373062, "observable": true, "access": false}}, {"type": "Feature", "geometry": {"type": "Point", "coordinates": [10.8052933, 59.8494145]}, "properties": {"role": "node", "id": "299351169", "dist_to_outlet_m": 319.2318343479299, "observable": true, "access": true}}, {"type": "Feature", "geometry": {"type": "Point", "coordinates": [10.8051514, 59.8494144]}, "properties": {"role": "node", "id": "10876177866", "dist_to_outlet_m": 311.3066602134313, "observable": true, "access": false}}, {"type": "Feature", "geometry": {"type": "Point", "coordinates": [10.805043, 59.8494004]}, "properties": {"role": "node", "id": "10876177867", "dist_to_outlet_m": 305.05553978657935, "observable": true, "access": false}}, {"type": "Feature", "geometry": {"type": "Point", "coordinates": [10.804995, 59.8493801]}, "properties": {"role": "node", "id": "10876177868", "dist_to_outlet_m": 301.5509711382217, "observable": true, "access": false}}, {"type": "Feature", "geometry": {"type": "Point", "coordinates": [10.8049422, 59.8493446]}, "properties": {"role": "node", "id": "299351168", "dist_to_outlet_m": 296.62368416078823, "observable": true, "access": false}}, {"type": "Feature", "geometry": {"type": "Point", "coordinates": [10.8048934, 59.8492823]}, "properties": {"role": "node", "id": "1459219159", "dist_to_outlet_m": 289.1793667329862, "observable": true, "access": false}}, {"type": "Feature", "geometry": {"type": "Point", "coordinates": [10.8048479, 59.8491339]}, "properties": {"role": "node", "id": "299351167", "dist_to_outlet_m": 272.48351303788183, "observable": true, "access": false}}, {"type": "Feature", "geometry": {"type": "Point", "coordinates": [10.8047585, 59.8490514]}, "properties": {"role": "node", "id": "299351166", "dist_to_outlet_m": 262.03911976592786, "observable": true, "access": false}}, {"type": "Feature", "geometry": {"type": "Point", "coordinates": [10.8045816, 59.8490061]}, "properties": {"role": "node", "id": "4929090929", "dist_to_outlet_m": 250.94912698417914, "observable": true, "access": false}}, {"type": "Feature", "geometry": {"type": "Point", "coordinates": [10.8044725, 59.8489848]}, "properties": {"role": "node", "id": "4929090931", "dist_to_outlet_m": 244.41165857516557, "observable": true, "access": false}}, {"type": "Feature", "geometry": {"type": "Point", "coordinates": [10.8042776, 59.8489643]}, "properties": {"role": "node", "id": "4929090930", "dist_to_outlet_m": 233.29016648228756, "observable": true, "access": false}}, {"type": "Feature", "geometry": {"type": "Point", "coordinates": [10.8164038, 59.8510635]}, "properties": {"role": "node", "id": "6535531065", "dist_to_outlet_m": 1048.031896676689, "observable": true, "access": false}}, {"type": "Feature", "geometry": {"type": "Point", "coordinates": [10.8177875, 59.8587463]}, "properties": {"role": "node", "id": "6596306787", "dist_to_outlet_m": 2137.4910261131886, "observable": true, "access": true}}, {"type": "Feature", "geometry": {"type": "Point", "coordinates": [10.8178365, 59.8586674]}, "properties": {"role": "node", "id": "999766316", "dist_to_outlet_m": 2128.301053028209, "observable": true, "access": false}}, {"type": "Feature", "geometry": {"type": "Point", "coordinates": [10.81797, 59.8586361]}, "properties": {"role": "node", "id": "6598085093", "dist_to_outlet_m": 2120.07459456886, "observable": true, "access": false}}, {"type": "Feature", "geometry": {"type": "Point", "coordinates": [10.8181737, 59.8586106]}, "properties": {"role": "node", "id": "6598085094", "dist_to_outlet_m": 2108.3529052173717, "observable": true, "access": false}}, {"type": "Feature", "geometry": {"type": "Point", "coordinates": [10.8184481, 59.8586052]}, "properties": {"role": "node", "id": "10876435895", "dist_to_outlet_m": 2093.0200378830114, "observable": true, "access": false}}, {"type": "Feature", "geometry": {"type": "Point", "coordinates": [10.818535, 59.8585802]}, "properties": {"role": "node", "id": "999766636", "dist_to_outlet_m": 2087.4280650068613, "observable": true, "access": false}}, {"type": "Feature", "geometry": {"type": "Point", "coordinates": [10.8185637, 59.8584849]}, "properties": {"role": "node", "id": "10876435894", "dist_to_outlet_m": 2076.7107104034, "observable": true, "access": false}}, {"type": "Feature", "geometry": {"type": "Point", "coordinates": [10.818586, 59.8583175]}, "properties": {"role": "node", "id": "10876435893", "dist_to_outlet_m": 2058.0550817562735, "observable": true, "access": false}}, {"type": "Feature", "geometry": {"type": "Point", "coordinates": [10.8185477, 59.8581696]}, "properties": {"role": "node", "id": "999766388", "dist_to_outlet_m": 2041.4708961628967, "observable": true, "access": false}}, {"type": "Feature", "geometry": {"type": "Point", "coordinates": [10.8185636, 59.8581354]}, "properties": {"role": "node", "id": "10880397498", "dist_to_outlet_m": 2037.5657764012615, "observable": true, "access": false}}, {"type": "Feature", "geometry": {"type": "Point", "coordinates": [10.8186096, 59.8581089]}, "properties": {"role": "node", "id": "6598085086", "dist_to_outlet_m": 2033.656845007982, "observable": true, "access": false}}, {"type": "Feature", "geometry": {"type": "Point", "coordinates": [10.8186516, 59.8580841]}, "properties": {"role": "node", "id": "6598085088", "dist_to_outlet_m": 2030.0368925971986, "observable": true, "access": false}}, {"type": "Feature", "geometry": {"type": "Point", "coordinates": [10.8187695, 59.8580681]}, "properties": {"role": "node", "id": "6598085087", "dist_to_outlet_m": 2023.2176749095422, "observable": true, "access": false}}, {"type": "Feature", "geometry": {"type": "Point", "coordinates": [10.8187735, 59.8580112]}, "properties": {"role": "node", "id": "999766338", "dist_to_outlet_m": 2016.8867427840107, "observable": true, "access": false}}, {"type": "Feature", "geometry": {"type": "Point", "coordinates": [10.8187363, 59.8579503]}, "properties": {"role": "node", "id": "6598085089", "dist_to_outlet_m": 2009.8035781115918, "observable": true, "access": true}}, {"type": "Feature", "geometry": {"type": "Point", "coordinates": [10.8186827, 59.8578719]}, "properties": {"role": "node", "id": "6598085090", "dist_to_outlet_m": 2000.5864784617834, "observable": true, "access": false}}, {"type": "Feature", "geometry": {"type": "Point", "coordinates": [10.8186124, 59.857769]}, "properties": {"role": "node", "id": "6598085091", "dist_to_outlet_m": 1988.489937917635, "observable": true, "access": false}}, {"type": "Feature", "geometry": {"type": "Point", "coordinates": [10.8185529, 59.8576219]}, "properties": {"role": "node", "id": "10876435891", "dist_to_outlet_m": 1971.799176351541, "observable": true, "access": false}}, {"type": "Feature", "geometry": {"type": "Point", "coordinates": [10.8185467, 59.8575807]}, "properties": {"role": "node", "id": "10876435892", "dist_to_outlet_m": 1967.2048839406823, "observable": true, "access": false}}, {"type": "Feature", "geometry": {"type": "Point", "coordinates": [10.8185712, 59.8575595]}, "properties": {"role": "node", "id": "10876435890", "dist_to_outlet_m": 1964.479368165882, "observable": true, "access": false}}, {"type": "Feature", "geometry": {"type": "Point", "coordinates": [10.8185756, 59.8574907]}, "properties": {"role": "node", "id": "10880397497", "dist_to_outlet_m": 1956.8252132731925, "observable": true, "access": false}}, {"type": "Feature", "geometry": {"type": "Point", "coordinates": [10.8185311, 59.857384]}, "properties": {"role": "node", "id": "6598085092", "dist_to_outlet_m": 1944.703321041954, "observable": true, "access": false}}, {"type": "Feature", "geometry": {"type": "Point", "coordinates": [10.8184165, 59.8572128]}, "properties": {"role": "node", "id": "10876435889", "dist_to_outlet_m": 1924.620058764156, "observable": true, "access": false}}, {"type": "Feature", "geometry": {"type": "Point", "coordinates": [10.8184568, 59.8570329]}, "properties": {"role": "node", "id": "10876435888", "dist_to_outlet_m": 1904.489924014677, "observable": true, "access": true}}, {"type": "Feature", "geometry": {"type": "Point", "coordinates": [10.8183813, 59.8569771]}, "properties": {"role": "node", "id": "10880397496", "dist_to_outlet_m": 1896.9885585468762, "observable": true, "access": false}}, {"type": "Feature", "geometry": {"type": "Point", "coordinates": [10.8182848, 59.8568808]}, "properties": {"role": "node", "id": "10876435887", "dist_to_outlet_m": 1885.0011887918954, "observable": true, "access": false}}, {"type": "Feature", "geometry": {"type": "Point", "coordinates": [10.8182551, 59.8568188]}, "properties": {"role": "node", "id": "10880397495", "dist_to_outlet_m": 1877.9104444368309, "observable": true, "access": false}}, {"type": "Feature", "geometry": {"type": "Point", "coordinates": [10.8182155, 59.8567481]}, "properties": {"role": "node", "id": "999766473", "dist_to_outlet_m": 1869.7439136067048, "observable": true, "access": false}}, {"type": "Feature", "geometry": {"type": "Point", "coordinates": [10.8180854, 59.8565353]}, "properties": {"role": "node", "id": "10876435885", "dist_to_outlet_m": 1844.99159534259, "observable": true, "access": false}}, {"type": "Feature", "geometry": {"type": "Point", "coordinates": [10.8180261, 59.8564466]}, "properties": {"role": "node", "id": "10876435886", "dist_to_outlet_m": 1834.5876170576958, "observable": true, "access": false}}, {"type": "Feature", "geometry": {"type": "Point", "coordinates": [10.8180152, 59.8563607]}, "properties": {"role": "node", "id": "999766562", "dist_to_outlet_m": 1825.0166008693664, "observable": true, "access": false}}, {"type": "Feature", "geometry": {"type": "Point", "coordinates": [10.8178973, 59.856235]}, "properties": {"role": "node", "id": "10876435884", "dist_to_outlet_m": 1809.5665755493537, "observable": true, "access": false}}, {"type": "Feature", "geometry": {"type": "Point", "coordinates": [10.8178931, 59.8561838]}, "properties": {"role": "node", "id": "999766346", "dist_to_outlet_m": 1803.8685668943892, "observable": true, "access": false}}, {"type": "Feature", "geometry": {"type": "Point", "coordinates": [10.8179829, 59.8559974]}, "properties": {"role": "node", "id": "999766326", "dist_to_outlet_m": 1782.5439031086469, "observable": true, "access": true}}, {"type": "Feature", "geometry": {"type": "Point", "coordinates": [10.817961, 59.8558651]}, "properties": {"role": "node", "id": "10880397494", "dist_to_outlet_m": 1767.7820747192748, "observable": true, "access": false}}, {"type": "Feature", "geometry": {"type": "Point", "coordinates": [10.8178977, 59.8556864]}, "properties": {"role": "node", "id": "10880397493", "dist_to_outlet_m": 1747.5996104748137, "observable": true, "access": false}}, {"type": "Feature", "geometry": {"type": "Point", "coordinates": [10.8178931, 59.8556121]}, "properties": {"role": "node", "id": "10880397492", "dist_to_outlet_m": 1739.3338353736592, "observable": true, "access": false}}, {"type": "Feature", "geometry": {"type": "Point", "coordinates": [10.8178397, 59.8553831]}, "properties": {"role": "node", "id": "10880397491", "dist_to_outlet_m": 1713.6961992814415, "observable": true, "access": false}}, {"type": "Feature", "geometry": {"type": "Point", "coordinates": [10.8178051, 59.8552682]}, "properties": {"role": "node", "id": "10880397490", "dist_to_outlet_m": 1700.7746398867334, "observable": true, "access": false}}, {"type": "Feature", "geometry": {"type": "Point", "coordinates": [10.8177112, 59.8552011]}, "properties": {"role": "node", "id": "10880397489", "dist_to_outlet_m": 1691.6552770935532, "observable": true, "access": false}}, {"type": "Feature", "geometry": {"type": "Point", "coordinates": [10.8176708, 59.8550828]}, "properties": {"role": "node", "id": "10880397488", "dist_to_outlet_m": 1678.308870600012, "observable": true, "access": true}}, {"type": "Feature", "geometry": {"type": "Point", "coordinates": [10.8176991, 59.8549984]}, "properties": {"role": "node", "id": "10880397487", "dist_to_outlet_m": 1668.7918970613575, "observable": true, "access": false}}, {"type": "Feature", "geometry": {"type": "Point", "coordinates": [10.8177365, 59.8549294]}, "properties": {"role": "node", "id": "10880397486", "dist_to_outlet_m": 1660.8402850705518, "observable": true, "access": false}}, {"type": "Feature", "geometry": {"type": "Point", "coordinates": [10.8177271, 59.8548886]}, "properties": {"role": "node", "id": "10880397485", "dist_to_outlet_m": 1656.2732669058391, "observable": true, "access": false}}, {"type": "Feature", "geometry": {"type": "Point", "coordinates": [10.8176921, 59.8547997]}, "properties": {"role": "node", "id": "10880397484", "dist_to_outlet_m": 1646.1966800677071, "observable": true, "access": false}}, {"type": "Feature", "geometry": {"type": "Point", "coordinates": [10.8176422, 59.8547172]}, "properties": {"role": "node", "id": "999766417", "dist_to_outlet_m": 1636.6092352461628, "observable": true, "access": false}}, {"type": "Feature", "geometry": {"type": "Point", "coordinates": [10.8176458, 59.8546865]}, "properties": {"role": "node", "id": "10880397483", "dist_to_outlet_m": 1633.1896368853522, "observable": true, "access": false}}, {"type": "Feature", "geometry": {"type": "Point", "coordinates": [10.8177593, 59.8546243]}, "properties": {"role": "node", "id": "10880397482", "dist_to_outlet_m": 1623.8084848673268, "observable": true, "access": false}}, {"type": "Feature", "geometry": {"type": "Point", "coordinates": [10.8178973, 59.8546093]}, "properties": {"role": "node", "id": "10880397481", "dist_to_outlet_m": 1615.9239022858278, "observable": true, "access": false}}, {"type": "Feature", "geometry": {"type": "Point", "coordinates": [10.8179991, 59.8545672]}, "properties": {"role": "node", "id": "999766652", "dist_to_outlet_m": 1608.5597832095693, "observable": true, "access": false}}, {"type": "Feature", "geometry": {"type": "Point", "coordinates": [10.8180575, 59.8543556]}, "properties": {"role": "node", "id": "10880397480", "dist_to_outlet_m": 1584.8060082792058, "observable": true, "access": false}}, {"type": "Feature", "geometry": {"type": "Point", "coordinates": [10.8181126, 59.8542907]}, "properties": {"role": "node", "id": "999766466", "dist_to_outlet_m": 1576.9608872144183, "observable": true, "access": false}}, {"type": "Feature", "geometry": {"type": "Point", "coordinates": [10.8182092, 59.8542466]}, "properties": {"role": "node", "id": "10880397479", "dist_to_outlet_m": 1569.670802479238, "observable": true, "access": false}}, {"type": "Feature", "geometry": {"type": "Point", "coordinates": [10.8184102, 59.854195]}, "properties": {"role": "node", "id": "999766409", "dist_to_outlet_m": 1557.0650234551988, "observable": true, "access": true}}, {"type": "Feature", "geometry": {"type": "Point", "coordinates": [10.8184426, 59.8541472]}, "properties": {"role": "node", "id": "10880397478", "dist_to_outlet_m": 1551.4503983169839, "observable": true, "access": false}}, {"type": "Feature", "geometry": {"type": "Point", "coordinates": [10.8184468, 59.854071]}, "properties": {"role": "node", "id": "10880397477", "dist_to_outlet_m": 1542.9740994562903, "observable": true, "access": false}}, {"type": "Feature", "geometry": {"type": "Point", "coordinates": [10.8184313, 59.8539682]}, "properties": {"role": "node", "id": "10880397476", "dist_to_outlet_m": 1531.5105370350382, "observable": true, "access": false}}, {"type": "Feature", "geometry": {"type": "Point", "coordinates": [10.818468, 59.8538611]}, "properties": {"role": "node", "id": "10880397475", "dist_to_outlet_m": 1519.426502419941, "observable": true, "access": false}}, {"type": "Feature", "geometry": {"type": "Point", "coordinates": [10.818535, 59.8537564]}, "properties": {"role": "node", "id": "10880397474", "dist_to_outlet_m": 1507.1979550216909, "observable": true, "access": false}}, {"type": "Feature", "geometry": {"type": "Point", "coordinates": [10.8185588, 59.853656]}, "properties": {"role": "node", "id": "999766361", "dist_to_outlet_m": 1495.9551502147435, "observable": true, "access": false}}, {"type": "Feature", "geometry": {"type": "Point", "coordinates": [10.818609, 59.8535781]}, "properties": {"role": "node", "id": "10880397473", "dist_to_outlet_m": 1486.8507339794767, "observable": true, "access": false}}, {"type": "Feature", "geometry": {"type": "Point", "coordinates": [10.8187144, 59.85344]}, "properties": {"role": "node", "id": "10880397472", "dist_to_outlet_m": 1470.405333549577, "observable": true, "access": false}}, {"type": "Feature", "geometry": {"type": "Point", "coordinates": [10.8188152, 59.8533516]}, "properties": {"role": "node", "id": "10880397471", "dist_to_outlet_m": 1459.078031112438, "observable": true, "access": false}}, {"type": "Feature", "geometry": {"type": "Point", "coordinates": [10.8188995, 59.8532714]}, "properties": {"role": "node", "id": "10880397470", "dist_to_outlet_m": 1448.9939066066097, "observable": true, "access": true}}, {"type": "Feature", "geometry": {"type": "Point", "coordinates": [10.8190109, 59.8532245]}, "properties": {"role": "node", "id": "10880397469", "dist_to_outlet_m": 1440.8761683607531, "observable": true, "access": false}}, {"type": "Feature", "geometry": {"type": "Point", "coordinates": [10.8191223, 59.8531509]}, "properties": {"role": "node", "id": "999766502", "dist_to_outlet_m": 1430.5961813627716, "observable": true, "access": false}}, {"type": "Feature", "geometry": {"type": "Point", "coordinates": [10.8191429, 59.853105]}, "properties": {"role": "node", "id": "10880397467", "dist_to_outlet_m": 1425.3642935035848, "observable": true, "access": false}}, {"type": "Feature", "geometry": {"type": "Point", "coordinates": [10.8191591, 59.8530418]}, "properties": {"role": "node", "id": "10880397468", "dist_to_outlet_m": 1418.278782387304, "observable": true, "access": false}}, {"type": "Feature", "geometry": {"type": "Point", "coordinates": [10.819199, 59.8529796]}, "properties": {"role": "node", "id": "10880397466", "dist_to_outlet_m": 1411.0123961950635, "observable": true, "access": false}}, {"type": "Feature", "geometry": {"type": "Point", "coordinates": [10.8192203, 59.8528907]}, "properties": {"role": "node", "id": "10880397465", "dist_to_outlet_m": 1401.055859099297, "observable": true, "access": false}}, {"type": "Feature", "geometry": {"type": "Point", "coordinates": [10.8193278, 59.852775]}, "properties": {"role": "node", "id": "10880397464", "dist_to_outlet_m": 1386.8588765924949, "observable": true, "access": false}}, {"type": "Feature", "geometry": {"type": "Point", "coordinates": [10.8193709, 59.8526803]}, "properties": {"role": "node", "id": "10880397463", "dist_to_outlet_m": 1376.0571415233082, "observable": true, "access": false}}, {"type": "Feature", "geometry": {"type": "Point", "coordinates": [10.8193907, 59.8526053]}, "properties": {"role": "node", "id": "10880397462", "dist_to_outlet_m": 1367.6445383603848, "observable": true, "access": false}}, {"type": "Feature", "geometry": {"type": "Point", "coordinates": [10.819459, 59.8524844]}, "properties": {"role": "node", "id": "10880397461", "dist_to_outlet_m": 1353.6704524800793, "observable": true, "access": false}}, {"type": "Feature", "geometry": {"type": "Point", "coordinates": [10.8195276, 59.8524124]}, "properties": {"role": "node", "id": "10880397460", "dist_to_outlet_m": 1344.7950346253012, "observable": true, "access": true}}, {"type": "Feature", "geometry": {"type": "Point", "coordinates": [10.8195991, 59.8523279]}, "properties": {"role": "node", "id": "10880397459", "dist_to_outlet_m": 1334.5858281842904, "observable": true, "access": false}}, {"type": "Feature", "geometry": {"type": "Point", "coordinates": [10.8196743, 59.8522274]}, "properties": {"role": "node", "id": "999766436", "dist_to_outlet_m": 1322.647689264769, "observable": true, "access": false}}, {"type": "Feature", "geometry": {"type": "Point", "coordinates": [10.8196877, 59.852151]}, "properties": {"role": "node", "id": "10880397458", "dist_to_outlet_m": 1314.1195010432305, "observable": true, "access": false}}, {"type": "Feature", "geometry": {"type": "Point", "coordinates": [10.8196944, 59.8520993]}, "properties": {"role": "node", "id": "10880397457", "dist_to_outlet_m": 1308.3585596246733, "observable": true, "access": false}}, {"type": "Feature", "geometry": {"type": "Point", "coordinates": [10.8197543, 59.8519811]}, "properties": {"role": "node", "id": "10880397456", "dist_to_outlet_m": 1294.7962977592417, "observable": true, "access": false}}, {"type": "Feature", "geometry": {"type": "Point", "coordinates": [10.8198149, 59.8519123]}, "properties": {"role": "node", "id": "10880397455", "dist_to_outlet_m": 1286.4309501374903, "observable": true, "access": false}}, {"type": "Feature", "geometry": {"type": "Point", "coordinates": [10.8198595, 59.8518421]}, "properties": {"role": "node", "id": "999766528", "dist_to_outlet_m": 1278.237317399832, "observable": true, "access": false}}, {"type": "Feature", "geometry": {"type": "Point", "coordinates": [10.8198482, 59.8517916]}, "properties": {"role": "node", "id": "10880397454", "dist_to_outlet_m": 1272.5866247770941, "observable": true, "access": false}}, {"type": "Feature", "geometry": {"type": "Point", "coordinates": [10.8198012, 59.8517421]}, "properties": {"role": "node", "id": "999766441", "dist_to_outlet_m": 1266.4886634399884, "observable": true, "access": false}}, {"type": "Feature", "geometry": {"type": "Point", "coordinates": [10.8197172, 59.8517212]}, "properties": {"role": "node", "id": "10880397453", "dist_to_outlet_m": 1261.2534643699523, "observable": true, "access": false}}, {"type": "Feature", "geometry": {"type": "Point", "coordinates": [10.8195978, 59.8517166]}, "properties": {"role": "node", "id": "999766585", "dist_to_outlet_m": 1254.565803673279, "observable": true, "access": false}}, {"type": "Feature", "geometry": {"type": "Point", "coordinates": [10.8195545, 59.8517241]}, "properties": {"role": "node", "id": "13358066899", "dist_to_outlet_m": 1252.0078832333913, "observable": true, "access": false}}, {"type": "Feature", "geometry": {"type": "Point", "coordinates": [10.8194688, 59.8517389]}, "properties": {"role": "node", "id": "10880397452", "dist_to_outlet_m": 1246.946807834422, "observable": true, "access": false}}, {"type": "Feature", "geometry": {"type": "Point", "coordinates": [10.8193295, 59.8517649]}, "properties": {"role": "node", "id": "999766608", "dist_to_outlet_m": 1238.647562169222, "observable": true, "access": false}}, {"type": "Feature", "geometry": {"type": "Point", "coordinates": [10.8191331, 59.851737]}, "properties": {"role": "node", "id": "10880397451", "dist_to_outlet_m": 1227.249017809698, "observable": true, "access": false}}, {"type": "Feature", "geometry": {"type": "Point", "coordinates": [10.8189522, 59.8517096]}, "properties": {"role": "node", "id": "10880397449", "dist_to_outlet_m": 1216.696968064189, "observable": true, "access": false}}, {"type": "Feature", "geometry": {"type": "Point", "coordinates": [10.8188772, 59.8516956]}, "properties": {"role": "node", "id": "999766672", "dist_to_outlet_m": 1212.2285403361807, "observable": true, "access": false}}, {"type": "Feature", "geometry": {"type": "Point", "coordinates": [10.818839, 59.851678]}, "properties": {"role": "node", "id": "10880397450", "dist_to_outlet_m": 1209.333527236351, "observable": true, "access": false}}, {"type": "Feature", "geometry": {"type": "Point", "coordinates": [10.8187357, 59.8516028]}, "properties": {"role": "node", "id": "10880397448", "dist_to_outlet_m": 1199.1747115436046, "observable": true, "access": true}}, {"type": "Feature", "geometry": {"type": "Point", "coordinates": [10.8186309, 59.851528]}, "properties": {"role": "node", "id": "999766377", "dist_to_outlet_m": 1189.0044913079014, "observable": true, "access": false}}, {"type": "Feature", "geometry": {"type": "Point", "coordinates": [10.8185642, 59.8515004]}, "properties": {"role": "node", "id": "996426990", "dist_to_outlet_m": 1184.1780905157716, "observable": true, "access": false}}, {"type": "Feature", "geometry": {"type": "Point", "coordinates": [10.8184904, 59.8514782]}, "properties": {"role": "node", "id": "6595922307", "dist_to_outlet_m": 1179.3738853367927, "observable": true, "access": false}}, {"type": "Feature", "geometry": {"type": "Point", "coordinates": [10.8184415, 59.851462]}, "properties": {"role": "node", "id": "6595922309", "dist_to_outlet_m": 1176.1023747937172, "observable": true, "access": false}}, {"type": "Feature", "geometry": {"type": "Point", "coordinates": [10.8183943, 59.8514526]}, "properties": {"role": "node", "id": "6595922310", "dist_to_outlet_m": 1173.2667309233036, "observable": true, "access": false}}, {"type": "Feature", "geometry": {"type": "Point", "coordinates": [10.8181335, 59.8514568]}, "properties": {"role": "node", "id": "6595922311", "dist_to_outlet_m": 1158.6943640410482, "observable": true, "access": false}}, {"type": "Feature", "geometry": {"type": "Point", "coordinates": [10.8179264, 59.8514501]}, "properties": {"role": "node", "id": "10880397447", "dist_to_outlet_m": 1147.1044932013783, "observable": true, "access": false}}, {"type": "Feature", "geometry": {"type": "Point", "coordinates": [10.817708, 59.8514386]}, "properties": {"role": "node", "id": "999766613", "dist_to_outlet_m": 1134.8406691662865, "observable": true, "access": false}}, {"type": "Feature", "geometry": {"type": "Point", "coordinates": [10.8175512, 59.8514103]}, "properties": {"role": "node", "id": "10880397446", "dist_to_outlet_m": 1125.53560942608, "observable": true, "access": false}}, {"type": "Feature", "geometry": {"type": "Point", "coordinates": [10.8173968, 59.8513419]}, "properties": {"role": "node", "id": "10880397445", "dist_to_outlet_m": 1114.037799211716, "observable": true, "access": false}}, {"type": "Feature", "geometry": {"type": "Point", "coordinates": [10.8172592, 59.8513359]}, "properties": {"role": "node", "id": "10880397444", "dist_to_outlet_m": 1106.3243265518106, "observable": true, "access": false}}, {"type": "Feature", "geometry": {"type": "Point", "coordinates": [10.8170538, 59.8512967]}, "properties": {"role": "node", "id": "999766318", "dist_to_outlet_m": 1094.053078140472, "observable": true, "access": false}}, {"type": "Feature", "geometry": {"type": "Point", "coordinates": [10.8169647, 59.8512494]}, "properties": {"role": "node", "id": "10880397443", "dist_to_outlet_m": 1086.8127037910208, "observable": true, "access": true}}, {"type": "Feature", "geometry": {"type": "Point", "coordinates": [10.8168926, 59.8511828]}, "properties": {"role": "node", "id": "10880397442", "dist_to_outlet_m": 1078.3832258486327, "observable": true, "access": false}}, {"type": "Feature", "geometry": {"type": "Point", "coordinates": [10.816747, 59.8511481]}, "properties": {"role": "node", "id": "6535531063", "dist_to_outlet_m": 1069.3828278940275, "observable": true, "access": false}}, {"type": "Feature", "geometry": {"type": "Point", "coordinates": [10.8346147, 59.8618008]}, "properties": {"role": "node", "id": "6596964030", "dist_to_outlet_m": 3442.935906198052, "observable": true, "access": false}}, {"type": "Feature", "geometry": {"type": "Point", "coordinates": [10.8352098, 59.8619234]}, "properties": {"role": "node", "id": "999766413", "dist_to_outlet_m": 3479.435393363731, "observable": true, "access": true}}, {"type": "Feature", "geometry": {"type": "Point", "coordinates": [10.8350373, 59.8619068]}, "properties": {"role": "node", "id": "6596964028", "dist_to_outlet_m": 3469.629529878038, "observable": true, "access": false}}, {"type": "Feature", "geometry": {"type": "Point", "coordinates": [10.8348514, 59.8618804]}, "properties": {"role": "node", "id": "2684939338", "dist_to_outlet_m": 3458.843677388295, "observable": true, "access": false}}, {"type": "Feature", "geometry": {"type": "Point", "coordinates": [10.8347448, 59.861843]}, "properties": {"role": "node", "id": "6596964029", "dist_to_outlet_m": 3451.5832280136897, "observable": true, "access": false}}, {"type": "Feature", "geometry": {"type": "Point", "coordinates": [10.8281532, 59.8618212]}, "properties": {"role": "node", "id": "6597158991", "dist_to_outlet_m": 2974.4083509556062, "observable": true, "access": false}}, {"type": "Feature", "geometry": {"type": "Point", "coordinates": [10.8320253, 59.8620809]}, "properties": {"role": "node", "id": "6302785787", "dist_to_outlet_m": 3208.4665508798194, "observable": true, "access": false}}, {"type": "Feature", "geometry": {"type": "Point", "coordinates": [10.8318862, 59.8620895]}, "properties": {"role": "node", "id": "12025507958", "dist_to_outlet_m": 3200.6420675480003, "observable": true, "access": false}}, {"type": "Feature", "geometry": {"type": "Point", "coordinates": [10.8318526, 59.8620769]}, "properties": {"role": "node", "id": "999766661", "dist_to_outlet_m": 3198.3007430296016, "observable": true, "access": false}}, {"type": "Feature", "geometry": {"type": "Point", "coordinates": [10.8317873, 59.8620233]}, "properties": {"role": "node", "id": "6302785788", "dist_to_outlet_m": 3191.314120651834, "observable": true, "access": false}}, {"type": "Feature", "geometry": {"type": "Point", "coordinates": [10.8317385, 59.8619723]}, "properties": {"role": "node", "id": "999766588", "dist_to_outlet_m": 3185.02267442121, "observable": true, "access": false}}, {"type": "Feature", "geometry": {"type": "Point", "coordinates": [10.831659, 59.8619634]}, "properties": {"role": "node", "id": "6302785484", "dist_to_outlet_m": 3180.475254504135, "observable": true, "access": false}}, {"type": "Feature", "geometry": {"type": "Point", "coordinates": [10.8313928, 59.8619428]}, "properties": {"role": "node", "id": "6302785785", "dist_to_outlet_m": 3165.438001865744, "observable": true, "access": false}}, {"type": "Feature", "geometry": {"type": "Point", "coordinates": [10.8312654, 59.8619251]}, "properties": {"role": "node", "id": "10880400605", "dist_to_outlet_m": 3158.0580603099947, "observable": true, "access": false}}, {"type": "Feature", "geometry": {"type": "Point", "coordinates": [10.8311552, 59.861916]}, "properties": {"role": "node", "id": "10880397504", "dist_to_outlet_m": 3151.8230080504136, "observable": true, "access": false}}, {"type": "Feature", "geometry": {"type": "Point", "coordinates": [10.8310188, 59.8619419]}, "properties": {"role": "node", "id": "6302785483", "dist_to_outlet_m": 3143.6814955092777, "observable": true, "access": false}}, {"type": "Feature", "geometry": {"type": "Point", "coordinates": [10.8304174, 59.8619392]}, "properties": {"role": "node", "id": "10880397503", "dist_to_outlet_m": 3110.1043883694674, "observable": true, "access": false}}, {"type": "Feature", "geometry": {"type": "Point", "coordinates": [10.8303363, 59.8618444]}, "properties": {"role": "node", "id": "999766364", "dist_to_outlet_m": 3098.6318459469107, "observable": true, "access": true}}, {"type": "Feature", "geometry": {"type": "Point", "coordinates": [10.8298722, 59.8617984]}, "properties": {"role": "node", "id": "6597517896", "dist_to_outlet_m": 3072.2213112584127, "observable": true, "access": false}}, {"type": "Feature", "geometry": {"type": "Point", "coordinates": [10.8295747, 59.8617814]}, "properties": {"role": "node", "id": "6597517895", "dist_to_outlet_m": 3055.5047847606475, "observable": true, "access": false}}, {"type": "Feature", "geometry": {"type": "Point", "coordinates": [10.8293703, 59.8617804]}, "properties": {"role": "node", "id": "999766301", "dist_to_outlet_m": 3044.0926712265477, "observable": true, "access": false}}, {"type": "Feature", "geometry": {"type": "Point", "coordinates": [10.8290016, 59.8618524]}, "properties": {"role": "node", "id": "999766443", "dist_to_outlet_m": 3022.006199421899, "observable": true, "access": false}}, {"type": "Feature", "geometry": {"type": "Point", "coordinates": [10.8286375, 59.8618501]}, "properties": {"role": "node", "id": "10880397502", "dist_to_outlet_m": 3001.677073498411, "observable": true, "access": false}}, {"type": "Feature", "geometry": {"type": "Point", "coordinates": [10.8284094, 59.861837]}, "properties": {"role": "node", "id": "6597517894", "dist_to_outlet_m": 2988.8593254096736, "observable": true, "access": true}}, {"type": "Feature", "geometry": {"type": "Point", "coordinates": [10.8283391, 59.8618283]}, "properties": {"role": "node", "id": "999766384", "dist_to_outlet_m": 2984.8170451147143, "observable": true, "access": false}}, {"type": "Feature", "geometry": {"type": "Point", "coordinates": [10.8512923, 59.8664173]}, "properties": {"role": "node", "id": "7435703327", "dist_to_outlet_m": 4682.601558474247, "observable": true, "access": false}}, {"type": "Feature", "geometry": {"type": "Point", "coordinates": [10.8513983, 59.8670306]}, "properties": {"role": "node", "id": "257433602", "dist_to_outlet_m": 4751.257519642597, "observable": true, "access": true}}, {"type": "Feature", "geometry": {"type": "Point", "coordinates": [10.8514036, 59.8669041]}, "properties": {"role": "node", "id": "7435703318", "dist_to_outlet_m": 4737.188250479482, "observable": true, "access": false}}, {"type": "Feature", "geometry": {"type": "Point", "coordinates": [10.8513902, 59.86676]}, "properties": {"role": "node", "id": "7435703317", "dist_to_outlet_m": 4721.147611709582, "observable": true, "access": false}}, {"type": "Feature", "geometry": {"type": "Point", "coordinates": [10.8513674, 59.8666193]}, "properties": {"role": "node", "id": "7435703319", "dist_to_outlet_m": 4705.450802871046, "observable": true, "access": false}}, {"type": "Feature", "geometry": {"type": "Point", "coordinates": [10.8498182, 59.8647604]}, "properties": {"role": "candidate", "id": "O1", "node_id": "12025589073", "label": "O-1", "prior_weight": 1.0, "synthetic": true, "kind": "outfall"}}, {"type": "Feature", "geometry": {"type": "Point", "coordinates": [10.8479448, 59.8631473]}, "properties": {"role": "candidate", "id": "O2", "node_id": "999766622", "label": "O-2", "prior_weight": 1.0, "synthetic": true, "kind": "outfall"}}, {"type": "Feature", "geometry": {"type": "Point", "coordinates": [10.8470092, 59.8630638]}, "properties": {"role": "candidate", "id": "O3", "node_id": "12025526059", "label": "O-3", "prior_weight": 1.0, "synthetic": true, "kind": "outfall"}}, {"type": "Feature", "geometry": {"type": "Point", "coordinates": [10.8364268, 59.8618473]}, "properties": {"role": "candidate", "id": "O4", "node_id": "999766616", "label": "O-4", "prior_weight": 1.0, "synthetic": true, "kind": "outfall"}}, {"type": "Feature", "geometry": {"type": "Point", "coordinates": [10.8341932, 59.8616552]}, "properties": {"role": "candidate", "id": "O5", "node_id": "12025507963", "label": "O-5", "prior_weight": 1.0, "synthetic": true, "kind": "outfall"}}, {"type": "Feature", "geometry": {"type": "Point", "coordinates": [10.8290016, 59.8618524]}, "properties": {"role": "candidate", "id": "O6", "node_id": "999766443", "label": "O-6", "prior_weight": 1.0, "synthetic": true, "kind": "outfall"}}, {"type": "Feature", "geometry": {"type": "Point", "coordinates": [10.8238808, 59.8610732]}, "properties": {"role": "candidate", "id": "O7", "node_id": "6597158982", "label": "O-7", "prior_weight": 1.0, "synthetic": true, "kind": "outfall"}}, {"type": "Feature", "geometry": {"type": "Point", "coordinates": [10.8229449, 59.8608332]}, "properties": {"role": "candidate", "id": "O8", "node_id": "999766461", "label": "O-8", "prior_weight": 1.0, "synthetic": true, "kind": "outfall"}}, {"type": "Feature", "geometry": {"type": "Point", "coordinates": [10.818586, 59.8583175]}, "properties": {"role": "candidate", "id": "O9", "node_id": "10876435893", "label": "O-9", "prior_weight": 1.0, "synthetic": true, "kind": "outfall"}}, {"type": "Feature", "geometry": {"type": "Point", "coordinates": [10.8186124, 59.857769]}, "properties": {"role": "candidate", "id": "O10", "node_id": "6598085091", "label": "O-10", "prior_weight": 1.0, "synthetic": true, "kind": "outfall"}}, {"type": "Feature", "geometry": {"type": "Point", "coordinates": [10.8178931, 59.8556121]}, "properties": {"role": "candidate", "id": "O11", "node_id": "10880397492", "label": "O-11", "prior_weight": 1.0, "synthetic": true, "kind": "outfall"}}, {"type": "Feature", "geometry": {"type": "Point", "coordinates": [10.8177593, 59.8546243]}, "properties": {"role": "candidate", "id": "O12", "node_id": "10880397482", "label": "O-12", "prior_weight": 1.0, "synthetic": true, "kind": "outfall"}}, {"type": "Feature", "geometry": {"type": "Point", "coordinates": [10.8187144, 59.85344]}, "properties": {"role": "candidate", "id": "O13", "node_id": "10880397472", "label": "O-13", "prior_weight": 1.0, "synthetic": true, "kind": "outfall"}}, {"type": "Feature", "geometry": {"type": "Point", "coordinates": [10.8188772, 59.8516956]}, "properties": {"role": "candidate", "id": "O14", "node_id": "999766672", "label": "O-14", "prior_weight": 1.0, "synthetic": true, "kind": "outfall"}}, {"type": "Feature", "geometry": {"type": "Point", "coordinates": [10.8175512, 59.8514103]}, "properties": {"role": "candidate", "id": "O15", "node_id": "10880397446", "label": "O-15", "prior_weight": 1.0, "synthetic": true, "kind": "outfall"}}, {"type": "Feature", "geometry": {"type": "Point", "coordinates": [10.8110608, 59.8506297]}, "properties": {"role": "candidate", "id": "O16", "node_id": "10876177838", "label": "O-16", "prior_weight": 1.0, "synthetic": true, "kind": "outfall"}}, {"type": "Feature", "geometry": {"type": "Point", "coordinates": [10.8097481, 59.8506371]}, "properties": {"role": "candidate", "id": "O17", "node_id": "10876167197", "label": "O-17", "prior_weight": 1.0, "synthetic": true, "kind": "outfall"}}, {"type": "Feature", "geometry": {"type": "Point", "coordinates": [10.8052933, 59.8494145]}, "properties": {"role": "candidate", "id": "O18", "node_id": "299351169", "label": "O-18", "prior_weight": 1.0, "synthetic": true, "kind": "outfall"}}, {"type": "Feature", "geometry": {"type": "Point", "coordinates": [10.8041838, 59.8489531]}, "properties": {"role": "candidate", "id": "O19", "node_id": "299351165", "label": "O-19", "prior_weight": 1.0, "synthetic": true, "kind": "outfall"}}, {"type": "Feature", "geometry": {"type": "Point", "coordinates": [10.8012934, 59.8492699]}, "properties": {"role": "candidate", "id": "O20", "node_id": "1139932562", "label": "O-20", "prior_weight": 1.0, "synthetic": true, "kind": "outfall"}}, {"type": "Feature", "geometry": {"type": "Point", "coordinates": [10.803561, 59.8495964]}, "properties": {"role": "place", "id": "osm-n5312739308", "kind": "kindergarten", "label": "Ljabru g\u00e5rd Steinerbarnehage", "node_id": "4929090926", "weight": 0.9}}, {"type": "Feature", "geometry": {"type": "Point", "coordinates": [10.8042864, 59.8499741]}, "properties": {"role": "place", "id": "osm-w836274119", "kind": "school", "label": "Ljabruskolen - steinerskole for Elever Med Spesielle Behov", "node_id": "10876177867", "weight": 0.8}}]}