{"type": "FeatureCollection", "properties": {"name": "Hovinbekken", "city": "Oslo", "source": "OpenStreetMap (ODbL)", "gaps_bridged": 4, "fragments_dropped": 2, "candidates": "synthetic, 1 per ~130 m unless set", "fetched": "2026-09-25"}, "features": [{"type": "Feature", "geometry": {"type": "LineString", "coordinates": [[10.7966423, 59.9241105], [10.7966745, 59.9238525]]}, "properties": {"role": "edge", "from": "6577117911", "to": "6577195790", "length": 28.74, "culvert": false, "unmapped": false}}, {"type": "Feature", "geometry": {"type": "LineString", "coordinates": [[10.8210081, 59.9448616], [10.8208805, 59.944782]]}, "properties": {"role": "edge", "from": "853132866", "to": "853132926", "length": 11.35, "culvert": false, "unmapped": false}}, {"type": "Feature", "geometry": {"type": "LineString", "coordinates": [[10.8211568, 59.9460095], [10.8214267, 59.9457087]]}, "properties": {"role": "edge", "from": "853132904", "to": "853132888", "length": 36.67, "culvert": false, "unmapped": false}}, {"type": "Feature", "geometry": {"type": "LineString", "coordinates": [[10.8211434, 59.946205], [10.821207, 59.9461396]]}, "properties": {"role": "edge", "from": "13342730978", "to": "853132959", "length": 8.09, "culvert": false, "unmapped": false}}, {"type": "Feature", "geometry": {"type": "LineString", "coordinates": [[10.814806, 59.9350722], [10.8147881, 59.9350232]]}, "properties": {"role": "edge", "from": "11667206225", "to": "11667206224", "length": 5.54, "culvert": false, "unmapped": false}}, {"type": "Feature", "geometry": {"type": "LineString", "coordinates": [[10.8147319, 59.9300787], [10.8148301, 59.9298891]]}, "properties": {"role": "edge", "from": "1348758291", "to": "8257408571", "length": 21.78, "culvert": false, "unmapped": false}}, {"type": "Feature", "geometry": {"type": "LineString", "coordinates": [[10.8150262, 59.9323567], [10.8150328, 59.9323161]]}, "properties": {"role": "edge", "from": "8026212484", "to": "1414539754", "length": 4.53, "culvert": false, "unmapped": false}}, {"type": "Feature", "geometry": {"type": "LineString", "coordinates": [[10.8213865, 59.9391892], [10.8214629, 59.9391244]]}, "properties": {"role": "edge", "from": "7472025706", "to": "2519314922", "length": 8.37, "culvert": false, "unmapped": false}}, {"type": "Feature", "geometry": {"type": "LineString", "coordinates": [[10.8207824, 59.9437392], [10.8208247, 59.9436218]]}, "properties": {"role": "edge", "from": "1368228004", "to": "853132921", "length": 13.27, "culvert": false, "unmapped": false}}, {"type": "Feature", "geometry": {"type": "LineString", "coordinates": [[10.8226874, 59.9404381], [10.8225626, 59.9403551]]}, "properties": {"role": "edge", "from": "1368225939", "to": "1368225913", "length": 11.55, "culvert": false, "unmapped": false}}, {"type": "Feature", "geometry": {"type": "LineString", "coordinates": [[10.7968252, 59.9246945], [10.7967462, 59.9246774]]}, "properties": {"role": "edge", "from": "6396859954", "to": "6577117909", "length": 4.8, "culvert": false, "unmapped": false}}, {"type": "Feature", "geometry": {"type": "LineString", "coordinates": [[10.8209285, 59.9423501], [10.8211422, 59.9422338]]}, "properties": {"role": "edge", "from": "1368226467", "to": "1368226433", "length": 17.58, "culvert": false, "unmapped": false}}, {"type": "Feature", "geometry": {"type": "LineString", "coordinates": [[10.7980183, 59.9249654], [10.797744, 59.9249063]]}, "properties": {"role": "edge", "from": "6577195907", "to": "6396859955", "length": 16.64, "culvert": false, "unmapped": false}}, {"type": "Feature", "geometry": {"type": "LineString", "coordinates": [[10.821484, 59.9394559], [10.8213704, 59.9392646]]}, "properties": {"role": "edge", "from": "2519314942", "to": "2519314930", "length": 22.19, "culvert": false, "unmapped": false}}, {"type": "Feature", "geometry": {"type": "LineString", "coordinates": [[10.8144204, 59.9294065], [10.8143572, 59.9293908]]}, "properties": {"role": "edge", "from": "1348758292", "to": "1348758277", "length": 3.93, "culvert": false, "unmapped": false}}, {"type": "Feature", "geometry": {"type": "LineString", "coordinates": [[10.8166203, 59.9358016], [10.8165682, 59.9357431]]}, "properties": {"role": "edge", "from": "1371653215", "to": "1371653206", "length": 7.12, "culvert": false, "unmapped": false}}, {"type": "Feature", "geometry": {"type": "LineString", "coordinates": [[10.7990488, 59.9252643], [10.7989577, 59.9252269]]}, "properties": {"role": "edge", "from": "3752017051", "to": "6577195913", "length": 6.56, "culvert": false, "unmapped": false}}, {"type": "Feature", "geometry": {"type": "LineString", "coordinates": [[10.821482, 59.9454734], [10.8214611, 59.9453798]]}, "properties": {"role": "edge", "from": "8177340759", "to": "853132935", "length": 10.47, "culvert": false, "unmapped": false}}, {"type": "Feature", "geometry": {"type": "LineString", "coordinates": [[10.7987532, 59.9251546], [10.798611, 59.9251193]]}, "properties": {"role": "edge", "from": "3752017050", "to": "6577195911", "length": 8.84, "culvert": false, "unmapped": false}}, {"type": "Feature", "geometry": {"type": "LineString", "coordinates": [[10.8214629, 59.9391244], [10.821578, 59.9390398]]}, "properties": {"role": "edge", "from": "2519314922", "to": "7472025705", "length": 11.38, "culvert": false, "unmapped": false}}, {"type": "Feature", "geometry": {"type": "LineString", "coordinates": [[10.8208215, 59.9443398], [10.8208252, 59.9442549]]}, "properties": {"role": "edge", "from": "853132889", "to": "13342730977", "length": 9.44, "culvert": false, "unmapped": false}}, {"type": "Feature", "geometry": {"type": "LineString", "coordinates": [[10.8215694, 59.9396756], [10.8215184, 59.9395848]]}, "properties": {"role": "edge", "from": "2519314948", "to": "7472025707", "length": 10.49, "culvert": false, "unmapped": false}}, {"type": "Feature", "geometry": {"type": "LineString", "coordinates": [[10.8160523, 59.9356109], [10.8158874, 59.9355236]]}, "properties": {"role": "edge", "from": "1371653174", "to": "1371653164", "length": 13.36, "culvert": false, "unmapped": false}}, {"type": "Feature", "geometry": {"type": "LineString", "coordinates": [[10.8212075, 59.9431175], [10.8212739, 59.9429988]]}, "properties": {"role": "edge", "from": "1368227175", "to": "1368227029", "length": 13.71, "culvert": false, "unmapped": false}}, {"type": "Feature", "geometry": {"type": "LineString", "coordinates": [[10.8228172, 59.9410694], [10.8228399, 59.9410279]]}, "properties": {"role": "edge", "from": "1368226102", "to": "1368226074", "length": 4.78, "culvert": true, "unmapped": false}}, {"type": "Feature", "geometry": {"type": "LineString", "coordinates": [[10.7966503, 59.9246556], [10.7966168, 59.9246274]]}, "properties": {"role": "edge", "from": "3752017049", "to": "6577117910", "length": 3.65, "culvert": false, "unmapped": false}}, {"type": "Feature", "geometry": {"type": "LineString", "coordinates": [[10.8208303, 59.946407], [10.8209856, 59.9463365]]}, "properties": {"role": "edge", "from": "853132885", "to": "13342730979", "length": 11.67, "culvert": false, "unmapped": false}}, {"type": "Feature", "geometry": {"type": "LineString", "coordinates": [[10.8216518, 59.9420794], [10.8217763, 59.9421067]]}, "properties": {"role": "edge", "from": "1368226336", "to": "1368226342", "length": 7.57, "culvert": false, "unmapped": false}}, {"type": "Feature", "geometry": {"type": "LineString", "coordinates": [[10.8214404, 59.9383075], [10.8213779, 59.9382163]]}, "properties": {"role": "edge", "from": "5433351432", "to": "2519314841", "length": 10.72, "culvert": false, "unmapped": false}}, {"type": "Feature", "geometry": {"type": "LineString", "coordinates": [[10.8150986, 59.9327945], [10.815002, 59.9327585]]}, "properties": {"role": "edge", "from": "8026254390", "to": "8026254391", "length": 6.71, "culvert": false, "unmapped": false}}, {"type": "Feature", "geometry": {"type": "LineString", "coordinates": [[10.8147101, 59.9294739], [10.8146541, 59.9294464]]}, "properties": {"role": "edge", "from": "1348758302", "to": "8174132238", "length": 4.37, "culvert": false, "unmapped": false}}, {"type": "Feature", "geometry": {"type": "LineString", "coordinates": [[10.7983629, 59.9250467], [10.7981906, 59.9250037]]}, "properties": {"role": "edge", "from": "6577195909", "to": "6577195908", "length": 10.73, "culvert": false, "unmapped": false}}, {"type": "Feature", "geometry": {"type": "LineString", "coordinates": [[10.8207312, 59.9440188], [10.8206973, 59.9439882]]}, "properties": {"role": "edge", "from": "1368228046", "to": "13342730976", "length": 3.89, "culvert": false, "unmapped": false}}, {"type": "Feature", "geometry": {"type": "LineString", "coordinates": [[10.8148549, 59.9351066], [10.8148464, 59.9350934]]}, "properties": {"role": "edge", "from": "11667206227", "to": "11667206226", "length": 1.54, "culvert": false, "unmapped": false}}, {"type": "Feature", "geometry": {"type": "LineString", "coordinates": [[10.797744, 59.9249063], [10.7968252, 59.9246945]]}, "properties": {"role": "edge", "from": "6396859955", "to": "6396859954", "length": 56.36, "culvert": false, "unmapped": false}}, {"type": "Feature", "geometry": {"type": "LineString", "coordinates": [[10.8003507, 59.9254593], [10.8001168, 59.92555]]}, "properties": {"role": "edge", "from": "12542502737", "to": "12542502738", "length": 16.48, "culvert": false, "unmapped": false}}, {"type": "Feature", "geometry": {"type": "LineString", "coordinates": [[10.8212941, 59.9421728], [10.8214285, 59.9421123]]}, "properties": {"role": "edge", "from": "1368226430", "to": "1368226366", "length": 10.06, "culvert": false, "unmapped": false}}, {"type": "Feature", "geometry": {"type": "LineString", "coordinates": [[10.8224421, 59.9420626], [10.8225131, 59.9419842]]}, "properties": {"role": "edge", "from": "1368226359", "to": "1368226312", "length": 9.57, "culvert": false, "unmapped": false}}, {"type": "Feature", "geometry": {"type": "LineString", "coordinates": [[10.8144392, 59.9334915], [10.815061, 59.9333957]]}, "properties": {"role": "edge", "from": "1414539762", "to": "13342772128", "length": 36.24, "culvert": true, "unmapped": false}}, {"type": "Feature", "geometry": {"type": "LineString", "coordinates": [[10.8001168, 59.92555], [10.8000293, 59.9255285]]}, "properties": {"role": "edge", "from": "12542502738", "to": "12542502739", "length": 5.43, "culvert": false, "unmapped": false}}, {"type": "Feature", "geometry": {"type": "LineString", "coordinates": [[10.8144552, 59.9336361], [10.8144458, 59.9335838]]}, "properties": {"role": "edge", "from": "11667206231", "to": "11667206232", "length": 5.84, "culvert": false, "unmapped": false}}, {"type": "Feature", "geometry": {"type": "LineString", "coordinates": [[10.820831, 59.9447151], [10.8207974, 59.9446302]]}, "properties": {"role": "edge", "from": "853132908", "to": "853132924", "length": 9.62, "culvert": false, "unmapped": false}}, {"type": "Feature", "geometry": {"type": "LineString", "coordinates": [[10.8216545, 59.9453975], [10.8216325, 59.9453509]]}, "properties": {"role": "edge", "from": "13342730985", "to": "13342730986", "length": 5.32, "culvert": false, "unmapped": false}}, {"type": "Feature", "geometry": {"type": "LineString", "coordinates": [[10.8208805, 59.944782], [10.820831, 59.9447151]]}, "properties": {"role": "edge", "from": "853132926", "to": "853132908", "length": 7.93, "culvert": false, "unmapped": false}}, {"type": "Feature", "geometry": {"type": "LineString", "coordinates": [[10.8219104, 59.9421063], [10.82196, 59.9420879]]}, "properties": {"role": "edge", "from": "1368226379", "to": "1368226398", "length": 3.44, "culvert": false, "unmapped": false}}, {"type": "Feature", "geometry": {"type": "LineString", "coordinates": [[10.8224905, 59.9417563], [10.8225138, 59.9417065]]}, "properties": {"role": "edge", "from": "1368226258", "to": "1368226252", "length": 5.69, "culvert": false, "unmapped": false}}, {"type": "Feature", "geometry": {"type": "LineString", "coordinates": [[10.8227339, 59.9405038], [10.8226874, 59.9404381]]}, "properties": {"role": "edge", "from": "1368225961", "to": "1368225939", "length": 7.75, "culvert": false, "unmapped": false}}, {"type": "Feature", "geometry": {"type": "LineString", "coordinates": [[10.8148407, 59.9352313], [10.8148546, 59.9351949]]}, "properties": {"role": "edge", "from": "13342730974", "to": "11667206230", "length": 4.12, "culvert": true, "unmapped": false}}, {"type": "Feature", "geometry": {"type": "LineString", "coordinates": [[10.8210474, 59.9375699], [10.8210529, 59.9374681]]}, "properties": {"role": "edge", "from": "1368266176", "to": "2519314754", "length": 11.32, "culvert": false, "unmapped": false}}, {"type": "Feature", "geometry": {"type": "LineString", "coordinates": [[10.8228019, 59.9412572], [10.8228628, 59.9411609]]}, "properties": {"role": "edge", "from": "1368226157", "to": "1368226145", "length": 11.23, "culvert": false, "unmapped": false}}, {"type": "Feature", "geometry": {"type": "LineString", "coordinates": [[10.796582, 59.9244372], [10.7966141, 59.9242718]]}, "properties": {"role": "edge", "from": "3752017048", "to": "6577117912", "length": 18.48, "culvert": false, "unmapped": false}}, {"type": "Feature", "geometry": {"type": "LineString", "coordinates": [[10.8213704, 59.9392646], [10.8213865, 59.9391892]]}, "properties": {"role": "edge", "from": "2519314930", "to": "7472025706", "length": 8.43, "culvert": false, "unmapped": false}}, {"type": "Feature", "geometry": {"type": "LineString", "coordinates": [[10.8201891, 59.9473437], [10.8205842, 59.9469046]]}, "properties": {"role": "edge", "from": "853132905", "to": "853132864", "length": 53.55, "culvert": true, "unmapped": false}}, {"type": "Feature", "geometry": {"type": "LineString", "coordinates": [[10.8211867, 59.9432657], [10.8211924, 59.9431907]]}, "properties": {"role": "edge", "from": "1368227317", "to": "1368227251", "length": 8.35, "culvert": false, "unmapped": false}}, {"type": "Feature", "geometry": {"type": "LineString", "coordinates": [[10.8212222, 59.9453249], [10.8211781, 59.9452756]]}, "properties": {"role": "edge", "from": "8177340757", "to": "853132955", "length": 6.01, "culvert": false, "unmapped": false}}, {"type": "Feature", "geometry": {"type": "LineString", "coordinates": [[10.82196, 59.9420879], [10.8220661, 59.942092]]}, "properties": {"role": "edge", "from": "1368226398", "to": "1368226399", "length": 5.93, "culvert": false, "unmapped": false}}, {"type": "Feature", "geometry": {"type": "LineString", "coordinates": [[10.8147739, 59.9319842], [10.8147319, 59.9300787]]}, "properties": {"role": "edge", "from": "1414539750", "to": "1348758291", "length": 211.89, "culvert": true, "unmapped": false}}, {"type": "Feature", "geometry": {"type": "LineString", "coordinates": [[10.8216325, 59.9453509], [10.8215892, 59.9453161]]}, "properties": {"role": "edge", "from": "13342730986", "to": "13342730987", "length": 4.56, "culvert": false, "unmapped": false}}, {"type": "Feature", "geometry": {"type": "LineString", "coordinates": [[10.814879, 59.9352454], [10.8148407, 59.9352313]]}, "properties": {"role": "edge", "from": "13342730973", "to": "13342730974", "length": 2.65, "culvert": false, "unmapped": false}}, {"type": "Feature", "geometry": {"type": "LineString", "coordinates": [[10.8149683, 59.9320467], [10.8148892, 59.9320176]]}, "properties": {"role": "edge", "from": "1448495888", "to": "1414539751", "length": 5.47, "culvert": true, "unmapped": false}}, {"type": "Feature", "geometry": {"type": "LineString", "coordinates": [[10.7997055, 59.9253595], [10.7995956, 59.9253442]]}, "properties": {"role": "edge", "from": "13342644989", "to": "9544698629", "length": 6.36, "culvert": false, "unmapped": false}}, {"type": "Feature", "geometry": {"type": "LineString", "coordinates": [[10.8149433, 59.9326335], [10.8149645, 59.9325254]]}, "properties": {"role": "edge", "from": "1414539755", "to": "8026254386", "length": 12.08, "culvert": false, "unmapped": false}}, {"type": "Feature", "geometry": {"type": "LineString", "coordinates": [[10.7988665, 59.9251926], [10.7987532, 59.9251546]]}, "properties": {"role": "edge", "from": "6577195912", "to": "3752017050", "length": 7.6, "culvert": false, "unmapped": false}}, {"type": "Feature", "geometry": {"type": "LineString", "coordinates": [[10.8227149, 59.9413387], [10.8228019, 59.9412572]]}, "properties": {"role": "edge", "from": "1368226173", "to": "1368226157", "length": 10.28, "culvert": false, "unmapped": false}}, {"type": "Feature", "geometry": {"type": "LineString", "coordinates": [[10.8168111, 59.9360665], [10.8166826, 59.9359823]]}, "properties": {"role": "edge", "from": "1371653274", "to": "1371653254", "length": 11.79, "culvert": false, "unmapped": false}}, {"type": "Feature", "geometry": {"type": "LineString", "coordinates": [[10.8214876, 59.9420918], [10.821568, 59.942078]]}, "properties": {"role": "edge", "from": "1368226338", "to": "1368226332", "length": 4.73, "culvert": false, "unmapped": false}}, {"type": "Feature", "geometry": {"type": "LineString", "coordinates": [[10.8206938, 59.9465281], [10.8208303, 59.946407]]}, "properties": {"role": "edge", "from": "853132920", "to": "853132885", "length": 15.46, "culvert": false, "unmapped": false}}, {"type": "Feature", "geometry": {"type": "LineString", "coordinates": [[10.8207478, 59.9438422], [10.8207824, 59.9437392]]}, "properties": {"role": "edge", "from": "853132940", "to": "1368228004", "length": 11.61, "culvert": false, "unmapped": false}}, {"type": "Feature", "geometry": {"type": "LineString", "coordinates": [[10.8133706, 59.929134], [10.8115018, 59.9269568]]}, "properties": {"role": "edge", "from": "1348758280", "to": "13342730971", "length": 263.54, "culvert": true, "unmapped": false}}, {"type": "Feature", "geometry": {"type": "LineString", "coordinates": [[10.8225138, 59.9417065], [10.8227149, 59.9413387]]}, "properties": {"role": "edge", "from": "1368226252", "to": "1368226173", "length": 42.4, "culvert": false, "unmapped": false}}, {"type": "Feature", "geometry": {"type": "LineString", "coordinates": [[10.8147881, 59.9350232], [10.8147345, 59.9349704]]}, "properties": {"role": "edge", "from": "11667206224", "to": "11667206223", "length": 6.59, "culvert": false, "unmapped": false}}, {"type": "Feature", "geometry": {"type": "LineString", "coordinates": [[10.8150356, 59.9323863], [10.8150262, 59.9323567]]}, "properties": {"role": "edge", "from": "8026254385", "to": "8026212484", "length": 3.33, "culvert": false, "unmapped": false}}, {"type": "Feature", "geometry": {"type": "LineString", "coordinates": [[10.8207407, 59.9441398], [10.8207312, 59.9440188]]}, "properties": {"role": "edge", "from": "10607109799", "to": "1368228046", "length": 13.46, "culvert": false, "unmapped": false}}, {"type": "Feature", "geometry": {"type": "LineString", "coordinates": [[10.7989577, 59.9252269], [10.7988665, 59.9251926]]}, "properties": {"role": "edge", "from": "6577195913", "to": "6577195912", "length": 6.35, "culvert": false, "unmapped": false}}, {"type": "Feature", "geometry": {"type": "LineString", "coordinates": [[10.8180178, 59.9365927], [10.8168111, 59.9360665]]}, "properties": {"role": "edge", "from": "1371653404", "to": "1371653274", "length": 89.12, "culvert": true, "unmapped": false}}, {"type": "Feature", "geometry": {"type": "LineString", "coordinates": [[10.8166486, 59.9358468], [10.8166203, 59.9358016]]}, "properties": {"role": "edge", "from": "1371653225", "to": "1371653215", "length": 5.27, "culvert": false, "unmapped": false}}, {"type": "Feature", "geometry": {"type": "LineString", "coordinates": [[10.8141122, 59.9292794], [10.8139745, 59.9292624]]}, "properties": {"role": "edge", "from": "1348758296", "to": "1348758279", "length": 7.9, "culvert": false, "unmapped": false}}, {"type": "Feature", "geometry": {"type": "LineString", "coordinates": [[10.8210505, 59.9451097], [10.8210014, 59.9450164]]}, "properties": {"role": "edge", "from": "853132952", "to": "853132892", "length": 10.73, "culvert": false, "unmapped": false}}, {"type": "Feature", "geometry": {"type": "LineString", "coordinates": [[10.8212528, 59.9453586], [10.821241, 59.9453456]]}, "properties": {"role": "edge", "from": "853132946", "to": "13342730990", "length": 1.59, "culvert": false, "unmapped": false}}, {"type": "Feature", "geometry": {"type": "LineString", "coordinates": [[10.8211924, 59.9431907], [10.8212075, 59.9431175]]}, "properties": {"role": "edge", "from": "1368227251", "to": "1368227175", "length": 8.18, "culvert": false, "unmapped": false}}, {"type": "Feature", "geometry": {"type": "LineString", "coordinates": [[10.8151376, 59.9333074], [10.8151936, 59.9332218]]}, "properties": {"role": "edge", "from": "1414539761", "to": "1414539760", "length": 10.02, "culvert": false, "unmapped": false}}, {"type": "Feature", "geometry": {"type": "LineString", "coordinates": [[10.8150328, 59.9323161], [10.8149911, 59.9321632]]}, "properties": {"role": "edge", "from": "1414539754", "to": "1414539753", "length": 17.16, "culvert": false, "unmapped": false}}, {"type": "Feature", "geometry": {"type": "LineString", "coordinates": [[10.798611, 59.9251193], [10.7984367, 59.9250696]]}, "properties": {"role": "edge", "from": "6577195911", "to": "6577195910", "length": 11.17, "culvert": false, "unmapped": false}}, {"type": "Feature", "geometry": {"type": "LineString", "coordinates": [[10.8228628, 59.9411609], [10.8228172, 59.9410694]]}, "properties": {"role": "edge", "from": "1368226145", "to": "1368226102", "length": 10.49, "culvert": true, "unmapped": false}}, {"type": "Feature", "geometry": {"type": "LineString", "coordinates": [[10.8216222, 59.9455126], [10.8216712, 59.945511]]}, "properties": {"role": "edge", "from": "13342730982", "to": "13342730983", "length": 2.73, "culvert": false, "unmapped": false}}, {"type": "Feature", "geometry": {"type": "LineString", "coordinates": [[10.8134574, 59.9291798], [10.8133706, 59.929134]]}, "properties": {"role": "edge", "from": "1348758300", "to": "1348758280", "length": 7.02, "culvert": false, "unmapped": false}}, {"type": "Feature", "geometry": {"type": "LineString", "coordinates": [[10.8207974, 59.9446302], [10.8208215, 59.9443398]]}, "properties": {"role": "edge", "from": "853132924", "to": "853132889", "length": 32.32, "culvert": true, "unmapped": false}}, {"type": "Feature", "geometry": {"type": "LineString", "coordinates": [[10.8211079, 59.9451932], [10.8210505, 59.9451097]]}, "properties": {"role": "edge", "from": "853132907", "to": "853132952", "length": 9.82, "culvert": false, "unmapped": false}}, {"type": "Feature", "geometry": {"type": "LineString", "coordinates": [[10.7966168, 59.9246274], [10.7966054, 59.9246002]]}, "properties": {"role": "edge", "from": "6577117910", "to": "6396859956", "length": 3.09, "culvert": false, "unmapped": false}}, {"type": "Feature", "geometry": {"type": "LineString", "coordinates": [[10.8143894, 59.9334967], [10.8144392, 59.9334915]]}, "properties": {"role": "edge", "from": "11667206233", "to": "1414539762", "length": 2.83, "culvert": false, "unmapped": false}}, {"type": "Feature", "geometry": {"type": "LineString", "coordinates": [[10.8145647, 59.929426], [10.8144926, 59.9294202]]}, "properties": {"role": "edge", "from": "1348758275", "to": "1348758259", "length": 4.07, "culvert": false, "unmapped": false}}, {"type": "Feature", "geometry": {"type": "LineString", "coordinates": [[10.8218997, 59.9398662], [10.8216755, 59.9397855]]}, "properties": {"role": "edge", "from": "2519314960", "to": "2519314956", "length": 15.38, "culvert": false, "unmapped": false}}, {"type": "Feature", "geometry": {"type": "LineString", "coordinates": [[10.8211422, 59.9422338], [10.8212941, 59.9421728]]}, "properties": {"role": "edge", "from": "1368226433", "to": "1368226430", "length": 10.84, "culvert": false, "unmapped": false}}, {"type": "Feature", "geometry": {"type": "LineString", "coordinates": [[10.8213779, 59.9382163], [10.8213122, 59.938155]]}, "properties": {"role": "edge", "from": "2519314841", "to": "2519314835", "length": 7.74, "culvert": false, "unmapped": false}}, {"type": "Feature", "geometry": {"type": "LineString", "coordinates": [[10.8210014, 59.9450164], [10.8209989, 59.9449464]]}, "properties": {"role": "edge", "from": "853132892", "to": "853132894", "length": 7.78, "culvert": false, "unmapped": false}}, {"type": "Feature", "geometry": {"type": "LineString", "coordinates": [[10.7984367, 59.9250696], [10.7983629, 59.9250467]]}, "properties": {"role": "edge", "from": "6577195910", "to": "6577195909", "length": 4.84, "culvert": false, "unmapped": false}}, {"type": "Feature", "geometry": {"type": "LineString", "coordinates": [[10.8214611, 59.9453798], [10.8213369, 59.9453688]]}, "properties": {"role": "edge", "from": "853132935", "to": "8177340758", "length": 7.02, "culvert": false, "unmapped": false}}, {"type": "Feature", "geometry": {"type": "LineString", "coordinates": [[10.8143572, 59.9293908], [10.8143385, 59.9293224]]}, "properties": {"role": "edge", "from": "1348758277", "to": "1348758261", "length": 7.68, "culvert": false, "unmapped": false}}, {"type": "Feature", "geometry": {"type": "LineString", "coordinates": [[10.8002448, 59.9254348], [10.8002244, 59.9254266]]}, "properties": {"role": "edge", "from": "12542502740", "to": "12542502735", "length": 1.46, "culvert": false, "unmapped": false}}, {"type": "Feature", "geometry": {"type": "LineString", "coordinates": [[10.821578, 59.9390398], [10.8216522, 59.9389581]]}, "properties": {"role": "edge", "from": "7472025705", "to": "2519314906", "length": 9.98, "culvert": false, "unmapped": false}}, {"type": "Feature", "geometry": {"type": "LineString", "coordinates": [[10.8227424, 59.940848], [10.8227191, 59.9407358]]}, "properties": {"role": "edge", "from": "1368226048", "to": "1368226017", "length": 12.54, "culvert": false, "unmapped": false}}, {"type": "Feature", "geometry": {"type": "LineString", "coordinates": [[10.815061, 59.9333957], [10.8151376, 59.9333074]]}, "properties": {"role": "edge", "from": "13342772128", "to": "1414539761", "length": 10.71, "culvert": false, "unmapped": false}}, {"type": "Feature", "geometry": {"type": "LineString", "coordinates": [[10.816494, 59.9357493], [10.8164427, 59.9358017]]}, "properties": {"role": "edge", "from": "1371653192", "to": "1450768054", "length": 6.49, "culvert": false, "unmapped": false}}, {"type": "Feature", "geometry": {"type": "LineString", "coordinates": [[10.8151951, 59.9330011], [10.8151887, 59.932878]]}, "properties": {"role": "edge", "from": "8026254389", "to": "1414539759", "length": 13.69, "culvert": false, "unmapped": false}}, {"type": "Feature", "geometry": {"type": "LineString", "coordinates": [[10.814853, 59.9351462], [10.8148549, 59.9351066]]}, "properties": {"role": "edge", "from": "11667206228", "to": "11667206227", "length": 4.4, "culvert": false, "unmapped": false}}, {"type": "Feature", "geometry": {"type": "LineString", "coordinates": [[10.8215506, 59.945541], [10.821482, 59.9454734]]}, "properties": {"role": "edge", "from": "853132862", "to": "8177340759", "length": 8.43, "culvert": false, "unmapped": false}}, {"type": "Feature", "geometry": {"type": "LineString", "coordinates": [[10.8215506, 59.945541], [10.8216222, 59.9455126]]}, "properties": {"role": "edge", "from": "853132862", "to": "13342730982", "length": 5.09, "culvert": false, "unmapped": false}}, {"type": "Feature", "geometry": {"type": "LineString", "coordinates": [[10.8217763, 59.9421067], [10.8219104, 59.9421063]]}, "properties": {"role": "edge", "from": "1368226342", "to": "1368226379", "length": 7.47, "culvert": false, "unmapped": false}}, {"type": "Feature", "geometry": {"type": "LineString", "coordinates": [[10.8163335, 59.9357916], [10.8162495, 59.9357008]]}, "properties": {"role": "edge", "from": "1450768051", "to": "1371653187", "length": 11.13, "culvert": false, "unmapped": false}}, {"type": "Feature", "geometry": {"type": "LineString", "coordinates": [[10.8146541, 59.9294464], [10.8145647, 59.929426]]}, "properties": {"role": "edge", "from": "8174132238", "to": "1348758275", "length": 5.47, "culvert": false, "unmapped": false}}, {"type": "Feature", "geometry": {"type": "LineString", "coordinates": [[10.8209856, 59.9463365], [10.821029, 59.9462478]]}, "properties": {"role": "edge", "from": "13342730979", "to": "853132958", "length": 10.15, "culvert": false, "unmapped": false}}, {"type": "Feature", "geometry": {"type": "LineString", "coordinates": [[10.8208247, 59.9436218], [10.8211309, 59.9433021]]}, "properties": {"role": "edge", "from": "853132921", "to": "1368227433", "length": 39.43, "culvert": true, "unmapped": false}}, {"type": "Feature", "geometry": {"type": "LineString", "coordinates": [[10.8212636, 59.937998], [10.8210474, 59.9375699]]}, "properties": {"role": "edge", "from": "2519314819", "to": "1368266176", "length": 49.1, "culvert": true, "unmapped": true}}, {"type": "Feature", "geometry": {"type": "LineString", "coordinates": [[10.8166826, 59.9359823], [10.8166165, 59.9359314]]}, "properties": {"role": "edge", "from": "1371653254", "to": "1371653249", "length": 6.75, "culvert": false, "unmapped": false}}, {"type": "Feature", "geometry": {"type": "LineString", "coordinates": [[10.8209989, 59.9449464], [10.8210081, 59.9448616]]}, "properties": {"role": "edge", "from": "853132894", "to": "853132866", "length": 9.44, "culvert": false, "unmapped": false}}, {"type": "Feature", "geometry": {"type": "LineString", "coordinates": [[10.8164427, 59.9358017], [10.8163896, 59.9358035]]}, "properties": {"role": "edge", "from": "1450768054", "to": "7471961023", "length": 2.96, "culvert": false, "unmapped": false}}, {"type": "Feature", "geometry": {"type": "LineString", "coordinates": [[10.8158874, 59.9355236], [10.8157968, 59.9355237]]}, "properties": {"role": "edge", "from": "1371653164", "to": "1371653162", "length": 5.05, "culvert": false, "unmapped": false}}, {"type": "Feature", "geometry": {"type": "LineString", "coordinates": [[10.8148892, 59.9320176], [10.8147739, 59.9319842]]}, "properties": {"role": "edge", "from": "1414539751", "to": "1414539750", "length": 7.42, "culvert": true, "unmapped": false}}, {"type": "Feature", "geometry": {"type": "LineString", "coordinates": [[10.8151887, 59.932878], [10.8151587, 59.9328527]]}, "properties": {"role": "edge", "from": "1414539759", "to": "1414539758", "length": 3.27, "culvert": false, "unmapped": false}}, {"type": "Feature", "geometry": {"type": "LineString", "coordinates": [[10.8148301, 59.9298891], [10.8148422, 59.9297598]]}, "properties": {"role": "edge", "from": "8257408571", "to": "1348758281", "length": 14.39, "culvert": false, "unmapped": false}}, {"type": "Feature", "geometry": {"type": "LineString", "coordinates": [[10.8227128, 59.9405906], [10.8227339, 59.9405038]]}, "properties": {"role": "edge", "from": "1368225980", "to": "1368225961", "length": 9.72, "culvert": false, "unmapped": false}}, {"type": "Feature", "geometry": {"type": "LineString", "coordinates": [[10.8206973, 59.9439882], [10.8207352, 59.9438938]]}, "properties": {"role": "edge", "from": "13342730976", "to": "13342730975", "length": 10.71, "culvert": true, "unmapped": false}}, {"type": "Feature", "geometry": {"type": "LineString", "coordinates": [[10.8151587, 59.9328527], [10.8150986, 59.9327945]]}, "properties": {"role": "edge", "from": "1414539758", "to": "8026254390", "length": 7.29, "culvert": false, "unmapped": false}}, {"type": "Feature", "geometry": {"type": "LineString", "coordinates": [[10.7967462, 59.9246774], [10.7966503, 59.9246556]]}, "properties": {"role": "edge", "from": "6577117909", "to": "3752017049", "length": 5.87, "culvert": false, "unmapped": false}}, {"type": "Feature", "geometry": {"type": "LineString", "coordinates": [[10.8157968, 59.9355237], [10.814879, 59.9352454]]}, "properties": {"role": "edge", "from": "1371653162", "to": "13342730973", "length": 59.76, "culvert": true, "unmapped": false}}, {"type": "Feature", "geometry": {"type": "LineString", "coordinates": [[10.8005199, 59.9256475], [10.80041, 59.9255022]]}, "properties": {"role": "edge", "from": "9544698628", "to": "12542502736", "length": 17.28, "culvert": false, "unmapped": false}}, {"type": "Feature", "geometry": {"type": "LineString", "coordinates": [[10.8216777, 59.9454815], [10.8216545, 59.9453975]]}, "properties": {"role": "edge", "from": "13342730984", "to": "13342730985", "length": 9.43, "culvert": false, "unmapped": false}}, {"type": "Feature", "geometry": {"type": "LineString", "coordinates": [[10.8151936, 59.9332218], [10.8152595, 59.9331076]]}, "properties": {"role": "edge", "from": "1414539760", "to": "8026254387", "length": 13.22, "culvert": false, "unmapped": false}}, {"type": "Feature", "geometry": {"type": "LineString", "coordinates": [[10.80041, 59.9255022], [10.8003507, 59.9254593]]}, "properties": {"role": "edge", "from": "12542502736", "to": "12542502737", "length": 5.8, "culvert": false, "unmapped": false}}, {"type": "Feature", "geometry": {"type": "LineString", "coordinates": [[10.8225131, 59.9419842], [10.8224969, 59.9418273]]}, "properties": {"role": "edge", "from": "1368226312", "to": "1368226277", "length": 17.47, "culvert": true, "unmapped": false}}, {"type": "Feature", "geometry": {"type": "LineString", "coordinates": [[10.8161332, 59.9356227], [10.8160523, 59.9356109]]}, "properties": {"role": "edge", "from": "1371653176", "to": "1371653174", "length": 4.69, "culvert": false, "unmapped": false}}, {"type": "Feature", "geometry": {"type": "LineString", "coordinates": [[10.8228057, 59.9409795], [10.8227424, 59.940848]]}, "properties": {"role": "edge", "from": "1368226068", "to": "1368226048", "length": 15.04, "culvert": false, "unmapped": false}}, {"type": "Feature", "geometry": {"type": "LineString", "coordinates": [[10.8213248, 59.9453312], [10.821241, 59.9453456]]}, "properties": {"role": "edge", "from": "13342730989", "to": "13342730990", "length": 4.93, "culvert": false, "unmapped": false}}, {"type": "Feature", "geometry": {"type": "LineString", "coordinates": [[10.820688, 59.9467449], [10.8206938, 59.9465281]]}, "properties": {"role": "edge", "from": "853132939", "to": "853132920", "length": 24.11, "culvert": false, "unmapped": false}}, {"type": "Feature", "geometry": {"type": "LineString", "coordinates": [[10.8225626, 59.9403551], [10.8222341, 59.9401097]]}, "properties": {"role": "edge", "from": "1368225913", "to": "2519314983", "length": 32.85, "culvert": true, "unmapped": false}}, {"type": "Feature", "geometry": {"type": "LineString", "coordinates": [[10.8135507, 59.929201], [10.8134574, 59.9291798]]}, "properties": {"role": "edge", "from": "8174132239", "to": "1348758300", "length": 5.71, "culvert": false, "unmapped": false}}, {"type": "Feature", "geometry": {"type": "LineString", "coordinates": [[10.8209845, 59.9373754], [10.8207312, 59.937296]]}, "properties": {"role": "edge", "from": "2519314742", "to": "2519314739", "length": 16.64, "culvert": false, "unmapped": false}}, {"type": "Feature", "geometry": {"type": "LineString", "coordinates": [[10.8215892, 59.9453161], [10.8214305, 59.9453101]]}, "properties": {"role": "edge", "from": "13342730987", "to": "13342730988", "length": 8.86, "culvert": false, "unmapped": false}}, {"type": "Feature", "geometry": {"type": "LineString", "coordinates": [[10.7995956, 59.9253442], [10.7990488, 59.9252643]]}, "properties": {"role": "edge", "from": "9544698629", "to": "3752017051", "length": 31.74, "culvert": true, "unmapped": false}}, {"type": "Feature", "geometry": {"type": "LineString", "coordinates": [[10.8222283, 59.9421338], [10.8224421, 59.9420626]]}, "properties": {"role": "edge", "from": "1368226388", "to": "1368226359", "length": 14.3, "culvert": false, "unmapped": false}}, {"type": "Feature", "geometry": {"type": "LineString", "coordinates": [[10.8152065, 59.9330811], [10.8151951, 59.9330011]]}, "properties": {"role": "edge", "from": "8026254388", "to": "8026254389", "length": 8.92, "culvert": false, "unmapped": false}}, {"type": "Feature", "geometry": {"type": "LineString", "coordinates": [[10.7966141, 59.9242718], [10.7966423, 59.9241105]]}, "properties": {"role": "edge", "from": "6577117912", "to": "6577117911", "length": 18.0, "culvert": false, "unmapped": false}}, {"type": "Feature", "geometry": {"type": "LineString", "coordinates": [[10.8148476, 59.9351693], [10.814853, 59.9351462]]}, "properties": {"role": "edge", "from": "11667206229", "to": "11667206228", "length": 2.59, "culvert": false, "unmapped": false}}, {"type": "Feature", "geometry": {"type": "LineString", "coordinates": [[10.8148422, 59.9297598], [10.8148742, 59.9296197]]}, "properties": {"role": "edge", "from": "1348758281", "to": "1348758271", "length": 15.68, "culvert": false, "unmapped": false}}, {"type": "Feature", "geometry": {"type": "LineString", "coordinates": [[10.821666, 59.9385263], [10.8216258, 59.9384231]]}, "properties": {"role": "edge", "from": "7472025699", "to": "2519314853", "length": 11.69, "culvert": false, "unmapped": false}}, {"type": "Feature", "geometry": {"type": "LineString", "coordinates": [[10.8182031, 59.9366909], [10.8180178, 59.9365927]]}, "properties": {"role": "edge", "from": "1371653413", "to": "1371653404", "length": 15.03, "culvert": false, "unmapped": false}}, {"type": "Feature", "geometry": {"type": "LineString", "coordinates": [[10.8210529, 59.9374681], [10.8209845, 59.9373754]]}, "properties": {"role": "edge", "from": "2519314754", "to": "2519314742", "length": 10.99, "culvert": false, "unmapped": false}}, {"type": "Feature", "geometry": {"type": "LineString", "coordinates": [[10.8209913, 59.9425133], [10.8209285, 59.9423501]]}, "properties": {"role": "edge", "from": "1368226529", "to": "1368226467", "length": 18.48, "culvert": false, "unmapped": false}}, {"type": "Feature", "geometry": {"type": "LineString", "coordinates": [[10.8214305, 59.9453101], [10.8213248, 59.9453312]]}, "properties": {"role": "edge", "from": "13342730988", "to": "13342730989", "length": 6.34, "culvert": false, "unmapped": false}}, {"type": "Feature", "geometry": {"type": "LineString", "coordinates": [[10.8208252, 59.9442549], [10.8207407, 59.9441398]]}, "properties": {"role": "edge", "from": "13342730977", "to": "10607109799", "length": 13.64, "culvert": false, "unmapped": false}}, {"type": "Feature", "geometry": {"type": "LineString", "coordinates": [[10.8162495, 59.9357008], [10.8161945, 59.9356478]]}, "properties": {"role": "edge", "from": "1371653187", "to": "1371653177", "length": 6.64, "culvert": false, "unmapped": false}}, {"type": "Feature", "geometry": {"type": "LineString", "coordinates": [[10.8148546, 59.9351949], [10.8148476, 59.9351693]]}, "properties": {"role": "edge", "from": "11667206230", "to": "11667206229", "length": 2.87, "culvert": false, "unmapped": false}}, {"type": "Feature", "geometry": {"type": "LineString", "coordinates": [[10.8214285, 59.9421123], [10.8214876, 59.9420918]]}, "properties": {"role": "edge", "from": "1368226366", "to": "1368226338", "length": 4.0, "culvert": false, "unmapped": false}}, {"type": "Feature", "geometry": {"type": "LineString", "coordinates": [[10.821568, 59.942078], [10.8216518, 59.9420794]]}, "properties": {"role": "edge", "from": "1368226332", "to": "1368226336", "length": 4.67, "culvert": false, "unmapped": false}}, {"type": "Feature", "geometry": {"type": "LineString", "coordinates": [[10.8228399, 59.9410279], [10.8228057, 59.9409795]]}, "properties": {"role": "edge", "from": "1368226074", "to": "1368226068", "length": 5.71, "culvert": false, "unmapped": false}}, {"type": "Feature", "geometry": {"type": "LineString", "coordinates": [[10.8227191, 59.9407358], [10.8227128, 59.9405906]]}, "properties": {"role": "edge", "from": "1368226017", "to": "1368225980", "length": 16.15, "culvert": false, "unmapped": false}}, {"type": "Feature", "geometry": {"type": "LineString", "coordinates": [[10.8165276, 59.9357334], [10.816494, 59.9357493]]}, "properties": {"role": "edge", "from": "7471961024", "to": "1371653192", "length": 2.57, "culvert": false, "unmapped": false}}, {"type": "Feature", "geometry": {"type": "LineString", "coordinates": [[10.8207352, 59.9438938], [10.8207478, 59.9438422]]}, "properties": {"role": "edge", "from": "13342730975", "to": "853132940", "length": 5.78, "culvert": false, "unmapped": false}}, {"type": "Feature", "geometry": {"type": "LineString", "coordinates": [[10.8000293, 59.9255285], [10.8002448, 59.9254348]]}, "properties": {"role": "edge", "from": "12542502739", "to": "12542502740", "length": 15.9, "culvert": false, "unmapped": false}}, {"type": "Feature", "geometry": {"type": "LineString", "coordinates": [[10.8149645, 59.9325254], [10.8150356, 59.9323863]]}, "properties": {"role": "edge", "from": "8026254386", "to": "8026254385", "length": 15.97, "culvert": false, "unmapped": false}}, {"type": "Feature", "geometry": {"type": "LineString", "coordinates": [[10.8216146, 59.9397278], [10.8215694, 59.9396756]]}, "properties": {"role": "edge", "from": "2519314951", "to": "2519314948", "length": 6.33, "culvert": false, "unmapped": false}}, {"type": "Feature", "geometry": {"type": "LineString", "coordinates": [[10.8166165, 59.9359314], [10.8166054, 59.9358715]]}, "properties": {"role": "edge", "from": "1371653249", "to": "1371653236", "length": 6.69, "culvert": false, "unmapped": false}}, {"type": "Feature", "geometry": {"type": "LineString", "coordinates": [[10.8213369, 59.9453688], [10.8212528, 59.9453586]]}, "properties": {"role": "edge", "from": "8177340758", "to": "853132946", "length": 4.82, "culvert": false, "unmapped": false}}, {"type": "Feature", "geometry": {"type": "LineString", "coordinates": [[10.8216755, 59.9397855], [10.8216146, 59.9397278]]}, "properties": {"role": "edge", "from": "2519314956", "to": "2519314951", "length": 7.26, "culvert": false, "unmapped": false}}, {"type": "Feature", "geometry": {"type": "LineString", "coordinates": [[10.8216522, 59.9389581], [10.821666, 59.9385263]]}, "properties": {"role": "edge", "from": "2519314906", "to": "7472025699", "length": 48.02, "culvert": false, "unmapped": false}}, {"type": "Feature", "geometry": {"type": "LineString", "coordinates": [[10.8149508, 59.9327089], [10.8149433, 59.9326335]]}, "properties": {"role": "edge", "from": "1414539756", "to": "1414539755", "length": 8.39, "culvert": false, "unmapped": false}}, {"type": "Feature", "geometry": {"type": "LineString", "coordinates": [[10.8216712, 59.945511], [10.8216777, 59.9454815]]}, "properties": {"role": "edge", "from": "13342730983", "to": "13342730984", "length": 3.3, "culvert": false, "unmapped": false}}, {"type": "Feature", "geometry": {"type": "LineString", "coordinates": [[10.8115018, 59.9269568], [10.8033064, 59.9249267]]}, "properties": {"role": "edge", "from": "13342730971", "to": "13342730972", "length": 509.41, "culvert": true, "unmapped": false}}, {"type": "Feature", "geometry": {"type": "LineString", "coordinates": [[10.7999484, 59.9252993], [10.7997055, 59.9253595]]}, "properties": {"role": "edge", "from": "13342644988", "to": "13342644989", "length": 15.1, "culvert": false, "unmapped": false}}, {"type": "Feature", "geometry": {"type": "LineString", "coordinates": [[10.821029, 59.9462478], [10.8211434, 59.946205]]}, "properties": {"role": "edge", "from": "853132958", "to": "13342730978", "length": 7.95, "culvert": false, "unmapped": false}}, {"type": "Feature", "geometry": {"type": "LineString", "coordinates": [[10.8152595, 59.9331076], [10.8152065, 59.9330811]]}, "properties": {"role": "edge", "from": "8026254387", "to": "8026254388", "length": 4.17, "culvert": false, "unmapped": false}}, {"type": "Feature", "geometry": {"type": "LineString", "coordinates": [[10.8220324, 59.9399333], [10.8218997, 59.9398662]]}, "properties": {"role": "edge", "from": "2519314969", "to": "2519314960", "length": 10.5, "culvert": false, "unmapped": false}}, {"type": "Feature", "geometry": {"type": "LineString", "coordinates": [[10.8211563, 59.9428154], [10.8210558, 59.9426577]]}, "properties": {"role": "edge", "from": "1368226772", "to": "1368226620", "length": 18.41, "culvert": false, "unmapped": false}}, {"type": "Feature", "geometry": {"type": "LineString", "coordinates": [[10.8221439, 59.9399894], [10.8220324, 59.9399333]]}, "properties": {"role": "edge", "from": "2519314974", "to": "2519314969", "length": 8.8, "culvert": false, "unmapped": false}}, {"type": "Feature", "geometry": {"type": "LineString", "coordinates": [[10.8211781, 59.9452756], [10.8211079, 59.9451932]]}, "properties": {"role": "edge", "from": "853132955", "to": "853132907", "length": 9.96, "culvert": false, "unmapped": false}}, {"type": "Feature", "geometry": {"type": "LineString", "coordinates": [[10.8222341, 59.9401097], [10.8221439, 59.9399894]]}, "properties": {"role": "edge", "from": "2519314983", "to": "2519314974", "length": 14.29, "culvert": false, "unmapped": false}}, {"type": "Feature", "geometry": {"type": "LineString", "coordinates": [[10.815002, 59.9327585], [10.8149601, 59.9327329]]}, "properties": {"role": "edge", "from": "8026254391", "to": "1414539757", "length": 3.68, "culvert": false, "unmapped": false}}, {"type": "Feature", "geometry": {"type": "LineString", "coordinates": [[10.8144926, 59.9294202], [10.8144204, 59.9294065]]}, "properties": {"role": "edge", "from": "1348758259", "to": "1348758292", "length": 4.3, "culvert": false, "unmapped": false}}, {"type": "Feature", "geometry": {"type": "LineString", "coordinates": [[10.8205842, 59.9469046], [10.820688, 59.9467449]]}, "properties": {"role": "edge", "from": "853132864", "to": "853132939", "length": 18.67, "culvert": false, "unmapped": false}}, {"type": "Feature", "geometry": {"type": "LineString", "coordinates": [[10.8149937, 59.9321095], [10.8149683, 59.9320467]]}, "properties": {"role": "edge", "from": "1414539752", "to": "1448495888", "length": 7.12, "culvert": true, "unmapped": false}}, {"type": "Feature", "geometry": {"type": "LineString", "coordinates": [[10.8210558, 59.9426577], [10.8209913, 59.9425133]]}, "properties": {"role": "edge", "from": "1368226620", "to": "1368226529", "length": 16.45, "culvert": false, "unmapped": false}}, {"type": "Feature", "geometry": {"type": "LineString", "coordinates": [[10.8002244, 59.9254266], [10.7999484, 59.9252993]]}, "properties": {"role": "edge", "from": "12542502735", "to": "13342644988", "length": 20.9, "culvert": false, "unmapped": false}}, {"type": "Feature", "geometry": {"type": "LineString", "coordinates": [[10.8033064, 59.9249267], [10.8005199, 59.9256475]]}, "properties": {"role": "edge", "from": "13342730972", "to": "9544698628", "length": 174.74, "culvert": true, "unmapped": false}}, {"type": "Feature", "geometry": {"type": "LineString", "coordinates": [[10.8142706, 59.9293033], [10.8141977, 59.929292]]}, "properties": {"role": "edge", "from": "1348758287", "to": "1348758274", "length": 4.25, "culvert": false, "unmapped": false}}, {"type": "Feature", "geometry": {"type": "LineString", "coordinates": [[10.8165682, 59.9357431], [10.8165276, 59.9357334]]}, "properties": {"role": "edge", "from": "1371653206", "to": "7471961024", "length": 2.51, "culvert": false, "unmapped": false}}, {"type": "Feature", "geometry": {"type": "LineString", "coordinates": [[10.8207312, 59.937296], [10.8182031, 59.9366909]]}, "properties": {"role": "edge", "from": "2519314739", "to": "1371653413", "length": 156.07, "culvert": true, "unmapped": false}}, {"type": "Feature", "geometry": {"type": "LineString", "coordinates": [[10.8137179, 59.9292232], [10.8135507, 59.929201]]}, "properties": {"role": "edge", "from": "1348758269", "to": "8174132239", "length": 9.64, "culvert": false, "unmapped": false}}, {"type": "Feature", "geometry": {"type": "LineString", "coordinates": [[10.8212739, 59.9429988], [10.8211563, 59.9428154]]}, "properties": {"role": "edge", "from": "1368227029", "to": "1368226772", "length": 21.42, "culvert": false, "unmapped": false}}, {"type": "Feature", "geometry": {"type": "LineString", "coordinates": [[10.8161945, 59.9356478], [10.8161332, 59.9356227]]}, "properties": {"role": "edge", "from": "1371653177", "to": "1371653176", "length": 4.41, "culvert": false, "unmapped": false}}, {"type": "Feature", "geometry": {"type": "LineString", "coordinates": [[10.8149601, 59.9327329], [10.8149508, 59.9327089]]}, "properties": {"role": "edge", "from": "1414539757", "to": "1414539756", "length": 2.72, "culvert": false, "unmapped": false}}, {"type": "Feature", "geometry": {"type": "LineString", "coordinates": [[10.8166054, 59.9358715], [10.8166486, 59.9358468]]}, "properties": {"role": "edge", "from": "1371653236", "to": "1371653225", "length": 3.65, "culvert": false, "unmapped": false}}, {"type": "Feature", "geometry": {"type": "LineString", "coordinates": [[10.8220661, 59.942092], [10.8222283, 59.9421338]]}, "properties": {"role": "edge", "from": "1368226399", "to": "1368226388", "length": 10.16, "culvert": false, "unmapped": false}}, {"type": "Feature", "geometry": {"type": "LineString", "coordinates": [[10.8213177, 59.9380605], [10.8212636, 59.937998]]}, "properties": {"role": "edge", "from": "5433351433", "to": "2519314819", "length": 7.57, "culvert": false, "unmapped": false}}, {"type": "Feature", "geometry": {"type": "LineString", "coordinates": [[10.8211309, 59.9433021], [10.8211867, 59.9432657]]}, "properties": {"role": "edge", "from": "1368227433", "to": "1368227317", "length": 5.1, "culvert": false, "unmapped": false}}, {"type": "Feature", "geometry": {"type": "LineString", "coordinates": [[10.8147345, 59.9349704], [10.8144552, 59.9336361]]}, "properties": {"role": "edge", "from": "11667206223", "to": "11667206231", "length": 149.18, "culvert": true, "unmapped": false}}, {"type": "Feature", "geometry": {"type": "LineString", "coordinates": [[10.8144458, 59.9335838], [10.8143894, 59.9334967]]}, "properties": {"role": "edge", "from": "11667206232", "to": "11667206233", "length": 10.18, "culvert": false, "unmapped": false}}, {"type": "Feature", "geometry": {"type": "LineString", "coordinates": [[10.8139745, 59.9292624], [10.8137179, 59.9292232]]}, "properties": {"role": "edge", "from": "1348758279", "to": "1348758269", "length": 14.95, "culvert": false, "unmapped": false}}, {"type": "Feature", "geometry": {"type": "LineString", "coordinates": [[10.8148464, 59.9350934], [10.814806, 59.9350722]]}, "properties": {"role": "edge", "from": "11667206226", "to": "11667206225", "length": 3.26, "culvert": false, "unmapped": false}}, {"type": "Feature", "geometry": {"type": "LineString", "coordinates": [[10.7966054, 59.9246002], [10.796582, 59.9244372]]}, "properties": {"role": "edge", "from": "6396859956", "to": "3752017048", "length": 18.17, "culvert": false, "unmapped": false}}, {"type": "Feature", "geometry": {"type": "LineString", "coordinates": [[10.8148742, 59.9296197], [10.8147101, 59.9294739]]}, "properties": {"role": "edge", "from": "1348758271", "to": "1348758302", "length": 18.61, "culvert": false, "unmapped": false}}, {"type": "Feature", "geometry": {"type": "LineString", "coordinates": [[10.8213122, 59.938155], [10.8213177, 59.9380605]]}, "properties": {"role": "edge", "from": "2519314835", "to": "5433351433", "length": 10.51, "culvert": false, "unmapped": false}}, {"type": "Feature", "geometry": {"type": "LineString", "coordinates": [[10.8143385, 59.9293224], [10.8142706, 59.9293033]]}, "properties": {"role": "edge", "from": "1348758261", "to": "1348758287", "length": 4.34, "culvert": false, "unmapped": false}}, {"type": "Feature", "geometry": {"type": "LineString", "coordinates": [[10.821207, 59.9461396], [10.8211568, 59.9460095]]}, "properties": {"role": "edge", "from": "853132959", "to": "853132904", "length": 14.73, "culvert": false, "unmapped": false}}, {"type": "Feature", "geometry": {"type": "LineString", "coordinates": [[10.8163896, 59.9358035], [10.8163335, 59.9357916]]}, "properties": {"role": "edge", "from": "7471961023", "to": "1450768051", "length": 3.39, "culvert": false, "unmapped": false}}, {"type": "Feature", "geometry": {"type": "LineString", "coordinates": [[10.8214267, 59.9457087], [10.8215506, 59.945541]]}, "properties": {"role": "edge", "from": "853132888", "to": "853132862", "length": 19.88, "culvert": false, "unmapped": false}}, {"type": "Feature", "geometry": {"type": "LineString", "coordinates": [[10.8215184, 59.9395848], [10.821484, 59.9394559]]}, "properties": {"role": "edge", "from": "7472025707", "to": "2519314942", "length": 14.46, "culvert": false, "unmapped": false}}, {"type": "Feature", "geometry": {"type": "LineString", "coordinates": [[10.7981906, 59.9250037], [10.7980183, 59.9249654]]}, "properties": {"role": "edge", "from": "6577195908", "to": "6577195907", "length": 10.5, "culvert": false, "unmapped": false}}, {"type": "Feature", "geometry": {"type": "LineString", "coordinates": [[10.821241, 59.9453456], [10.8212222, 59.9453249]]}, "properties": {"role": "edge", "from": "13342730990", "to": "8177340757", "length": 2.53, "culvert": false, "unmapped": false}}, {"type": "Feature", "geometry": {"type": "LineString", "coordinates": [[10.8216258, 59.9384231], [10.8214404, 59.9383075]]}, "properties": {"role": "edge", "from": "2519314853", "to": "5433351432", "length": 16.49, "culvert": false, "unmapped": false}}, {"type": "Feature", "geometry": {"type": "LineString", "coordinates": [[10.8141977, 59.929292], [10.8141122, 59.9292794]]}, "properties": {"role": "edge", "from": "1348758274", "to": "1348758296", "length": 4.97, "culvert": false, "unmapped": false}}, {"type": "Feature", "geometry": {"type": "LineString", "coordinates": [[10.8224969, 59.9418273], [10.8224905, 59.9417563]]}, "properties": {"role": "edge", "from": "1368226277", "to": "1368226258", "length": 7.9, "culvert": false, "unmapped": false}}, {"type": "Feature", "geometry": {"type": "LineString", "coordinates": [[10.8149911, 59.9321632], [10.8149937, 59.9321095]]}, "properties": {"role": "edge", "from": "1414539753", "to": "1414539752", "length": 5.97, "culvert": true, "unmapped": false}}, {"type": "Feature", "geometry": {"type": "Point", "coordinates": [10.7966423, 59.9241105]}, "properties": {"role": "node", "id": "6577117911", "dist_to_outlet_m": 28.744351434913302, "observable": true, "access": false}}, {"type": "Feature", "geometry": {"type": "Point", "coordinates": [10.8210081, 59.9448616]}, "properties": {"role": "node", "id": "853132866", "dist_to_outlet_m": 3502.719555673762, "observable": true, "access": false}}, {"type": "Feature", "geometry": {"type": "Point", "coordinates": [10.8211568, 59.9460095]}, "properties": {"role": "node", "id": "853132904", "dist_to_outlet_m": 3647.8808597470406, "observable": true, "access": true}}, {"type": "Feature", "geometry": {"type": "Point", "coordinates": [10.8211434, 59.946205]}, "properties": {"role": "node", "id": "13342730978", "dist_to_outlet_m": 3670.70371957568, "observable": true, "access": false}}, {"type": "Feature", "geometry": {"type": "Point", "coordinates": [10.814806, 59.9350722]}, "properties": {"role": "node", "id": "11667206225", "dist_to_outlet_m": 2083.710030813274, "observable": true, "access": false}}, {"type": "Feature", "geometry": {"type": "Point", "coordinates": [10.8147319, 59.9300787]}, "properties": {"role": "node", "id": "1348758291", "dist_to_outlet_m": 1483.5778672464755, "observable": true, "access": true}}, {"type": "Feature", "geometry": {"type": "Point", "coordinates": [10.8150262, 59.9323567]}, "properties": {"role": "node", "id": "8026212484", "dist_to_outlet_m": 1743.1468785272098, "observable": true, "access": false}}, {"type": "Feature", "geometry": {"type": "Point", "coordinates": [10.8213865, 59.9391892]}, "properties": {"role": "node", "id": "7472025706", "dist_to_outlet_m": 2760.142977226186, "observable": true, "access": false}}, {"type": "Feature", "geometry": {"type": "Point", "coordinates": [10.8207824, 59.9437392]}, "properties": {"role": "node", "id": "1368228004", "dist_to_outlet_m": 3372.9559979424967, "observable": true, "access": false}}, {"type": "Feature", "geometry": {"type": "Point", "coordinates": [10.8226874, 59.9404381]}, "properties": {"role": "node", "id": "1368225939", "dist_to_outlet_m": 2922.679746588698, "observable": true, "access": false}}, {"type": "Feature", "geometry": {"type": "Point", "coordinates": [10.7968252, 59.9246945]}, "properties": {"role": "node", "id": "6396859954", "dist_to_outlet_m": 100.80194176617637, "observable": true, "access": true}}, {"type": "Feature", "geometry": {"type": "Point", "coordinates": [10.8209285, 59.9423501]}, "properties": {"role": "node", "id": "1368226467", "dist_to_outlet_m": 3210.1641067547353, "observable": true, "access": true}}, {"type": "Feature", "geometry": {"type": "Point", "coordinates": [10.7980183, 59.9249654]}, "properties": {"role": "node", "id": "6577195907", "dist_to_outlet_m": 173.79571339806608, "observable": true, "access": false}}, {"type": "Feature", "geometry": {"type": "Point", "coordinates": [10.821484, 59.9394559]}, "properties": {"role": "node", "id": "2519314942", "dist_to_outlet_m": 2790.767623340488, "observable": true, "access": false}}, {"type": "Feature", "geometry": {"type": "Point", "coordinates": [10.8144204, 59.9294065]}, "properties": {"role": "node", "id": "1348758292", "dist_to_outlet_m": 1394.898959292866, "observable": true, "access": false}}, {"type": "Feature", "geometry": {"type": "Point", "coordinates": [10.8166203, 59.9358016]}, "properties": {"role": "node", "id": "1371653215", "dist_to_outlet_m": 2235.2439125303213, "observable": true, "access": false}}, {"type": "Feature", "geometry": {"type": "Point", "coordinates": [10.7990488, 59.9252643]}, "properties": {"role": "node", "id": "3752017051", "dist_to_outlet_m": 240.392496698526, "observable": true, "access": false}}, {"type": "Feature", "geometry": {"type": "Point", "coordinates": [10.821482, 59.9454734]}, "properties": {"role": "node", "id": "8177340759", "dist_to_outlet_m": 3582.8966634977432, "observable": true, "access": false}}, {"type": "Feature", "geometry": {"type": "Point", "coordinates": [10.7987532, 59.9251546]}, "properties": {"role": "node", "id": "3752017050", "dist_to_outlet_m": 219.87926830167788, "observable": true, "access": false}}, {"type": "Feature", "geometry": {"type": "Point", "coordinates": [10.8214629, 59.9391244]}, "properties": {"role": "node", "id": "2519314922", "dist_to_outlet_m": 2751.7747546507717, "observable": true, "access": true}}, {"type": "Feature", "geometry": {"type": "Point", "coordinates": [10.8208215, 59.9443398]}, "properties": {"role": "node", "id": "853132889", "dist_to_outlet_m": 3441.492569338561, "observable": true, "access": false}}, {"type": "Feature", "geometry": {"type": "Point", "coordinates": [10.8215694, 59.9396756]}, "properties": {"role": "node", "id": "2519314948", "dist_to_outlet_m": 2815.716647932455, "observable": true, "access": false}}, {"type": "Feature", "geometry": {"type": "Point", "coordinates": [10.8160523, 59.9356109]}, "properties": {"role": "node", "id": "1371653174", "dist_to_outlet_m": 2183.31830200393, "observable": true, "access": false}}, {"type": "Feature", "geometry": {"type": "Point", "coordinates": [10.8212075, 59.9431175]}, "properties": {"role": "node", "id": "1368227175", "dist_to_outlet_m": 3298.631846232912, "observable": true, "access": false}}, {"type": "Feature", "geometry": {"type": "Point", "coordinates": [10.8228172, 59.9410694]}, "properties": {"role": "node", "id": "1368226102", "dist_to_outlet_m": 2994.3812654503067, "observable": false, "access": false}}, {"type": "Feature", "geometry": {"type": "Point", "coordinates": [10.7966503, 59.9246556]}, "properties": {"role": "node", "id": "3752017049", "dist_to_outlet_m": 90.1386356901715, "observable": true, "access": false}}, {"type": "Feature", "geometry": {"type": "Point", "coordinates": [10.8208303, 59.946407]}, "properties": {"role": "node", "id": "853132885", "dist_to_outlet_m": 3700.483022772844, "observable": true, "access": false}}, {"type": "Feature", "geometry": {"type": "Point", "coordinates": [10.8216518, 59.9420794]}, "properties": {"role": "node", "id": "1368226336", "dist_to_outlet_m": 3158.27414890723, "observable": true, "access": false}}, {"type": "Feature", "geometry": {"type": "Point", "coordinates": [10.8214404, 59.9383075]}, "properties": {"role": "node", "id": "5433351432", "dist_to_outlet_m": 2654.2097226894775, "observable": true, "access": false}}, {"type": "Feature", "geometry": {"type": "Point", "coordinates": [10.8150986, 59.9327945]}, "properties": {"role": "node", "id": "8026254390", "dist_to_outlet_m": 1796.025525585656, "observable": true, "access": true}}, {"type": "Feature", "geometry": {"type": "Point", "coordinates": [10.8147101, 59.9294739]}, "properties": {"role": "node", "id": "1348758302", "dist_to_outlet_m": 1413.1109154037063, "observable": true, "access": false}}, {"type": "Feature", "geometry": {"type": "Point", "coordinates": [10.7983629, 59.9250467]}, "properties": {"role": "node", "id": "6577195909", "dist_to_outlet_m": 195.0248531120882, "observable": true, "access": false}}, {"type": "Feature", "geometry": {"type": "Point", "coordinates": [10.8207312, 59.9440188]}, "properties": {"role": "node", "id": "1368228046", "dist_to_outlet_m": 3404.948608440529, "observable": true, "access": false}}, {"type": "Feature", "geometry": {"type": "Point", "coordinates": [10.8148549, 59.9351066]}, "properties": {"role": "node", "id": "11667206227", "dist_to_outlet_m": 2088.5114260522223, "observable": true, "access": false}}, {"type": "Feature", "geometry": {"type": "Point", "coordinates": [10.797744, 59.9249063]}, "properties": {"role": "node", "id": "6396859955", "dist_to_outlet_m": 157.1579035622331, "observable": true, "access": false}}, {"type": "Feature", "geometry": {"type": "Point", "coordinates": [10.8003507, 59.9254593]}, "properties": {"role": "node", "id": "12542502737", "dist_to_outlet_m": 353.75419339049245, "observable": true, "access": false}}, {"type": "Feature", "geometry": {"type": "Point", "coordinates": [10.8212941, 59.9421728]}, "properties": {"role": "node", "id": "1368226430", "dist_to_outlet_m": 3181.74541135244, "observable": true, "access": false}}, {"type": "Feature", "geometry": {"type": "Point", "coordinates": [10.8224421, 59.9420626]}, "properties": {"role": "node", "id": "1368226359", "dist_to_outlet_m": 3109.4130261478062, "observable": true, "access": false}}, {"type": "Feature", "geometry": {"type": "Point", "coordinates": [10.8144392, 59.9334915]}, "properties": {"role": "node", "id": "1414539762", "dist_to_outlet_m": 1903.5482966147174, "observable": true, "access": false}}, {"type": "Feature", "geometry": {"type": "Point", "coordinates": [10.8001168, 59.92555]}, "properties": {"role": "node", "id": "12542502738", "dist_to_outlet_m": 337.27427954787305, "observable": true, "access": false}}, {"type": "Feature", "geometry": {"type": "Point", "coordinates": [10.8144552, 59.9336361]}, "properties": {"role": "node", "id": "11667206231", "dist_to_outlet_m": 1922.4032406489334, "observable": true, "access": true}}, {"type": "Feature", "geometry": {"type": "Point", "coordinates": [10.820831, 59.9447151]}, "properties": {"role": "node", "id": "853132908", "dist_to_outlet_m": 3483.435565133643, "observable": true, "access": false}}, {"type": "Feature", "geometry": {"type": "Point", "coordinates": [10.8216545, 59.9453975]}, "properties": {"role": "node", "id": "13342730985", "dist_to_outlet_m": 3589.0108350773844, "observable": true, "access": false}}, {"type": "Feature", "geometry": {"type": "Point", "coordinates": [10.8208805, 59.944782]}, "properties": {"role": "node", "id": "853132926", "dist_to_outlet_m": 3491.3688535799274, "observable": true, "access": false}}, {"type": "Feature", "geometry": {"type": "Point", "coordinates": [10.8219104, 59.9421063]}, "properties": {"role": "node", "id": "1368226379", "dist_to_outlet_m": 3143.2359849759027, "observable": true, "access": false}}, {"type": "Feature", "geometry": {"type": "Point", "coordinates": [10.8224905, 59.9417563]}, "properties": {"role": "node", "id": "1368226258", "dist_to_outlet_m": 3074.4677400465, "observable": true, "access": false}}, {"type": "Feature", "geometry": {"type": "Point", "coordinates": [10.8227339, 59.9405038]}, "properties": {"role": "node", "id": "1368225961", "dist_to_outlet_m": 2930.430758195836, "observable": true, "access": false}}, {"type": "Feature", "geometry": {"type": "Point", "coordinates": [10.8148407, 59.9352313]}, "properties": {"role": "node", "id": "13342730974", "dist_to_outlet_m": 2102.496245256365, "observable": true, "access": false}}, {"type": "Feature", "geometry": {"type": "Point", "coordinates": [10.8210474, 59.9375699]}, "properties": {"role": "node", "id": "1368266176", "dist_to_outlet_m": 2568.5617777595207, "observable": true, "access": false}}, {"type": "Feature", "geometry": {"type": "Point", "coordinates": [10.8228019, 59.9412572]}, "properties": {"role": "node", "id": "1368226157", "dist_to_outlet_m": 3016.1002465202905, "observable": true, "access": false}}, {"type": "Feature", "geometry": {"type": "Point", "coordinates": [10.796582, 59.9244372]}, "properties": {"role": "node", "id": "3752017048", "dist_to_outlet_m": 65.22722517327726, "observable": true, "access": false}}, {"type": "Feature", "geometry": {"type": "Point", "coordinates": [10.8213704, 59.9392646]}, "properties": {"role": "node", "id": "2519314930", "dist_to_outlet_m": 2768.574897202893, "observable": true, "access": false}}, {"type": "Feature", "geometry": {"type": "Point", "coordinates": [10.8201891, 59.9473437]}, "properties": {"role": "node", "id": "853132905", "dist_to_outlet_m": 3812.28410277636, "observable": false, "access": false}}, {"type": "Feature", "geometry": {"type": "Point", "coordinates": [10.8211867, 59.9432657]}, "properties": {"role": "node", "id": "1368227317", "dist_to_outlet_m": 3315.1603026250923, "observable": true, "access": true}}, {"type": "Feature", "geometry": {"type": "Point", "coordinates": [10.8212222, 59.9453249]}, "properties": {"role": "node", "id": "8177340757", "dist_to_outlet_m": 3556.4646279369254, "observable": true, "access": false}}, {"type": "Feature", "geometry": {"type": "Point", "coordinates": [10.82196, 59.9420879]}, "properties": {"role": "node", "id": "1368226398", "dist_to_outlet_m": 3139.7983629460678, "observable": true, "access": false}}, {"type": "Feature", "geometry": {"type": "Point", "coordinates": [10.8147739, 59.9319842]}, "properties": {"role": "node", "id": "1414539750", "dist_to_outlet_m": 1695.4727204821195, "observable": false, "access": false}}, {"type": "Feature", "geometry": {"type": "Point", "coordinates": [10.8216325, 59.9453509]}, "properties": {"role": "node", "id": "13342730986", "dist_to_outlet_m": 3583.686281551555, "observable": true, "access": false}}, {"type": "Feature", "geometry": {"type": "Point", "coordinates": [10.814879, 59.9352454]}, "properties": {"role": "node", "id": "13342730973", "dist_to_outlet_m": 2105.1439207593876, "observable": true, "access": true}}, {"type": "Feature", "geometry": {"type": "Point", "coordinates": [10.8149683, 59.9320467]}, "properties": {"role": "node", "id": "1448495888", "dist_to_outlet_m": 1708.3598219840128, "observable": false, "access": false}}, {"type": "Feature", "geometry": {"type": "Point", "coordinates": [10.7997055, 59.9253595]}, "properties": {"role": "node", "id": "13342644989", "dist_to_outlet_m": 278.4865583716731, "observable": true, "access": false}}, {"type": "Feature", "geometry": {"type": "Point", "coordinates": [10.8149433, 59.9326335]}, "properties": {"role": "node", "id": "1414539755", "dist_to_outlet_m": 1774.5240646529753, "observable": true, "access": false}}, {"type": "Feature", "geometry": {"type": "Point", "coordinates": [10.7988665, 59.9251926]}, "properties": {"role": "node", "id": "6577195912", "dist_to_outlet_m": 227.47621112436005, "observable": true, "access": true}}, {"type": "Feature", "geometry": {"type": "Point", "coordinates": [10.8227149, 59.9413387]}, "properties": {"role": "node", "id": "1368226173", "dist_to_outlet_m": 3026.376739307264, "observable": true, "access": false}}, {"type": "Feature", "geometry": {"type": "Point", "coordinates": [10.8168111, 59.9360665]}, "properties": {"role": "node", "id": "1371653274", "dist_to_outlet_m": 2269.3898001872426, "observable": true, "access": true}}, {"type": "Feature", "geometry": {"type": "Point", "coordinates": [10.8214876, 59.9420918]}, "properties": {"role": "node", "id": "1368226338", "dist_to_outlet_m": 3167.6774530628227, "observable": true, "access": false}}, {"type": "Feature", "geometry": {"type": "Point", "coordinates": [10.8206938, 59.9465281]}, "properties": {"role": "node", "id": "853132920", "dist_to_outlet_m": 3715.9460584108697, "observable": true, "access": false}}, {"type": "Feature", "geometry": {"type": "Point", "coordinates": [10.8207478, 59.9438422]}, "properties": {"role": "node", "id": "853132940", "dist_to_outlet_m": 3384.5700446429605, "observable": true, "access": false}}, {"type": "Feature", "geometry": {"type": "Point", "coordinates": [10.8133706, 59.929134]}, "properties": {"role": "node", "id": "1348758280", "dist_to_outlet_m": 1324.5198897772987, "observable": true, "access": false}}, {"type": "Feature", "geometry": {"type": "Point", "coordinates": [10.8225138, 59.9417065]}, "properties": {"role": "node", "id": "1368226252", "dist_to_outlet_m": 3068.7802082231747, "observable": true, "access": false}}, {"type": "Feature", "geometry": {"type": "Point", "coordinates": [10.8147881, 59.9350232]}, "properties": {"role": "node", "id": "11667206224", "dist_to_outlet_m": 2078.170986076838, "observable": true, "access": false}}, {"type": "Feature", "geometry": {"type": "Point", "coordinates": [10.8150356, 59.9323863]}, "properties": {"role": "node", "id": "8026254385", "dist_to_outlet_m": 1746.479649224989, "observable": true, "access": false}}, {"type": "Feature", "geometry": {"type": "Point", "coordinates": [10.8207407, 59.9441398]}, "properties": {"role": "node", "id": "10607109799", "dist_to_outlet_m": 3418.413592705415, "observable": true, "access": true}}, {"type": "Feature", "geometry": {"type": "Point", "coordinates": [10.7989577, 59.9252269]}, "properties": {"role": "node", "id": "6577195913", "dist_to_outlet_m": 233.8301616290655, "observable": true, "access": false}}, {"type": "Feature", "geometry": {"type": "Point", "coordinates": [10.8180178, 59.9365927]}, "properties": {"role": "node", "id": "1371653404", "dist_to_outlet_m": 2358.506821535994, "observable": true, "access": false}}, {"type": "Feature", "geometry": {"type": "Point", "coordinates": [10.8166486, 59.9358468]}, "properties": {"role": "node", "id": "1371653225", "dist_to_outlet_m": 2240.511360542475, "observable": true, "access": false}}, {"type": "Feature", "geometry": {"type": "Point", "coordinates": [10.8141122, 59.9292794]}, "properties": {"role": "node", "id": "1348758296", "dist_to_outlet_m": 1369.7362963604087, "observable": true, "access": false}}, {"type": "Feature", "geometry": {"type": "Point", "coordinates": [10.8210505, 59.9451097]}, "properties": {"role": "node", "id": "853132952", "dist_to_outlet_m": 3530.67646542001, "observable": true, "access": true}}, {"type": "Feature", "geometry": {"type": "Point", "coordinates": [10.8212528, 59.9453586]}, "properties": {"role": "node", "id": "853132946", "dist_to_outlet_m": 3560.5811746888767, "observable": true, "access": false}}, {"type": "Feature", "geometry": {"type": "Point", "coordinates": [10.8211924, 59.9431907]}, "properties": {"role": "node", "id": "1368227251", "dist_to_outlet_m": 3306.814643430351, "observable": true, "access": false}}, {"type": "Feature", "geometry": {"type": "Point", "coordinates": [10.8151376, 59.9333074]}, "properties": {"role": "node", "id": "1414539761", "dist_to_outlet_m": 1856.6015711577552, "observable": true, "access": false}}, {"type": "Feature", "geometry": {"type": "Point", "coordinates": [10.8150328, 59.9323161]}, "properties": {"role": "node", "id": "1414539754", "dist_to_outlet_m": 1738.617415489597, "observable": true, "access": false}}, {"type": "Feature", "geometry": {"type": "Point", "coordinates": [10.798611, 59.9251193]}, "properties": {"role": "node", "id": "6577195911", "dist_to_outlet_m": 211.03651091989005, "observable": true, "access": false}}, {"type": "Feature", "geometry": {"type": "Point", "coordinates": [10.8228628, 59.9411609]}, "properties": {"role": "node", "id": "1368226145", "dist_to_outlet_m": 3004.867802961781, "observable": true, "access": false}}, {"type": "Feature", "geometry": {"type": "Point", "coordinates": [10.8216222, 59.9455126]}, "properties": {"role": "node", "id": "13342730982", "dist_to_outlet_m": 3604.4748590905187, "observable": true, "access": false}}, {"type": "Feature", "geometry": {"type": "Point", "coordinates": [10.8134574, 59.9291798]}, "properties": {"role": "node", "id": "1348758300", "dist_to_outlet_m": 1331.5430385989905, "observable": true, "access": false}}, {"type": "Feature", "geometry": {"type": "Point", "coordinates": [10.8207974, 59.9446302]}, "properties": {"role": "node", "id": "853132924", "dist_to_outlet_m": 3473.8114565678256, "observable": true, "access": false}}, {"type": "Feature", "geometry": {"type": "Point", "coordinates": [10.8211079, 59.9451932]}, "properties": {"role": "node", "id": "853132907", "dist_to_outlet_m": 3540.496100018451, "observable": true, "access": false}}, {"type": "Feature", "geometry": {"type": "Point", "coordinates": [10.7966168, 59.9246274]}, "properties": {"role": "node", "id": "6577117910", "dist_to_outlet_m": 86.48933786445424, "observable": true, "access": false}}, {"type": "Feature", "geometry": {"type": "Point", "coordinates": [10.8143894, 59.9334967]}, "properties": {"role": "node", "id": "11667206233", "dist_to_outlet_m": 1906.382229055246, "observable": true, "access": false}}, {"type": "Feature", "geometry": {"type": "Point", "coordinates": [10.8145647, 59.929426]}, "properties": {"role": "node", "id": "1348758275", "dist_to_outlet_m": 1403.269011039588, "observable": true, "access": false}}, {"type": "Feature", "geometry": {"type": "Point", "coordinates": [10.8218997, 59.9398662]}, "properties": {"role": "node", "id": "2519314960", "dist_to_outlet_m": 2844.6782882760326, "observable": true, "access": false}}, {"type": "Feature", "geometry": {"type": "Point", "coordinates": [10.8211422, 59.9422338]}, "properties": {"role": "node", "id": "1368226433", "dist_to_outlet_m": 3192.588810416126, "observable": true, "access": false}}, {"type": "Feature", "geometry": {"type": "Point", "coordinates": [10.8213779, 59.9382163]}, "properties": {"role": "node", "id": "2519314841", "dist_to_outlet_m": 2643.487827225433, "observable": true, "access": true}}, {"type": "Feature", "geometry": {"type": "Point", "coordinates": [10.8210014, 59.9450164]}, "properties": {"role": "node", "id": "853132892", "dist_to_outlet_m": 3519.947684483799, "observable": true, "access": false}}, {"type": "Feature", "geometry": {"type": "Point", "coordinates": [10.7984367, 59.9250696]}, "properties": {"role": "node", "id": "6577195910", "dist_to_outlet_m": 199.86176095337925, "observable": true, "access": false}}, {"type": "Feature", "geometry": {"type": "Point", "coordinates": [10.8214611, 59.9453798]}, "properties": {"role": "node", "id": "853132935", "dist_to_outlet_m": 3572.4239412363345, "observable": true, "access": false}}, {"type": "Feature", "geometry": {"type": "Point", "coordinates": [10.8143572, 59.9293908]}, "properties": {"role": "node", "id": "1348758277", "dist_to_outlet_m": 1390.9687016051048, "observable": true, "access": false}}, {"type": "Feature", "geometry": {"type": "Point", "coordinates": [10.8002448, 59.9254348]}, "properties": {"role": "node", "id": "12542502740", "dist_to_outlet_m": 315.9457943858281, "observable": true, "access": false}}, {"type": "Feature", "geometry": {"type": "Point", "coordinates": [10.821578, 59.9390398]}, "properties": {"role": "node", "id": "7472025705", "dist_to_outlet_m": 2740.3907788055726, "observable": true, "access": false}}, {"type": "Feature", "geometry": {"type": "Point", "coordinates": [10.8227424, 59.940848]}, "properties": {"role": "node", "id": "1368226048", "dist_to_outlet_m": 2968.846462212925, "observable": true, "access": true}}, {"type": "Feature", "geometry": {"type": "Point", "coordinates": [10.815061, 59.9333957]}, "properties": {"role": "node", "id": "13342772128", "dist_to_outlet_m": 1867.3073358246404, "observable": true, "access": false}}, {"type": "Feature", "geometry": {"type": "Point", "coordinates": [10.816494, 59.9357493]}, "properties": {"role": "node", "id": "1371653192", "dist_to_outlet_m": 2223.0405630586106, "observable": true, "access": false}}, {"type": "Feature", "geometry": {"type": "Point", "coordinates": [10.8151951, 59.9330011]}, "properties": {"role": "node", "id": "8026254389", "dist_to_outlet_m": 1820.276877766388, "observable": true, "access": false}}, {"type": "Feature", "geometry": {"type": "Point", "coordinates": [10.814853, 59.9351462]}, "properties": {"role": "node", "id": "11667206228", "dist_to_outlet_m": 2092.916017025556, "observable": true, "access": false}}, {"type": "Feature", "geometry": {"type": "Point", "coordinates": [10.8215506, 59.945541]}, "properties": {"role": "node", "id": "853132862", "dist_to_outlet_m": 3591.3285303020875, "observable": true, "access": false}}, {"type": "Feature", "geometry": {"type": "Point", "coordinates": [10.8217763, 59.9421067]}, "properties": {"role": "node", "id": "1368226342", "dist_to_outlet_m": 3150.704781665961, "observable": true, "access": false}}, {"type": "Feature", "geometry": {"type": "Point", "coordinates": [10.8163335, 59.9357916]}, "properties": {"role": "node", "id": "1450768051", "dist_to_outlet_m": 2210.192511853098, "observable": true, "access": false}}, {"type": "Feature", "geometry": {"type": "Point", "coordinates": [10.8146541, 59.9294464]}, "properties": {"role": "node", "id": "8174132238", "dist_to_outlet_m": 1408.7422196976095, "observable": true, "access": false}}, {"type": "Feature", "geometry": {"type": "Point", "coordinates": [10.8209856, 59.9463365]}, "properties": {"role": "node", "id": "13342730979", "dist_to_outlet_m": 3688.810556560372, "observable": true, "access": false}}, {"type": "Feature", "geometry": {"type": "Point", "coordinates": [10.8208247, 59.9436218]}, "properties": {"role": "node", "id": "853132921", "dist_to_outlet_m": 3359.6908549231885, "observable": true, "access": false}}, {"type": "Feature", "geometry": {"type": "Point", "coordinates": [10.8212636, 59.937998]}, "properties": {"role": "node", "id": "2519314819", "dist_to_outlet_m": 2617.6640276101193, "observable": true, "access": false}}, {"type": "Feature", "geometry": {"type": "Point", "coordinates": [10.8166826, 59.9359823]}, "properties": {"role": "node", "id": "1371653254", "dist_to_outlet_m": 2257.60435488817, "observable": true, "access": false}}, {"type": "Feature", "geometry": {"type": "Point", "coordinates": [10.8209989, 59.9449464]}, "properties": {"role": "node", "id": "853132894", "dist_to_outlet_m": 3512.1627945733685, "observable": true, "access": false}}, {"type": "Feature", "geometry": {"type": "Point", "coordinates": [10.8164427, 59.9358017]}, "properties": {"role": "node", "id": "1450768054", "dist_to_outlet_m": 2216.5508944098897, "observable": true, "access": false}}, {"type": "Feature", "geometry": {"type": "Point", "coordinates": [10.8158874, 59.9355236]}, "properties": {"role": "node", "id": "1371653164", "dist_to_outlet_m": 2169.9537116602087, "observable": true, "access": false}}, {"type": "Feature", "geometry": {"type": "Point", "coordinates": [10.8148892, 59.9320176]}, "properties": {"role": "node", "id": "1414539751", "dist_to_outlet_m": 1702.8926435378953, "observable": false, "access": false}}, {"type": "Feature", "geometry": {"type": "Point", "coordinates": [10.8151887, 59.932878]}, "properties": {"role": "node", "id": "1414539759", "dist_to_outlet_m": 1806.5841394794218, "observable": true, "access": false}}, {"type": "Feature", "geometry": {"type": "Point", "coordinates": [10.8148301, 59.9298891]}, "properties": {"role": "node", "id": "8257408571", "dist_to_outlet_m": 1461.7969459319363, "observable": true, "access": false}}, {"type": "Feature", "geometry": {"type": "Point", "coordinates": [10.8227128, 59.9405906]}, "properties": {"role": "node", "id": "1368225980", "dist_to_outlet_m": 2940.1537628928945, "observable": true, "access": false}}, {"type": "Feature", "geometry": {"type": "Point", "coordinates": [10.8206973, 59.9439882]}, "properties": {"role": "node", "id": "13342730976", "dist_to_outlet_m": 3401.0573647020246, "observable": true, "access": false}}, {"type": "Feature", "geometry": {"type": "Point", "coordinates": [10.8151587, 59.9328527]}, "properties": {"role": "node", "id": "1414539758", "dist_to_outlet_m": 1803.3119014145161, "observable": true, "access": false}}, {"type": "Feature", "geometry": {"type": "Point", "coordinates": [10.7967462, 59.9246774]}, "properties": {"role": "node", "id": "6577117909", "dist_to_outlet_m": 96.00665496587713, "observable": true, "access": false}}, {"type": "Feature", "geometry": {"type": "Point", "coordinates": [10.8157968, 59.9355237]}, "properties": {"role": "node", "id": "1371653162", "dist_to_outlet_m": 2164.9067544573563, "observable": true, "access": false}}, {"type": "Feature", "geometry": {"type": "Point", "coordinates": [10.8005199, 59.9256475]}, "properties": {"role": "node", "id": "9544698628", "dist_to_outlet_m": 376.8354082994126, "observable": true, "access": true}}, {"type": "Feature", "geometry": {"type": "Point", "coordinates": [10.8216777, 59.9454815]}, "properties": {"role": "node", "id": "13342730984", "dist_to_outlet_m": 3598.440141331832, "observable": true, "access": false}}, {"type": "Feature", "geometry": {"type": "Point", "coordinates": [10.8151936, 59.9332218]}, "properties": {"role": "node", "id": "1414539760", "dist_to_outlet_m": 1846.5850587036464, "observable": true, "access": false}}, {"type": "Feature", "geometry": {"type": "Point", "coordinates": [10.80041, 59.9255022]}, "properties": {"role": "node", "id": "12542502736", "dist_to_outlet_m": 359.5571372253326, "observable": true, "access": false}}, {"type": "Feature", "geometry": {"type": "Point", "coordinates": [10.8225131, 59.9419842]}, "properties": {"role": "node", "id": "1368226312", "dist_to_outlet_m": 3099.8404215415912, "observable": true, "access": false}}, {"type": "Feature", "geometry": {"type": "Point", "coordinates": [10.8161332, 59.9356227]}, "properties": {"role": "node", "id": "1371653176", "dist_to_outlet_m": 2188.0120132191882, "observable": true, "access": false}}, {"type": "Feature", "geometry": {"type": "Point", "coordinates": [10.8228057, 59.9409795]}, "properties": {"role": "node", "id": "1368226068", "dist_to_outlet_m": 2983.8876274108748, "observable": true, "access": false}}, {"type": "Feature", "geometry": {"type": "Point", "coordinates": [10.8213248, 59.9453312]}, "properties": {"role": "node", "id": "13342730989", "dist_to_outlet_m": 3563.927102153697, "observable": true, "access": false}}, {"type": "Feature", "geometry": {"type": "Point", "coordinates": [10.820688, 59.9467449]}, "properties": {"role": "node", "id": "853132939", "dist_to_outlet_m": 3740.0552820817784, "observable": true, "access": false}}, {"type": "Feature", "geometry": {"type": "Point", "coordinates": [10.8225626, 59.9403551]}, "properties": {"role": "node", "id": "1368225913", "dist_to_outlet_m": 2911.1257428974136, "observable": true, "access": false}}, {"type": "Feature", "geometry": {"type": "Point", "coordinates": [10.8135507, 59.929201]}, "properties": {"role": "node", "id": "8174132239", "dist_to_outlet_m": 1337.2509091829063, "observable": true, "access": false}}, {"type": "Feature", "geometry": {"type": "Point", "coordinates": [10.8209845, 59.9373754]}, "properties": {"role": "node", "id": "2519314742", "dist_to_outlet_m": 2546.2486006378426, "observable": true, "access": false}}, {"type": "Feature", "geometry": {"type": "Point", "coordinates": [10.7966745, 59.9238525]}, "properties": {"role": "node", "id": "6577195790", "dist_to_outlet_m": 0.0, "observable": true, "access": false}}, {"type": "Feature", "geometry": {"type": "Point", "coordinates": [10.8215892, 59.9453161]}, "properties": {"role": "node", "id": "13342730987", "dist_to_outlet_m": 3579.1268657580504, "observable": true, "access": false}}, {"type": "Feature", "geometry": {"type": "Point", "coordinates": [10.7995956, 59.9253442]}, "properties": {"role": "node", "id": "9544698629", "dist_to_outlet_m": 272.13069057205877, "observable": true, "access": false}}, {"type": "Feature", "geometry": {"type": "Point", "coordinates": [10.8222283, 59.9421338]}, "properties": {"role": "node", "id": "1368226388", "dist_to_outlet_m": 3123.712312579071, "observable": true, "access": false}}, {"type": "Feature", "geometry": {"type": "Point", "coordinates": [10.8152065, 59.9330811]}, "properties": {"role": "node", "id": "8026254388", "dist_to_outlet_m": 1829.195114074143, "observable": true, "access": false}}, {"type": "Feature", "geometry": {"type": "Point", "coordinates": [10.7966141, 59.9242718]}, "properties": {"role": "node", "id": "6577117912", "dist_to_outlet_m": 46.748802364827256, "observable": true, "access": false}}, {"type": "Feature", "geometry": {"type": "Point", "coordinates": [10.8148476, 59.9351693]}, "properties": {"role": "node", "id": "11667206229", "dist_to_outlet_m": 2095.502174368054, "observable": true, "access": false}}, {"type": "Feature", "geometry": {"type": "Point", "coordinates": [10.8148422, 59.9297598]}, "properties": {"role": "node", "id": "1348758281", "dist_to_outlet_m": 1447.4036451308125, "observable": true, "access": false}}, {"type": "Feature", "geometry": {"type": "Point", "coordinates": [10.821666, 59.9385263]}, "properties": {"role": "node", "id": "7472025699", "dist_to_outlet_m": 2682.3900965495077, "observable": true, "access": false}}, {"type": "Feature", "geometry": {"type": "Point", "coordinates": [10.8182031, 59.9366909]}, "properties": {"role": "node", "id": "1371653413", "dist_to_outlet_m": 2373.532612063923, "observable": true, "access": true}}, {"type": "Feature", "geometry": {"type": "Point", "coordinates": [10.8210529, 59.9374681]}, "properties": {"role": "node", "id": "2519314754", "dist_to_outlet_m": 2557.2379891595624, "observable": true, "access": false}}, {"type": "Feature", "geometry": {"type": "Point", "coordinates": [10.8209913, 59.9425133]}, "properties": {"role": "node", "id": "1368226529", "dist_to_outlet_m": 3228.6451028771817, "observable": true, "access": false}}, {"type": "Feature", "geometry": {"type": "Point", "coordinates": [10.8214305, 59.9453101]}, "properties": {"role": "node", "id": "13342730988", "dist_to_outlet_m": 3570.2638193711527, "observable": true, "access": false}}, {"type": "Feature", "geometry": {"type": "Point", "coordinates": [10.8208252, 59.9442549]}, "properties": {"role": "node", "id": "13342730977", "dist_to_outlet_m": 3432.0498715288327, "observable": true, "access": false}}, {"type": "Feature", "geometry": {"type": "Point", "coordinates": [10.8162495, 59.9357008]}, "properties": {"role": "node", "id": "1371653187", "dist_to_outlet_m": 2199.0644064806306, "observable": true, "access": false}}, {"type": "Feature", "geometry": {"type": "Point", "coordinates": [10.8148546, 59.9351949]}, "properties": {"role": "node", "id": "11667206230", "dist_to_outlet_m": 2098.375348935128, "observable": true, "access": false}}, {"type": "Feature", "geometry": {"type": "Point", "coordinates": [10.8214285, 59.9421123]}, "properties": {"role": "node", "id": "1368226366", "dist_to_outlet_m": 3171.6812594173675, "observable": true, "access": false}}, {"type": "Feature", "geometry": {"type": "Point", "coordinates": [10.821568, 59.942078]}, "properties": {"role": "node", "id": "1368226332", "dist_to_outlet_m": 3162.9439672679514, "observable": true, "access": false}}, {"type": "Feature", "geometry": {"type": "Point", "coordinates": [10.8228399, 59.9410279]}, "properties": {"role": "node", "id": "1368226074", "dist_to_outlet_m": 2989.5966110409736, "observable": true, "access": false}}, {"type": "Feature", "geometry": {"type": "Point", "coordinates": [10.8227191, 59.9407358]}, "properties": {"role": "node", "id": "1368226017", "dist_to_outlet_m": 2956.303078780925, "observable": true, "access": false}}, {"type": "Feature", "geometry": {"type": "Point", "coordinates": [10.8165276, 59.9357334]}, "properties": {"role": "node", "id": "7471961024", "dist_to_outlet_m": 2225.6152652771684, "observable": true, "access": false}}, {"type": "Feature", "geometry": {"type": "Point", "coordinates": [10.8207352, 59.9438938]}, "properties": {"role": "node", "id": "13342730975", "dist_to_outlet_m": 3390.350453599324, "observable": true, "access": false}}, {"type": "Feature", "geometry": {"type": "Point", "coordinates": [10.8000293, 59.9255285]}, "properties": {"role": "node", "id": "12542502739", "dist_to_outlet_m": 331.8439857766508, "observable": true, "access": false}}, {"type": "Feature", "geometry": {"type": "Point", "coordinates": [10.8149645, 59.9325254]}, "properties": {"role": "node", "id": "8026254386", "dist_to_outlet_m": 1762.446008292849, "observable": true, "access": false}}, {"type": "Feature", "geometry": {"type": "Point", "coordinates": [10.8216146, 59.9397278]}, "properties": {"role": "node", "id": "2519314951", "dist_to_outlet_m": 2822.043495791787, "observable": true, "access": false}}, {"type": "Feature", "geometry": {"type": "Point", "coordinates": [10.8166165, 59.9359314]}, "properties": {"role": "node", "id": "1371653249", "dist_to_outlet_m": 2250.852208643479, "observable": true, "access": false}}, {"type": "Feature", "geometry": {"type": "Point", "coordinates": [10.8213369, 59.9453688]}, "properties": {"role": "node", "id": "8177340758", "dist_to_outlet_m": 3565.400017759921, "observable": true, "access": false}}, {"type": "Feature", "geometry": {"type": "Point", "coordinates": [10.8216755, 59.9397855]}, "properties": {"role": "node", "id": "2519314956", "dist_to_outlet_m": 2829.300932092531, "observable": true, "access": false}}, {"type": "Feature", "geometry": {"type": "Point", "coordinates": [10.8216522, 59.9389581]}, "properties": {"role": "node", "id": "2519314906", "dist_to_outlet_m": 2730.410218339545, "observable": true, "access": false}}, {"type": "Feature", "geometry": {"type": "Point", "coordinates": [10.8149508, 59.9327089]}, "properties": {"role": "node", "id": "1414539756", "dist_to_outlet_m": 1782.9185671253679, "observable": true, "access": false}}, {"type": "Feature", "geometry": {"type": "Point", "coordinates": [10.8216712, 59.945511]}, "properties": {"role": "node", "id": "13342730983", "dist_to_outlet_m": 3601.74030358776, "observable": true, "access": false}}, {"type": "Feature", "geometry": {"type": "Point", "coordinates": [10.8115018, 59.9269568]}, "properties": {"role": "node", "id": "13342730971", "dist_to_outlet_m": 1060.9831216238745, "observable": false, "access": false}}, {"type": "Feature", "geometry": {"type": "Point", "coordinates": [10.7999484, 59.9252993]}, "properties": {"role": "node", "id": "13342644988", "dist_to_outlet_m": 293.5864785804769, "observable": true, "access": false}}, {"type": "Feature", "geometry": {"type": "Point", "coordinates": [10.821029, 59.9462478]}, "properties": {"role": "node", "id": "853132958", "dist_to_outlet_m": 3678.6557686068427, "observable": true, "access": false}}, {"type": "Feature", "geometry": {"type": "Point", "coordinates": [10.8152595, 59.9331076]}, "properties": {"role": "node", "id": "8026254387", "dist_to_outlet_m": 1833.3665433867977, "observable": true, "access": false}}, {"type": "Feature", "geometry": {"type": "Point", "coordinates": [10.8220324, 59.9399333]}, "properties": {"role": "node", "id": "2519314969", "dist_to_outlet_m": 2855.1806115525137, "observable": true, "access": false}}, {"type": "Feature", "geometry": {"type": "Point", "coordinates": [10.8211563, 59.9428154]}, "properties": {"role": "node", "id": "1368226772", "dist_to_outlet_m": 3263.505660398469, "observable": true, "access": false}}, {"type": "Feature", "geometry": {"type": "Point", "coordinates": [10.8221439, 59.9399894]}, "properties": {"role": "node", "id": "2519314974", "dist_to_outlet_m": 2863.982981591993, "observable": true, "access": true}}, {"type": "Feature", "geometry": {"type": "Point", "coordinates": [10.8211781, 59.9452756]}, "properties": {"role": "node", "id": "853132955", "dist_to_outlet_m": 3550.4577329585663, "observable": true, "access": false}}, {"type": "Feature", "geometry": {"type": "Point", "coordinates": [10.8222341, 59.9401097]}, "properties": {"role": "node", "id": "2519314983", "dist_to_outlet_m": 2878.2720605054324, "observable": true, "access": false}}, {"type": "Feature", "geometry": {"type": "Point", "coordinates": [10.815002, 59.9327585]}, "properties": {"role": "node", "id": "8026254391", "dist_to_outlet_m": 1789.3183622237725, "observable": true, "access": false}}, {"type": "Feature", "geometry": {"type": "Point", "coordinates": [10.8144926, 59.9294202]}, "properties": {"role": "node", "id": "1348758259", "dist_to_outlet_m": 1399.2004436132322, "observable": true, "access": false}}, {"type": "Feature", "geometry": {"type": "Point", "coordinates": [10.8205842, 59.9469046]}, "properties": {"role": "node", "id": "853132864", "dist_to_outlet_m": 3758.730192609479, "observable": true, "access": true}}, {"type": "Feature", "geometry": {"type": "Point", "coordinates": [10.8149937, 59.9321095]}, "properties": {"role": "node", "id": "1414539752", "dist_to_outlet_m": 1715.4847993180524, "observable": false, "access": false}}, {"type": "Feature", "geometry": {"type": "Point", "coordinates": [10.8210558, 59.9426577]}, "properties": {"role": "node", "id": "1368226620", "dist_to_outlet_m": 3245.0985838710403, "observable": true, "access": false}}, {"type": "Feature", "geometry": {"type": "Point", "coordinates": [10.8002244, 59.9254266]}, "properties": {"role": "node", "id": "12542502735", "dist_to_outlet_m": 314.4885492921023, "observable": true, "access": false}}, {"type": "Feature", "geometry": {"type": "Point", "coordinates": [10.8033064, 59.9249267]}, "properties": {"role": "node", "id": "13342730972", "dist_to_outlet_m": 551.5733167778905, "observable": false, "access": false}}, {"type": "Feature", "geometry": {"type": "Point", "coordinates": [10.8142706, 59.9293033]}, "properties": {"role": "node", "id": "1348758287", "dist_to_outlet_m": 1378.9534223593303, "observable": true, "access": false}}, {"type": "Feature", "geometry": {"type": "Point", "coordinates": [10.8165682, 59.9357431]}, "properties": {"role": "node", "id": "1371653206", "dist_to_outlet_m": 2228.12093411792, "observable": true, "access": false}}, {"type": "Feature", "geometry": {"type": "Point", "coordinates": [10.8207312, 59.937296]}, "properties": {"role": "node", "id": "2519314739", "dist_to_outlet_m": 2529.604464964021, "observable": true, "access": true}}, {"type": "Feature", "geometry": {"type": "Point", "coordinates": [10.8137179, 59.9292232]}, "properties": {"role": "node", "id": "1348758269", "dist_to_outlet_m": 1346.888201701171, "observable": true, "access": false}}, {"type": "Feature", "geometry": {"type": "Point", "coordinates": [10.8212739, 59.9429988]}, "properties": {"role": "node", "id": "1368227029", "dist_to_outlet_m": 3284.924742105546, "observable": true, "access": false}}, {"type": "Feature", "geometry": {"type": "Point", "coordinates": [10.8161945, 59.9356478]}, "properties": {"role": "node", "id": "1371653177", "dist_to_outlet_m": 2192.42224935856, "observable": true, "access": false}}, {"type": "Feature", "geometry": {"type": "Point", "coordinates": [10.8149601, 59.9327329]}, "properties": {"role": "node", "id": "1414539757", "dist_to_outlet_m": 1785.6370739020463, "observable": true, "access": false}}, {"type": "Feature", "geometry": {"type": "Point", "coordinates": [10.8166054, 59.9358715]}, "properties": {"role": "node", "id": "1371653236", "dist_to_outlet_m": 2244.16299324147, "observable": true, "access": false}}, {"type": "Feature", "geometry": {"type": "Point", "coordinates": [10.8220661, 59.942092]}, "properties": {"role": "node", "id": "1368226399", "dist_to_outlet_m": 3133.8715880380632, "observable": true, "access": false}}, {"type": "Feature", "geometry": {"type": "Point", "coordinates": [10.8213177, 59.9380605]}, "properties": {"role": "node", "id": "5433351433", "dist_to_outlet_m": 2625.2389209033054, "observable": true, "access": false}}, {"type": "Feature", "geometry": {"type": "Point", "coordinates": [10.8211309, 59.9433021]}, "properties": {"role": "node", "id": "1368227433", "dist_to_outlet_m": 3320.263217881681, "observable": true, "access": false}}, {"type": "Feature", "geometry": {"type": "Point", "coordinates": [10.8147345, 59.9349704]}, "properties": {"role": "node", "id": "11667206223", "dist_to_outlet_m": 2071.584242556524, "observable": true, "access": false}}, {"type": "Feature", "geometry": {"type": "Point", "coordinates": [10.8144458, 59.9335838]}, "properties": {"role": "node", "id": "11667206232", "dist_to_outlet_m": 1916.5642165119712, "observable": true, "access": false}}, {"type": "Feature", "geometry": {"type": "Point", "coordinates": [10.8139745, 59.9292624]}, "properties": {"role": "node", "id": "1348758279", "dist_to_outlet_m": 1361.8347189382637, "observable": true, "access": true}}, {"type": "Feature", "geometry": {"type": "Point", "coordinates": [10.8148464, 59.9350934]}, "properties": {"role": "node", "id": "11667206226", "dist_to_outlet_m": 2086.969166366082, "observable": true, "access": false}}, {"type": "Feature", "geometry": {"type": "Point", "coordinates": [10.7966054, 59.9246002]}, "properties": {"role": "node", "id": "6396859956", "dist_to_outlet_m": 83.39884256174552, "observable": true, "access": false}}, {"type": "Feature", "geometry": {"type": "Point", "coordinates": [10.8148742, 59.9296197]}, "properties": {"role": "node", "id": "1348758271", "dist_to_outlet_m": 1431.7235442828292, "observable": true, "access": false}}, {"type": "Feature", "geometry": {"type": "Point", "coordinates": [10.8213122, 59.938155]}, "properties": {"role": "node", "id": "2519314835", "dist_to_outlet_m": 2635.7513064505683, "observable": true, "access": false}}, {"type": "Feature", "geometry": {"type": "Point", "coordinates": [10.8143385, 59.9293224]}, "properties": {"role": "node", "id": "1348758261", "dist_to_outlet_m": 1383.2919371014386, "observable": true, "access": false}}, {"type": "Feature", "geometry": {"type": "Point", "coordinates": [10.821207, 59.9461396]}, "properties": {"role": "node", "id": "853132959", "dist_to_outlet_m": 3662.614953348478, "observable": true, "access": false}}, {"type": "Feature", "geometry": {"type": "Point", "coordinates": [10.8163896, 59.9358035]}, "properties": {"role": "node", "id": "7471961023", "dist_to_outlet_m": 2213.5861777130913, "observable": true, "access": false}}, {"type": "Feature", "geometry": {"type": "Point", "coordinates": [10.8214267, 59.9457087]}, "properties": {"role": "node", "id": "853132888", "dist_to_outlet_m": 3611.2115128347077, "observable": true, "access": false}}, {"type": "Feature", "geometry": {"type": "Point", "coordinates": [10.8215184, 59.9395848]}, "properties": {"role": "node", "id": "7472025707", "dist_to_outlet_m": 2805.2281515825052, "observable": true, "access": false}}, {"type": "Feature", "geometry": {"type": "Point", "coordinates": [10.7981906, 59.9250037]}, "properties": {"role": "node", "id": "6577195908", "dist_to_outlet_m": 184.29901399635241, "observable": true, "access": false}}, {"type": "Feature", "geometry": {"type": "Point", "coordinates": [10.821241, 59.9453456]}, "properties": {"role": "node", "id": "13342730990", "dist_to_outlet_m": 3558.993285144822, "observable": true, "access": false}}, {"type": "Feature", "geometry": {"type": "Point", "coordinates": [10.8216258, 59.9384231]}, "properties": {"role": "node", "id": "2519314853", "dist_to_outlet_m": 2670.6983564796396, "observable": true, "access": false}}, {"type": "Feature", "geometry": {"type": "Point", "coordinates": [10.8141977, 59.929292]}, "properties": {"role": "node", "id": "1348758274", "dist_to_outlet_m": 1374.701796159315, "observable": true, "access": false}}, {"type": "Feature", "geometry": {"type": "Point", "coordinates": [10.8224969, 59.9418273]}, "properties": {"role": "node", "id": "1368226277", "dist_to_outlet_m": 3082.37062254141, "observable": true, "access": true}}, {"type": "Feature", "geometry": {"type": "Point", "coordinates": [10.8149911, 59.9321632]}, "properties": {"role": "node", "id": "1414539753", "dist_to_outlet_m": 1721.4577235188422, "observable": true, "access": false}}, {"type": "Feature", "geometry": {"type": "Point", "coordinates": [10.820688, 59.9467449]}, "properties": {"role": "candidate", "id": "O1", "node_id": "853132939", "label": "O-1", "prior_weight": 1.0, "synthetic": true, "kind": "outfall"}}, {"type": "Feature", "geometry": {"type": "Point", "coordinates": [10.821029, 59.9462478]}, "properties": {"role": "candidate", "id": "O2", "node_id": "853132958", "label": "O-2", "prior_weight": 1.0, "synthetic": true, "kind": "outfall"}}, {"type": "Feature", "geometry": {"type": "Point", "coordinates": [10.8214305, 59.9453101]}, "properties": {"role": "candidate", "id": "O3", "node_id": "13342730988", "label": "O-3", "prior_weight": 1.0, "synthetic": true, "kind": "outfall"}}, {"type": "Feature", "geometry": {"type": "Point", "coordinates": [10.8210081, 59.9448616]}, "properties": {"role": "candidate", "id": "O4", "node_id": "853132866", "label": "O-4", "prior_weight": 1.0, "synthetic": true, "kind": "outfall"}}, {"type": "Feature", "geometry": {"type": "Point", "coordinates": [10.8208215, 59.9443398]}, "properties": {"role": "candidate", "id": "O5", "node_id": "853132889", "label": "O-5", "prior_weight": 1.0, "synthetic": true, "kind": "outfall"}}, {"type": "Feature", "geometry": {"type": "Point", "coordinates": [10.8217763, 59.9421067]}, "properties": {"role": "candidate", "id": "O6", "node_id": "1368226342", "label": "O-6", "prior_weight": 1.0, "synthetic": true, "kind": "outfall"}}, {"type": "Feature", "geometry": {"type": "Point", "coordinates": [10.8224969, 59.9418273]}, "properties": {"role": "candidate", "id": "O7", "node_id": "1368226277", "label": "O-7", "prior_weight": 1.0, "synthetic": true, "kind": "outfall"}}, {"type": "Feature", "geometry": {"type": "Point", "coordinates": [10.8228019, 59.9412572]}, "properties": {"role": "candidate", "id": "O8", "node_id": "1368226157", "label": "O-8", "prior_weight": 1.0, "synthetic": true, "kind": "outfall"}}, {"type": "Feature", "geometry": {"type": "Point", "coordinates": [10.8216755, 59.9397855]}, "properties": {"role": "candidate", "id": "O9", "node_id": "2519314956", "label": "O-9", "prior_weight": 1.0, "synthetic": true, "kind": "outfall"}}, {"type": "Feature", "geometry": {"type": "Point", "coordinates": [10.8214629, 59.9391244]}, "properties": {"role": "candidate", "id": "O10", "node_id": "2519314922", "label": "O-10", "prior_weight": 1.0, "synthetic": true, "kind": "outfall"}}, {"type": "Feature", "geometry": {"type": "Point", "coordinates": [10.8213177, 59.9380605]}, "properties": {"role": "candidate", "id": "O11", "node_id": "5433351433", "label": "O-11", "prior_weight": 1.0, "synthetic": true, "kind": "outfall"}}, {"type": "Feature", "geometry": {"type": "Point", "coordinates": [10.8164427, 59.9358017]}, "properties": {"role": "candidate", "id": "O12", "node_id": "1450768054", "label": "O-12", "prior_weight": 1.0, "synthetic": true, "kind": "outfall"}}, {"type": "Feature", "geometry": {"type": "Point", "coordinates": [10.8158874, 59.9355236]}, "properties": {"role": "candidate", "id": "O13", "node_id": "1371653164", "label": "O-13", "prior_weight": 1.0, "synthetic": true, "kind": "outfall"}}, {"type": "Feature", "geometry": {"type": "Point", "coordinates": [10.8148476, 59.9351693]}, "properties": {"role": "candidate", "id": "O14", "node_id": "11667206229", "label": "O-14", "prior_weight": 1.0, "synthetic": true, "kind": "outfall"}}, {"type": "Feature", "geometry": {"type": "Point", "coordinates": [10.8143894, 59.9334967]}, "properties": {"role": "candidate", "id": "O15", "node_id": "11667206233", "label": "O-15", "prior_weight": 1.0, "synthetic": true, "kind": "outfall"}}, {"type": "Feature", "geometry": {"type": "Point", "coordinates": [10.8149911, 59.9321632]}, "properties": {"role": "candidate", "id": "O16", "node_id": "1414539753", "label": "O-16", "prior_weight": 1.0, "synthetic": true, "kind": "outfall"}}, {"type": "Feature", "geometry": {"type": "Point", "coordinates": [10.8146541, 59.9294464]}, "properties": {"role": "candidate", "id": "O17", "node_id": "8174132238", "label": "O-17", "prior_weight": 1.0, "synthetic": true, "kind": "outfall"}}, {"type": "Feature", "geometry": {"type": "Point", "coordinates": [10.8135507, 59.929201]}, "properties": {"role": "candidate", "id": "O18", "node_id": "8174132239", "label": "O-18", "prior_weight": 1.0, "synthetic": true, "kind": "outfall"}}, {"type": "Feature", "geometry": {"type": "Point", "coordinates": [10.7981906, 59.9250037]}, "properties": {"role": "candidate", "id": "O19", "node_id": "6577195908", "label": "O-19", "prior_weight": 1.0, "synthetic": true, "kind": "outfall"}}, {"type": "Feature", "geometry": {"type": "Point", "coordinates": [10.7966141, 59.9242718]}, "properties": {"role": "candidate", "id": "O20", "node_id": "6577117912", "label": "O-20", "prior_weight": 1.0, "synthetic": true, "kind": "outfall"}}, {"type": "Feature", "geometry": {"type": "Point", "coordinates": [10.795738, 59.9235573]}, "properties": {"role": "place", "id": "osm-n6392003823", "kind": "playground", "label": "playground", "node_id": "6577195790", "weight": 1.0}}, {"type": "Feature", "geometry": {"type": "Point", "coordinates": [10.816541, 59.9356599]}, "properties": {"role": "place", "id": "osm-n12189152802", "kind": "playground", "label": "playground", "node_id": "7471961024", "weight": 1.0}}, {"type": "Feature", "geometry": {"type": "Point", "coordinates": [10.8211542, 59.9387728]}, "properties": {"role": "place", "id": "osm-w81574141", "kind": "park", "label": "Bjerkedalen park", "node_id": "2519314906", "weight": 0.6}}, {"type": "Feature", "geometry": {"type": "Point", "coordinates": [10.8200294, 59.9478257]}, "properties": {"role": "place", "id": "osm-w119020757", "kind": "park", "label": "park", "node_id": "853132905", "weight": 0.6}}, {"type": "Feature", "geometry": {"type": "Point", "coordinates": [10.8221824, 59.9395807]}, "properties": {"role": "place", "id": "osm-w122440093", "kind": "playground", "label": "playground", "node_id": "2519314960", "weight": 1.0}}, {"type": "Feature", "geometry": {"type": "Point", "coordinates": [10.8224449, 59.9396036]}, "properties": {"role": "place", "id": "osm-w122440095", "kind": "kindergarten", "label": "Bjerkedalen barnehage", "node_id": "2519314960", "weight": 0.9}}, {"type": "Feature", "geometry": {"type": "Point", "coordinates": [10.8164974, 59.9358821]}, "properties": {"role": "place", "id": "osm-w122871119", "kind": "park", "label": "park", "node_id": "1371653236", "weight": 0.6}}, {"type": "Feature", "geometry": {"type": "Point", "coordinates": [10.8154664, 59.936283]}, "properties": {"role": "place", "id": "osm-w131432433", "kind": "playground", "label": "playground", "node_id": "1450768051", "weight": 1.0}}, {"type": "Feature", "geometry": {"type": "Point", "coordinates": [10.797656, 59.923994]}, "properties": {"role": "place", "id": "osm-w685596718", "kind": "kindergarten", "label": "Teglverket barnehage", "node_id": "6577195790", "weight": 0.9}}, {"type": "Feature", "geometry": {"type": "Point", "coordinates": [10.8152689, 59.9362481]}, "properties": {"role": "place", "id": "osm-w1101658862", "kind": "kindergarten", "label": "kindergarten", "node_id": "1450768051", "weight": 0.9}}]}